[24May2026 18:05:27.672] [main/INFO] [cpw.mods.modlauncher.Launcher/MODLAUNCHER]: ModLauncher running: args [--launchTarget, forgeclientdev, --version, 21.1.190, --assetIndex, 17, --assetsDir, C:\\Users\\nery\\.mcreator\\gradle\\caches\\neoformruntime\\assets, --gameDir, ., --fml.fmlVersion, 4.0.41, --fml.mcVersion, 1.21.1, --fml.neoForgeVersion, 21.1.190, --fml.neoFormVersion, 20240808.144430]
[24May2026 18:05:27.677] [main/INFO] [cpw.mods.modlauncher.Launcher/MODLAUNCHER]: JVM identified as JetBrains s.r.o. OpenJDK 64-Bit Server VM 21.0.10+1-b1163.105
[24May2026 18:05:27.679] [main/INFO] [cpw.mods.modlauncher.Launcher/MODLAUNCHER]: ModLauncher 11.0.5+main.901c6ea8 starting: java version 21.0.10 by JetBrains s.r.o.; OS Windows 11 arch amd64 version 10.0
[24May2026 18:05:27.694] [main/DEBUG] [cpw.mods.modlauncher.LaunchServiceHandler/MODLAUNCHER]: Found launch services [minecraft,forgeclient,forgedatauserdev,testharness,forgeserverdev,forgeserveruserdev,forgejunitdev,forgeclientdev,forgeclientuserdev,forgeserver,forgejunituserdev,forgedatadev]
[24May2026 18:05:27.713] [main/DEBUG] [cpw.mods.modlauncher.LaunchPluginHandler/MODLAUNCHER]: Found launch plugins: [mixin,slf4jfixer,runtime_enum_extender,accesstransformer,runtimedistcleaner]
[24May2026 18:05:27.727] [main/DEBUG] [cpw.mods.modlauncher.TransformationServicesHandler/MODLAUNCHER]: Discovering transformation services
[24May2026 18:05:27.732] [main/DEBUG] [net.neoforged.fml.loading.FMLPaths/CORE]: Path GAMEDIR is F:\user files\Documents\GitHub\minecraft_limonata\MCreatorWorkspaces\limonata\run
[24May2026 18:05:27.733] [main/DEBUG] [net.neoforged.fml.loading.FMLPaths/CORE]: Path MODSDIR is F:\user files\Documents\GitHub\minecraft_limonata\MCreatorWorkspaces\limonata\run\mods
[24May2026 18:05:27.733] [main/DEBUG] [net.neoforged.fml.loading.FMLPaths/CORE]: Path CONFIGDIR is F:\user files\Documents\GitHub\minecraft_limonata\MCreatorWorkspaces\limonata\run\config
[24May2026 18:05:27.733] [main/DEBUG] [net.neoforged.fml.loading.FMLPaths/CORE]: Path FMLCONFIG is F:\user files\Documents\GitHub\minecraft_limonata\MCreatorWorkspaces\limonata\run\config\fml.toml
[24May2026 18:05:27.795] [main/DEBUG] [net.neoforged.fml.loading.targets.CommonLaunchHandler/CORE]: Got mod coordinates mcreator%%F:\user files\Documents\GitHub\minecraft_limonata\MCreatorWorkspaces\limonata\build\classes\java\main;mcreator%%F:\user files\Documents\GitHub\minecraft_limonata\MCreatorWorkspaces\limonata\build\resources\main from env
[24May2026 18:05:27.797] [main/DEBUG] [net.neoforged.fml.loading.targets.CommonLaunchHandler/CORE]: Found supplied mod coordinates [{mcreator=[F:\user files\Documents\GitHub\minecraft_limonata\MCreatorWorkspaces\limonata\build\classes\java\main, F:\user files\Documents\GitHub\minecraft_limonata\MCreatorWorkspaces\limonata\build\resources\main]}]
[24May2026 18:05:27.799] [main/DEBUG] [cpw.mods.modlauncher.TransformationServicesHandler/MODLAUNCHER]: Found additional transformation services from discovery services: 
[24May2026 18:05:27.805] [main/INFO] [net.neoforged.fml.loading.ImmediateWindowHandler/]: Loading ImmediateWindowProvider fmlearlywindow
[24May2026 18:05:27.887] [main/INFO] [EARLYDISPLAY/]: Trying GL version 4.6
[24May2026 18:05:28.009] [main/INFO] [EARLYDISPLAY/]: Requested GL version 4.6 got version 4.6
[24May2026 18:05:28.065] [main/DEBUG] [cpw.mods.modlauncher.TransformationServicesHandler/MODLAUNCHER]: Found transformer services : [mixin,fml]
[24May2026 18:05:28.065] [main/DEBUG] [cpw.mods.modlauncher.TransformationServicesHandler/MODLAUNCHER]: Transformation services loading
[24May2026 18:05:28.066] [main/DEBUG] [cpw.mods.modlauncher.TransformationServiceDecorator/MODLAUNCHER]: Loading service mixin
[24May2026 18:05:28.066] [main/DEBUG] [cpw.mods.modlauncher.TransformationServiceDecorator/MODLAUNCHER]: Loaded service mixin
[24May2026 18:05:28.066] [main/DEBUG] [cpw.mods.modlauncher.TransformationServiceDecorator/MODLAUNCHER]: Loading service fml
[24May2026 18:05:28.067] [main/DEBUG] [net.neoforged.fml.loading.FMLLoader/CORE]: FML 4.0.41 loading
[24May2026 18:05:28.068] [main/DEBUG] [net.neoforged.fml.loading.FMLLoader/CORE]: FML found ModLauncher version : 11.0.5+main.901c6ea8
[24May2026 18:05:28.068] [main/DEBUG] [net.neoforged.fml.loading.FMLLoader/CORE]: FML found AccessTransformer version : 10.0.1+139da711
[24May2026 18:05:28.068] [main/DEBUG] [net.neoforged.fml.loading.FMLLoader/CORE]: FML found EventBus version : null
[24May2026 18:05:28.069] [main/DEBUG] [net.neoforged.fml.loading.FMLLoader/CORE]: Found Runtime Dist Cleaner
[24May2026 18:05:28.069] [main/DEBUG] [cpw.mods.modlauncher.TransformationServiceDecorator/MODLAUNCHER]: Loaded service fml
[24May2026 18:05:28.069] [main/DEBUG] [cpw.mods.modlauncher.TransformationServicesHandler/MODLAUNCHER]: Configuring option handling for services
[24May2026 18:05:28.081] [main/DEBUG] [net.neoforged.fml.loading.FMLServiceProvider/CORE]: Received command line version data  : VersionInfo[neoForgeVersion=21.1.190, fmlVersion=4.0.41, mcVersion=1.21.1, neoFormVersion=20240808.144430]
[24May2026 18:05:28.081] [main/DEBUG] [cpw.mods.modlauncher.TransformationServicesHandler/MODLAUNCHER]: Transformation services initializing
[24May2026 18:05:28.082] [main/DEBUG] [cpw.mods.modlauncher.TransformationServiceDecorator/MODLAUNCHER]: Initializing transformation service mixin
[24May2026 18:05:28.094] [main/DEBUG] [mixin/]: MixinService [ModLauncher] was successfully booted in cpw.mods.cl.ModuleClassLoader@6973b51b
[24May2026 18:05:28.105] [main/INFO] [mixin/]: SpongePowered MIXIN Subsystem Version=0.8.7 Source=union:/C:/Users/nery/.mcreator/gradle/caches/modules-2/files-2.1/net.fabricmc/sponge-mixin/0.15.2+mixin.0.8.7/2af2f021d8e02a0220dc27a7a72b4666d66d44ca/sponge-mixin-0.15.2+mixin.0.8.7.jar%23138!/ Service=ModLauncher Env=CLIENT
[24May2026 18:05:28.108] [main/DEBUG] [mixin/]: Initialising Mixin Platform Manager
[24May2026 18:05:28.108] [main/DEBUG] [mixin/]: Adding mixin platform agents for container ModLauncher Root Container(ModLauncher:4f56a0a2)
[24May2026 18:05:28.109] [main/DEBUG] [mixin/]: Instancing new MixinPlatformAgentMinecraftForge for ModLauncher Root Container(ModLauncher:4f56a0a2)
[24May2026 18:05:28.109] [main/DEBUG] [mixin/]: MixinPlatformAgentMinecraftForge rejected container ModLauncher Root Container(ModLauncher:4f56a0a2)
[24May2026 18:05:28.109] [main/DEBUG] [mixin/]: Instancing new MixinPlatformAgentDefault for ModLauncher Root Container(ModLauncher:4f56a0a2)
[24May2026 18:05:28.110] [main/DEBUG] [mixin/]: MixinPlatformAgentDefault accepted container ModLauncher Root Container(ModLauncher:4f56a0a2)
[24May2026 18:05:28.112] [main/DEBUG] [cpw.mods.modlauncher.TransformationServiceDecorator/MODLAUNCHER]: Initialized transformation service mixin
[24May2026 18:05:28.112] [main/DEBUG] [cpw.mods.modlauncher.TransformationServiceDecorator/MODLAUNCHER]: Initializing transformation service fml
[24May2026 18:05:28.112] [main/DEBUG] [net.neoforged.fml.loading.FMLServiceProvider/CORE]: Setting up basic FML game directories
[24May2026 18:05:28.112] [main/DEBUG] [net.neoforged.fml.loading.FMLPaths/CORE]: Path GAMEDIR is F:\user files\Documents\GitHub\minecraft_limonata\MCreatorWorkspaces\limonata\run
[24May2026 18:05:28.113] [main/DEBUG] [net.neoforged.fml.loading.FMLPaths/CORE]: Path MODSDIR is F:\user files\Documents\GitHub\minecraft_limonata\MCreatorWorkspaces\limonata\run\mods
[24May2026 18:05:28.113] [main/DEBUG] [net.neoforged.fml.loading.FMLPaths/CORE]: Path CONFIGDIR is F:\user files\Documents\GitHub\minecraft_limonata\MCreatorWorkspaces\limonata\run\config
[24May2026 18:05:28.113] [main/DEBUG] [net.neoforged.fml.loading.FMLPaths/CORE]: Path FMLCONFIG is F:\user files\Documents\GitHub\minecraft_limonata\MCreatorWorkspaces\limonata\run\config\fml.toml
[24May2026 18:05:28.113] [main/DEBUG] [net.neoforged.fml.loading.FMLServiceProvider/CORE]: Loading configuration
[24May2026 18:05:28.118] [main/DEBUG] [net.neoforged.fml.loading.FMLServiceProvider/CORE]: Preparing launch handler
[24May2026 18:05:28.119] [main/DEBUG] [net.neoforged.fml.loading.FMLLoader/CORE]: Using forgeclientdev as launch service
[24May2026 18:05:28.120] [main/DEBUG] [cpw.mods.modlauncher.TransformationServiceDecorator/MODLAUNCHER]: Initialized transformation service fml
[24May2026 18:05:28.120] [main/DEBUG] [cpw.mods.modlauncher.TransformationServicesHandler/MODLAUNCHER]: Transformation services begin scanning
[24May2026 18:05:28.121] [main/DEBUG] [cpw.mods.modlauncher.TransformationServiceDecorator/MODLAUNCHER]: Beginning scan trigger - transformation service mixin
[24May2026 18:05:28.121] [main/DEBUG] [cpw.mods.modlauncher.TransformationServiceDecorator/MODLAUNCHER]: End scan trigger - transformation service mixin
[24May2026 18:05:28.121] [main/DEBUG] [cpw.mods.modlauncher.TransformationServiceDecorator/MODLAUNCHER]: Beginning scan trigger - transformation service fml
[24May2026 18:05:28.121] [main/DEBUG] [net.neoforged.fml.loading.FMLServiceProvider/CORE]: Initiating mod scan
[24May2026 18:05:28.122] [main/DEBUG] [net.neoforged.fml.loading.targets.CommonLaunchHandler/CORE]: Got mod coordinates mcreator%%F:\user files\Documents\GitHub\minecraft_limonata\MCreatorWorkspaces\limonata\build\classes\java\main;mcreator%%F:\user files\Documents\GitHub\minecraft_limonata\MCreatorWorkspaces\limonata\build\resources\main from env
[24May2026 18:05:28.122] [main/DEBUG] [net.neoforged.fml.loading.targets.CommonLaunchHandler/CORE]: Found supplied mod coordinates [{mcreator=[F:\user files\Documents\GitHub\minecraft_limonata\MCreatorWorkspaces\limonata\build\classes\java\main, F:\user files\Documents\GitHub\minecraft_limonata\MCreatorWorkspaces\limonata\build\resources\main]}]
[24May2026 18:05:28.124] [main/DEBUG] [net.neoforged.fml.loading.targets.CommonDevLaunchHandler/]: Launching with NeoForge from F:\user files\Documents\GitHub\minecraft_limonata\MCreatorWorkspaces\limonata\build\moddev\artifacts\neoforge-21.1.190.jar
[24May2026 18:05:28.134] [main/DEBUG] [net.neoforged.fml.util.ServiceLoaderUtil/CORE]: Found 4 implementations of IModFileCandidateLocator:
[24May2026 18:05:28.135] [main/DEBUG] [net.neoforged.fml.util.ServiceLoaderUtil/CORE]: 	       0 - [built-in] net.neoforged.fml.loading.moddiscovery.locators.NeoForgeDevProvider from loader-4.0.41.jar
[24May2026 18:05:28.135] [main/DEBUG] [net.neoforged.fml.util.ServiceLoaderUtil/CORE]: 	       0 - net.neoforged.fml.loading.moddiscovery.locators.ModsFolderLocator from loader-4.0.41.jar
[24May2026 18:05:28.135] [main/DEBUG] [net.neoforged.fml.util.ServiceLoaderUtil/CORE]: 	       0 - net.neoforged.fml.loading.moddiscovery.locators.MavenDirectoryLocator from loader-4.0.41.jar
[24May2026 18:05:28.136] [main/DEBUG] [net.neoforged.fml.util.ServiceLoaderUtil/CORE]: 	   -1000 - [built-in] net.neoforged.fml.loading.moddiscovery.locators.UserdevLocator from loader-4.0.41.jar
[24May2026 18:05:28.137] [main/DEBUG] [net.neoforged.fml.util.ServiceLoaderUtil/CORE]: Found 2 implementations of IModFileReader:
[24May2026 18:05:28.138] [main/DEBUG] [net.neoforged.fml.util.ServiceLoaderUtil/CORE]: 	       0 - net.neoforged.fml.loading.moddiscovery.readers.JarModsDotTomlModFileReader from loader-4.0.41.jar
[24May2026 18:05:28.138] [main/DEBUG] [net.neoforged.fml.util.ServiceLoaderUtil/CORE]: 	   -1000 - net.neoforged.fml.loading.moddiscovery.readers.NestedLibraryModReader from loader-4.0.41.jar
[24May2026 18:05:28.157] [main/DEBUG] [net.neoforged.fml.util.ServiceLoaderUtil/CORE]: Found 1 implementations of IDependencyLocator:
[24May2026 18:05:28.158] [main/DEBUG] [net.neoforged.fml.util.ServiceLoaderUtil/CORE]: 	       0 - net.neoforged.fml.loading.moddiscovery.locators.JarInJarDependencyLocator from loader-4.0.41.jar
[24May2026 18:05:28.204] [main/DEBUG] [net.neoforged.fml.loading.moddiscovery.ModFileInfo/LOADING]: Found valid mod file neoforge-21.1.190.jar with {minecraft} mods - versions {1.21.1}
[24May2026 18:05:28.212] [main/DEBUG] [net.neoforged.fml.loading.moddiscovery.ModFileParser/LOADING]: Considering mod file candidate F:\user files\Documents\GitHub\minecraft_limonata\MCreatorWorkspaces\limonata\build\moddev\artifacts\neoforge-21.1.190.jar
[24May2026 18:05:28.226] [main/DEBUG] [net.neoforged.fml.loading.moddiscovery.ModFileInfo/LOADING]: Found valid mod file neoforge-21.1.190.jar with {neoforge} mods - versions {21.1.190}
[24May2026 18:05:28.231] [main/DEBUG] [net.neoforged.fml.loading.moddiscovery.ModFileParser/LOADING]: Considering mod file candidate F:\user files\Documents\GitHub\minecraft_limonata\MCreatorWorkspaces\limonata\run\mods\appleskin-neoforge-mc1.21-3.0.7.jar
[24May2026 18:05:28.239] [main/DEBUG] [net.neoforged.fml.loading.moddiscovery.ModFileInfo/LOADING]: Found valid mod file appleskin-neoforge-mc1.21-3.0.7.jar with {appleskin} mods - versions {3.0.7+mc1.21}
[24May2026 18:05:28.240] [main/DEBUG] [net.neoforged.fml.loading.moddiscovery.ModFileParser/LOADING]: Considering mod file candidate F:\user files\Documents\GitHub\minecraft_limonata\MCreatorWorkspaces\limonata\run\mods\BlockDetective-1.21-(v.2.1.0-NEO).jar
[24May2026 18:05:28.242] [main/DEBUG] [net.neoforged.fml.loading.moddiscovery.ModFileInfo/LOADING]: Found valid mod file BlockDetective-1.21-(v.2.1.0-NEO).jar with {block_detective} mods - versions {2.1.0}
[24May2026 18:05:28.249] [main/DEBUG] [net.neoforged.fml.loading.moddiscovery.ModFileParser/LOADING]: Considering mod file candidate F:\user files\Documents\GitHub\minecraft_limonata\MCreatorWorkspaces\limonata\run\mods\create-1.21.1-6.0.6.jar
[24May2026 18:05:28.253] [main/DEBUG] [net.neoforged.fml.loading.moddiscovery.ModFileInfo/LOADING]: Found valid mod file create-1.21.1-6.0.6.jar with {create} mods - versions {6.0.6}
[24May2026 18:05:28.255] [main/DEBUG] [net.neoforged.fml.loading.moddiscovery.ModFileParser/LOADING]: Considering mod file candidate F:\user files\Documents\GitHub\minecraft_limonata\MCreatorWorkspaces\limonata\run\mods\emi-1.1.22+1.21.1+neoforge.jar
[24May2026 18:05:28.256] [main/DEBUG] [net.neoforged.fml.loading.moddiscovery.ModFileInfo/LOADING]: Found valid mod file emi-1.1.22+1.21.1+neoforge.jar with {emi} mods - versions {1.1.22+1.21.1+neoforge}
[24May2026 18:05:28.258] [main/DEBUG] [net.neoforged.fml.loading.moddiscovery.ModFileParser/LOADING]: Considering mod file candidate F:\user files\Documents\GitHub\minecraft_limonata\MCreatorWorkspaces\limonata\run\mods\emi_loot-0.7.6+1.21+neoforge.jar
[24May2026 18:05:28.259] [main/DEBUG] [net.neoforged.fml.loading.moddiscovery.ModFileInfo/LOADING]: Found valid mod file emi_loot-0.7.6+1.21+neoforge.jar with {emi_loot} mods - versions {0.7.6+1.21+neoforge}
[24May2026 18:05:28.262] [main/DEBUG] [net.neoforged.fml.loading.moddiscovery.ModFileParser/LOADING]: Considering mod file candidate F:\user files\Documents\GitHub\minecraft_limonata\MCreatorWorkspaces\limonata\run\mods\FarmersDelight-1.21.1-1.2.9.jar
[24May2026 18:05:28.264] [main/DEBUG] [net.neoforged.fml.loading.moddiscovery.ModFileInfo/LOADING]: Found valid mod file FarmersDelight-1.21.1-1.2.9.jar with {farmersdelight} mods - versions {1.2.9}
[24May2026 18:05:28.266] [main/DEBUG] [net.neoforged.fml.loading.moddiscovery.ModFileParser/LOADING]: Considering mod file candidate F:\user files\Documents\GitHub\minecraft_limonata\MCreatorWorkspaces\limonata\run\mods\fzzy_config-0.7.2+1.21+neoforge.jar
[24May2026 18:05:28.266] [pool-2-thread-1/INFO] [EARLYDISPLAY/]: GL info: AMD Radeon RX 9070 XT GL version 4.6.0 Core Profile Context 26.5.2.260505, ATI Technologies Inc.
[24May2026 18:05:28.267] [main/DEBUG] [net.neoforged.fml.loading.moddiscovery.ModFileInfo/LOADING]: Found valid mod file fzzy_config-0.7.2+1.21+neoforge.jar with {fzzy_config} mods - versions {0.7.2+1.21+neoforge}
[24May2026 18:05:28.270] [main/DEBUG] [net.neoforged.fml.loading.moddiscovery.ModFileParser/LOADING]: Considering mod file candidate F:\user files\Documents\GitHub\minecraft_limonata\MCreatorWorkspaces\limonata\run\mods\Jade-1.21.1-NeoForge-15.10.3.jar
[24May2026 18:05:28.271] [main/DEBUG] [net.neoforged.fml.loading.moddiscovery.ModFileInfo/LOADING]: Found valid mod file Jade-1.21.1-NeoForge-15.10.3.jar with {jade} mods - versions {15.10.3+neoforge}
[24May2026 18:05:28.273] [main/DEBUG] [net.neoforged.fml.loading.moddiscovery.ModFileParser/LOADING]: Considering mod file candidate F:\user files\Documents\GitHub\minecraft_limonata\MCreatorWorkspaces\limonata\run\mods\jei-1.21.1-neoforge-19.22.1.316.jar
[24May2026 18:05:28.276] [main/DEBUG] [net.neoforged.fml.loading.moddiscovery.ModFileInfo/LOADING]: Found valid mod file jei-1.21.1-neoforge-19.22.1.316.jar with {jei} mods - versions {19.22.1.316}
[24May2026 18:05:28.280] [main/DEBUG] [net.neoforged.fml.loading.moddiscovery.ModFileParser/LOADING]: Considering mod file candidate F:\user files\Documents\GitHub\minecraft_limonata\MCreatorWorkspaces\limonata\run\mods\tagtooltips-neoforge-1.21.1-1.2.0.jar
[24May2026 18:05:28.283] [main/DEBUG] [net.neoforged.fml.loading.moddiscovery.ModFileInfo/LOADING]: Found valid mod file tagtooltips-neoforge-1.21.1-1.2.0.jar with {tagtooltips} mods - versions {1.2.0}
[24May2026 18:05:28.285] [main/DEBUG] [net.neoforged.fml.loading.moddiscovery.ModListHandler/CORE]: Found mod coordinates from lists: []
[24May2026 18:05:28.286] [main/DEBUG] [net.neoforged.fml.loading.moddiscovery.ModFileParser/LOADING]: Considering mod file candidate F:\user files\Documents\GitHub\minecraft_limonata\MCreatorWorkspaces\limonata\build\classes\java\main
[24May2026 18:05:28.288] [main/DEBUG] [net.neoforged.fml.loading.moddiscovery.ModFileInfo/LOADING]: Found valid mod file main with {limonata} mods - versions {1.5.1}
[24May2026 18:05:28.298] [main/DEBUG] [net.neoforged.fml.loading.moddiscovery.ModFileParser/LOADING]: Considering mod file candidate F:\user files\Documents\GitHub\minecraft_limonata\MCreatorWorkspaces\limonata\build\moddev\artifacts\neoforge-21.1.190.jar
[24May2026 18:05:28.300] [main/DEBUG] [net.neoforged.fml.loading.moddiscovery.ModFileInfo/LOADING]: Found valid mod file neoforge-21.1.190.jar with {neoforge} mods - versions {21.1.190}
[24May2026 18:05:28.325] [main/DEBUG] [net.neoforged.fml.loading.moddiscovery.ModDiscoverer/]: Skipping C:\Users\nery\.mcreator\gradle\caches\modules-2\files-2.1\net.neoforged.fancymodloader\earlydisplay\4.0.41\53dfbd387ed1b88c7d144bdb6551b7f57d5da6d7\earlydisplay-4.0.41.jar because it was already located earlier
[24May2026 18:05:28.325] [main/DEBUG] [net.neoforged.fml.loading.moddiscovery.ModDiscoverer/]: Skipping C:\Users\nery\.mcreator\gradle\caches\modules-2\files-2.1\net.neoforged.fancymodloader\loader\4.0.41\3aebc81b9347fa87bb629ffaed20276f2a4c944e\loader-4.0.41.jar because it was already located earlier
[24May2026 18:05:28.326] [main/DEBUG] [net.neoforged.fml.loading.moddiscovery.ModDiscoverer/]: Skipping C:\Users\nery\.mcreator\gradle\caches\modules-2\files-2.1\net.neoforged.accesstransformers\at-modlauncher\10.0.1\5aba50202aceead086bc09fbc2751c9f05cb4890\at-modlauncher-10.0.1.jar because it was already located earlier
[24May2026 18:05:28.326] [main/DEBUG] [net.neoforged.fml.loading.moddiscovery.ModDiscoverer/]: Skipping C:\Users\nery\.mcreator\gradle\caches\modules-2\files-2.1\net.neoforged\accesstransformers\10.0.1\fd83b5725f76eae9115e9355fa1c456a6a441400\accesstransformers-10.0.1.jar because it was already located earlier
[24May2026 18:05:28.326] [main/DEBUG] [net.neoforged.fml.loading.moddiscovery.ModDiscoverer/]: Skipping C:\Users\nery\.mcreator\gradle\caches\modules-2\files-2.1\net.neoforged\bus\8.0.5\5b2d33285ab5d1554e9798ad98c40d6ea3868bd5\bus-8.0.5.jar because it was already located earlier
[24May2026 18:05:28.326] [main/DEBUG] [net.neoforged.fml.loading.moddiscovery.ModDiscoverer/]: Skipping C:\Users\nery\.mcreator\gradle\caches\modules-2\files-2.1\net.neoforged\coremods\7.0.3\9147e6f638b4272b3bd5fc8f92ad37802512c6c\coremods-7.0.3.jar because it was already located earlier
[24May2026 18:05:28.326] [main/DEBUG] [net.neoforged.fml.loading.moddiscovery.ModDiscoverer/]: Skipping C:\Users\nery\.mcreator\gradle\caches\modules-2\files-2.1\cpw.mods\modlauncher\11.0.5\b8f0d49294f733fdb6173931b263553e943dc950\modlauncher-11.0.5.jar because it was already located earlier
[24May2026 18:05:28.326] [main/DEBUG] [net.neoforged.fml.loading.moddiscovery.ModDiscoverer/]: Skipping C:\Users\nery\.mcreator\gradle\caches\modules-2\files-2.1\net.neoforged\mergetool\2.0.0\52fe1949be64e3303aabaaa21e315f551db9c9f4\mergetool-2.0.0-api.jar because it was already located earlier
[24May2026 18:05:28.326] [main/DEBUG] [net.neoforged.fml.loading.moddiscovery.ModDiscoverer/]: Skipping C:\Users\nery\.mcreator\gradle\caches\modules-2\files-2.1\com.electronwill.night-config\toml\3.8.2\c128842f759692f613ea6c3ef0ef052273bbb38c\toml-3.8.2.jar because it was already located earlier
[24May2026 18:05:28.326] [main/DEBUG] [net.neoforged.fml.loading.moddiscovery.ModDiscoverer/]: Skipping C:\Users\nery\.mcreator\gradle\caches\modules-2\files-2.1\com.electronwill.night-config\core\3.8.2\94eee571e1524129804d08c75f6416a3be380ad4\core-3.8.2.jar because it was already located earlier
[24May2026 18:05:28.327] [main/DEBUG] [net.neoforged.fml.loading.moddiscovery.ModDiscoverer/]: Skipping C:\Users\nery\.mcreator\gradle\caches\modules-2\files-2.1\net.neoforged\JarJarSelector\0.4.1\fb3cc7a58af22ad2880adb98af6d518128c47dae\JarJarSelector-0.4.1.jar because it was already located earlier
[24May2026 18:05:28.327] [main/DEBUG] [net.neoforged.fml.loading.moddiscovery.ModDiscoverer/]: Skipping C:\Users\nery\.mcreator\gradle\caches\modules-2\files-2.1\net.neoforged\JarJarMetadata\0.4.1\f8da03683dc81694556dc3e177c5e3bb77ae6fcb\JarJarMetadata-0.4.1.jar because it was already located earlier
[24May2026 18:05:28.327] [main/DEBUG] [net.neoforged.fml.loading.moddiscovery.ModDiscoverer/]: Skipping C:\Users\nery\.mcreator\gradle\caches\modules-2\files-2.1\org.apache.maven\maven-artifact\3.8.5\4433f50c07debefaed0553bd0068f4f48d449313\maven-artifact-3.8.5.jar because it was already located earlier
[24May2026 18:05:28.327] [main/DEBUG] [net.neoforged.fml.loading.moddiscovery.ModDiscoverer/]: Skipping C:\Users\nery\.mcreator\gradle\caches\modules-2\files-2.1\net.jodah\typetools\0.6.3\a01aaa6ddaea9ec07ec4f209487b7a46a526283a\typetools-0.6.3.jar because it was already located earlier
[24May2026 18:05:28.327] [main/DEBUG] [net.neoforged.fml.loading.moddiscovery.ModDiscoverer/]: Skipping C:\Users\nery\.mcreator\gradle\caches\modules-2\files-2.1\net.minecrell\terminalconsoleappender\1.3.0\b562e9bb61235c9520e26282cdee71f8f802d1fc\terminalconsoleappender-1.3.0.jar because it was already located earlier
[24May2026 18:05:28.327] [main/DEBUG] [net.neoforged.fml.loading.moddiscovery.ModDiscoverer/]: Skipping C:\Users\nery\.mcreator\gradle\caches\modules-2\files-2.1\net.fabricmc\sponge-mixin\0.15.2+mixin.0.8.7\2af2f021d8e02a0220dc27a7a72b4666d66d44ca\sponge-mixin-0.15.2+mixin.0.8.7.jar because it was already located earlier
[24May2026 18:05:28.327] [main/DEBUG] [net.neoforged.fml.loading.moddiscovery.ModDiscoverer/]: Skipping C:\Users\nery\.mcreator\gradle\caches\modules-2\files-2.1\org.openjdk.nashorn\nashorn-core\15.4\f67f5ffaa5f5130cf6fb9b133da00c7df3b532a5\nashorn-core-15.4.jar because it was already located earlier
[24May2026 18:05:28.327] [main/DEBUG] [net.neoforged.fml.loading.moddiscovery.ModDiscoverer/]: Skipping C:\Users\nery\.mcreator\gradle\caches\modules-2\files-2.1\org.apache.commons\commons-lang3\3.14.0\1ed471194b02f2c6cb734a0cd6f6f107c673afae\commons-lang3-3.14.0.jar because it was already located earlier
[24May2026 18:05:28.327] [main/DEBUG] [net.neoforged.fml.loading.moddiscovery.ModDiscoverer/]: Skipping C:\Users\nery\.mcreator\gradle\caches\modules-2\files-2.1\net.sf.jopt-simple\jopt-simple\5.0.4\4fdac2fbe92dfad86aa6e9301736f6b4342a3f5c\jopt-simple-5.0.4.jar because it was already located earlier
[24May2026 18:05:28.327] [main/DEBUG] [net.neoforged.fml.loading.moddiscovery.ModDiscoverer/]: Skipping C:\Users\nery\.mcreator\gradle\caches\modules-2\files-2.1\commons-io\commons-io\2.15.1\f11560da189ab563a5c8e351941415430e9304ea\commons-io-2.15.1.jar because it was already located earlier
[24May2026 18:05:28.328] [main/DEBUG] [net.neoforged.fml.loading.moddiscovery.ModDiscoverer/]: Skipping C:\Users\nery\.mcreator\gradle\caches\modules-2\files-2.1\com.mojang\logging\1.2.7\24cb95ffb0e3433fd6e844c04e68009e504ca1c0\logging-1.2.7.jar because it was already located earlier
[24May2026 18:05:28.328] [main/DEBUG] [net.neoforged.fml.loading.moddiscovery.ModDiscoverer/]: Skipping C:\Users\nery\.mcreator\gradle\caches\modules-2\files-2.1\org.apache.logging.log4j\log4j-slf4j2-impl\2.22.1\d7e6693c2606cb7e7335047d7bb96dec52db5665\log4j-slf4j2-impl-2.22.1.jar because it was already located earlier
[24May2026 18:05:28.328] [main/DEBUG] [net.neoforged.fml.loading.moddiscovery.ModDiscoverer/]: Skipping C:\Users\nery\.mcreator\gradle\caches\modules-2\files-2.1\org.apache.logging.log4j\log4j-core\2.22.1\7183a25510a02ad00cc6a95d3b3d2a7d3c5a8dc4\log4j-core-2.22.1.jar because it was already located earlier
[24May2026 18:05:28.328] [main/DEBUG] [net.neoforged.fml.loading.moddiscovery.ModDiscoverer/]: Skipping C:\Users\nery\.mcreator\gradle\caches\modules-2\files-2.1\org.apache.logging.log4j\log4j-api\2.22.1\bea6fede6328fabafd7e68363161a7ea6605abd1\log4j-api-2.22.1.jar because it was already located earlier
[24May2026 18:05:28.328] [main/DEBUG] [net.neoforged.fml.loading.moddiscovery.ModDiscoverer/]: Skipping C:\Users\nery\.mcreator\gradle\caches\modules-2\files-2.1\com.google.guava\guava\32.1.2-jre\5e64ec7e056456bef3a4bc4c6fdaef71e8ab6318\guava-32.1.2-jre.jar because it was already located earlier
[24May2026 18:05:28.328] [main/DEBUG] [net.neoforged.fml.loading.moddiscovery.ModDiscoverer/]: Skipping C:\Users\nery\.mcreator\gradle\caches\modules-2\files-2.1\com.google.code.gson\gson\2.10.1\b3add478d4382b78ea20b1671390a858002feb6c\gson-2.10.1.jar because it was already located earlier
[24May2026 18:05:28.328] [main/DEBUG] [net.neoforged.fml.loading.moddiscovery.ModDiscoverer/]: Skipping C:\Users\nery\.mcreator\gradle\caches\modules-2\files-2.1\org.slf4j\slf4j-api\2.0.9\7cf2726fdcfbc8610f9a71fb3ed639871f315340\slf4j-api-2.0.9.jar because it was already located earlier
[24May2026 18:05:28.329] [main/DEBUG] [net.neoforged.fml.loading.moddiscovery.ModDiscoverer/]: Skipping C:\Users\nery\.mcreator\gradle\caches\modules-2\files-2.1\org.antlr\antlr4-runtime\4.13.1\17125bae1d965624e265ef49552f6465a2bfa307\antlr4-runtime-4.13.1.jar because it was already located earlier
[24May2026 18:05:28.329] [main/DEBUG] [net.neoforged.fml.loading.moddiscovery.ModDiscoverer/]: Skipping C:\Users\nery\.mcreator\gradle\caches\modules-2\files-2.1\net.minecraftforge\srgutils\0.4.15\ca408b131759478f164e010fae0d73997e125fb5\srgutils-0.4.15.jar because it was already located earlier
[24May2026 18:05:28.329] [main/DEBUG] [net.neoforged.fml.loading.moddiscovery.ModDiscoverer/]: Skipping C:\Users\nery\.mcreator\gradle\caches\modules-2\files-2.1\org.codehaus.plexus\plexus-utils\3.3.0\cf43b5391de623b36fe066a21127baef82c64022\plexus-utils-3.3.0.jar because it was already located earlier
[24May2026 18:05:28.329] [main/DEBUG] [net.neoforged.fml.loading.moddiscovery.ModDiscoverer/]: Skipping C:\Users\nery\.mcreator\gradle\caches\modules-2\files-2.1\org.jline\jline-reader\3.20.0\8f15415b022a25b473e8e16c28ae913186ffb9c4\jline-reader-3.20.0.jar because it was already located earlier
[24May2026 18:05:28.329] [main/DEBUG] [net.neoforged.fml.loading.moddiscovery.ModDiscoverer/]: Skipping C:\Users\nery\.mcreator\gradle\caches\modules-2\files-2.1\com.machinezoo.noexception\noexception\1.7.1\b65330c98e38a1f915fa54a6e5eca496505e3f0a\noexception-1.7.1.jar because it was already located earlier
[24May2026 18:05:28.329] [main/DEBUG] [net.neoforged.fml.loading.moddiscovery.ModDiscoverer/]: Skipping C:\Users\nery\.mcreator\gradle\caches\modules-2\files-2.1\com.google.guava\failureaccess\1.0.1\1dcf1de382a0bf95a3d8b0849546c88bac1292c9\failureaccess-1.0.1.jar because it was already located earlier
[24May2026 18:05:28.329] [main/DEBUG] [net.neoforged.fml.loading.moddiscovery.ModDiscoverer/]: Skipping C:\Users\nery\.mcreator\gradle\caches\modules-2\files-2.1\com.google.guava\listenablefuture\9999.0-empty-to-avoid-conflict-with-guava\b421526c5f297295adef1c886e5246c39d4ac629\listenablefuture-9999.0-empty-to-avoid-conflict-with-guava.jar because it was already located earlier
[24May2026 18:05:28.329] [main/DEBUG] [net.neoforged.fml.loading.moddiscovery.ModDiscoverer/]: Skipping C:\Users\nery\.mcreator\gradle\caches\modules-2\files-2.1\com.google.code.findbugs\jsr305\3.0.2\25ea2e8b0c338a877313bd4672d3fe056ea78f0d\jsr305-3.0.2.jar because it was already located earlier
[24May2026 18:05:28.329] [main/DEBUG] [net.neoforged.fml.loading.moddiscovery.ModDiscoverer/]: Skipping C:\Users\nery\.mcreator\gradle\caches\modules-2\files-2.1\org.checkerframework\checker-qual\3.33.0\de2b60b62da487644fc11f734e73c8b0b431238f\checker-qual-3.33.0.jar because it was already located earlier
[24May2026 18:05:28.330] [main/DEBUG] [net.neoforged.fml.loading.moddiscovery.ModDiscoverer/]: Skipping C:\Users\nery\.mcreator\gradle\caches\modules-2\files-2.1\com.google.errorprone\error_prone_annotations\2.18.0\89b684257096f548fa39a7df9fdaa409d4d4df91\error_prone_annotations-2.18.0.jar because it was already located earlier
[24May2026 18:05:28.330] [main/DEBUG] [net.neoforged.fml.loading.moddiscovery.ModDiscoverer/]: Skipping C:\Users\nery\.mcreator\gradle\caches\modules-2\files-2.1\com.google.j2objc\j2objc-annotations\2.8\c85270e307e7b822f1086b93689124b89768e273\j2objc-annotations-2.8.jar because it was already located earlier
[24May2026 18:05:28.330] [main/DEBUG] [net.neoforged.fml.loading.moddiscovery.ModDiscoverer/]: Skipping C:\Users\nery\.mcreator\gradle\caches\modules-2\files-2.1\org.jline\jline-terminal\3.20.0\d0ddcc708ddf527a3454c941b7b9225cc83a15ff\jline-terminal-3.20.0.jar because it was already located earlier
[24May2026 18:05:28.330] [main/DEBUG] [net.neoforged.fml.loading.moddiscovery.ModDiscoverer/]: Skipping C:\Users\nery\.mcreator\gradle\caches\modules-2\files-2.1\com.github.oshi\oshi-core\6.4.10\b1d8ab82d11d92fd639b56d639f8f46f739dd5fa\oshi-core-6.4.10.jar because it was already located earlier
[24May2026 18:05:28.330] [main/DEBUG] [net.neoforged.fml.loading.moddiscovery.ModDiscoverer/]: Skipping C:\Users\nery\.mcreator\gradle\caches\modules-2\files-2.1\com.ibm.icu\icu4j\73.2\61ad4ef7f9131fcf6d25c34b817f90d6da06c9e9\icu4j-73.2.jar because it was already located earlier
[24May2026 18:05:28.330] [main/DEBUG] [net.neoforged.fml.loading.moddiscovery.ModDiscoverer/]: Skipping C:\Users\nery\.mcreator\gradle\caches\modules-2\files-2.1\com.mojang\authlib\6.0.54\de8bc95660e1b2fe8793fd427a7a10dcec5b3ea7\authlib-6.0.54.jar because it was already located earlier
[24May2026 18:05:28.330] [main/DEBUG] [net.neoforged.fml.loading.moddiscovery.ModDiscoverer/]: Skipping C:\Users\nery\.mcreator\gradle\caches\modules-2\files-2.1\com.mojang\blocklist\1.0.10\5c685c5ffa94c4cd39496c7184c1d122e515ecef\blocklist-1.0.10.jar because it was already located earlier
[24May2026 18:05:28.331] [main/DEBUG] [net.neoforged.fml.loading.moddiscovery.ModDiscoverer/]: Skipping C:\Users\nery\.mcreator\gradle\caches\modules-2\files-2.1\com.mojang\brigadier\1.3.10\d15b53a14cf20fdcaa98f731af5dda654452c010\brigadier-1.3.10.jar because it was already located earlier
[24May2026 18:05:28.331] [main/DEBUG] [net.neoforged.fml.loading.moddiscovery.ModDiscoverer/]: Skipping C:\Users\nery\.mcreator\gradle\caches\modules-2\files-2.1\com.mojang\datafixerupper\8.0.16\67d4de6d7f95d89bcf5862995fb854ebaec02a34\datafixerupper-8.0.16.jar because it was already located earlier
[24May2026 18:05:28.331] [main/DEBUG] [net.neoforged.fml.loading.moddiscovery.ModDiscoverer/]: Skipping C:\Users\nery\.mcreator\gradle\caches\modules-2\files-2.1\com.mojang\patchy\2.2.10\da05971b07cbb379d002cf7eaec6a2048211fefc\patchy-2.2.10.jar because it was already located earlier
[24May2026 18:05:28.331] [main/DEBUG] [net.neoforged.fml.loading.moddiscovery.ModDiscoverer/]: Skipping C:\Users\nery\.mcreator\gradle\caches\modules-2\files-2.1\com.mojang\text2speech\1.17.9\3cad216e3a7f0c19b4b394388bc9ffc446f13b14\text2speech-1.17.9.jar because it was already located earlier
[24May2026 18:05:28.331] [main/DEBUG] [net.neoforged.fml.loading.moddiscovery.ModDiscoverer/]: Skipping C:\Users\nery\.mcreator\gradle\caches\modules-2\files-2.1\commons-codec\commons-codec\1.16.0\4e3eb3d79888d76b54e28b350915b5dc3919c9de\commons-codec-1.16.0.jar because it was already located earlier
[24May2026 18:05:28.331] [main/DEBUG] [net.neoforged.fml.loading.moddiscovery.ModDiscoverer/]: Skipping C:\Users\nery\.mcreator\gradle\caches\modules-2\files-2.1\commons-logging\commons-logging\1.2\4bfc12adfe4842bf07b657f0369c4cb522955686\commons-logging-1.2.jar because it was already located earlier
[24May2026 18:05:28.331] [main/DEBUG] [net.neoforged.fml.loading.moddiscovery.ModDiscoverer/]: Skipping C:\Users\nery\.mcreator\gradle\caches\modules-2\files-2.1\io.netty\netty-buffer\4.1.97.Final\f8f3d8644afa5e6e1a40a3a6aeb9d9aa970ecb4f\netty-buffer-4.1.97.Final.jar because it was already located earlier
[24May2026 18:05:28.332] [main/DEBUG] [net.neoforged.fml.loading.moddiscovery.ModDiscoverer/]: Skipping C:\Users\nery\.mcreator\gradle\caches\modules-2\files-2.1\io.netty\netty-codec\4.1.97.Final\384ba4d75670befbedb45c4d3b497a93639c206d\netty-codec-4.1.97.Final.jar because it was already located earlier
[24May2026 18:05:28.332] [main/DEBUG] [net.neoforged.fml.loading.moddiscovery.ModDiscoverer/]: Skipping C:\Users\nery\.mcreator\gradle\caches\modules-2\files-2.1\io.netty\netty-common\4.1.97.Final\7cceacaf11df8dc63f23d0fb58e9d4640fc88404\netty-common-4.1.97.Final.jar because it was already located earlier
[24May2026 18:05:28.332] [main/DEBUG] [net.neoforged.fml.loading.moddiscovery.ModDiscoverer/]: Skipping C:\Users\nery\.mcreator\gradle\caches\modules-2\files-2.1\io.netty\netty-handler\4.1.97.Final\abb86c6906bf512bf2b797a41cd7d2e8d3cd7c36\netty-handler-4.1.97.Final.jar because it was already located earlier
[24May2026 18:05:28.332] [main/DEBUG] [net.neoforged.fml.loading.moddiscovery.ModDiscoverer/]: Skipping C:\Users\nery\.mcreator\gradle\caches\modules-2\files-2.1\io.netty\netty-resolver\4.1.97.Final\cec8348108dc76c47cf87c669d514be52c922144\netty-resolver-4.1.97.Final.jar because it was already located earlier
[24May2026 18:05:28.332] [main/DEBUG] [net.neoforged.fml.loading.moddiscovery.ModDiscoverer/]: Skipping C:\Users\nery\.mcreator\gradle\caches\modules-2\files-2.1\io.netty\netty-transport-classes-epoll\4.1.97.Final\795da37ded759e862457a82d9d92c4d39ce8ecee\netty-transport-classes-epoll-4.1.97.Final.jar because it was already located earlier
[24May2026 18:05:28.332] [main/DEBUG] [net.neoforged.fml.loading.moddiscovery.ModDiscoverer/]: Skipping C:\Users\nery\.mcreator\gradle\caches\modules-2\files-2.1\io.netty\netty-transport-native-unix-common\4.1.97.Final\d469d84265ab70095b01b40886cabdd433b6e664\netty-transport-native-unix-common-4.1.97.Final.jar because it was already located earlier
[24May2026 18:05:28.332] [main/DEBUG] [net.neoforged.fml.loading.moddiscovery.ModDiscoverer/]: Skipping C:\Users\nery\.mcreator\gradle\caches\modules-2\files-2.1\io.netty\netty-transport\4.1.97.Final\f37380d23c9bb079bc702910833b2fd532c9abd0\netty-transport-4.1.97.Final.jar because it was already located earlier
[24May2026 18:05:28.332] [main/DEBUG] [net.neoforged.fml.loading.moddiscovery.ModDiscoverer/]: Skipping C:\Users\nery\.mcreator\gradle\caches\modules-2\files-2.1\it.unimi.dsi\fastutil\8.5.12\c24946d46824bd528054bface3231d2ecb7e95e8\fastutil-8.5.12.jar because it was already located earlier
[24May2026 18:05:28.333] [main/DEBUG] [net.neoforged.fml.loading.moddiscovery.ModDiscoverer/]: Skipping C:\Users\nery\.mcreator\gradle\caches\modules-2\files-2.1\net.java.dev.jna\jna-platform\5.14.0\28934d48aed814f11e4c584da55c49fa7032b31b\jna-platform-5.14.0.jar because it was already located earlier
[24May2026 18:05:28.333] [main/DEBUG] [net.neoforged.fml.loading.moddiscovery.ModDiscoverer/]: Skipping C:\Users\nery\.mcreator\gradle\caches\modules-2\files-2.1\net.java.dev.jna\jna\5.14.0\67bf3eaea4f0718cb376a181a629e5f88fa1c9dd\jna-5.14.0.jar because it was already located earlier
[24May2026 18:05:28.333] [main/DEBUG] [net.neoforged.fml.loading.moddiscovery.ModDiscoverer/]: Skipping C:\Users\nery\.mcreator\gradle\caches\modules-2\files-2.1\org.apache.commons\commons-compress\1.26.0\659feffdd12280201c8aacb8f7be94f9a883c824\commons-compress-1.26.0.jar because it was already located earlier
[24May2026 18:05:28.333] [main/DEBUG] [net.neoforged.fml.loading.moddiscovery.ModDiscoverer/]: Skipping C:\Users\nery\.mcreator\gradle\caches\modules-2\files-2.1\org.apache.httpcomponents\httpclient\4.5.13\e5f6cae5ca7ecaac1ec2827a9e2d65ae2869cada\httpclient-4.5.13.jar because it was already located earlier
[24May2026 18:05:28.333] [main/DEBUG] [net.neoforged.fml.loading.moddiscovery.ModDiscoverer/]: Skipping C:\Users\nery\.mcreator\gradle\caches\modules-2\files-2.1\org.apache.httpcomponents\httpcore\4.4.16\51cf043c87253c9f58b539c9f7e44c8894223850\httpcore-4.4.16.jar because it was already located earlier
[24May2026 18:05:28.333] [main/DEBUG] [net.neoforged.fml.loading.moddiscovery.ModDiscoverer/]: Skipping C:\Users\nery\.mcreator\gradle\caches\modules-2\files-2.1\org.jcraft\jorbis\0.0.17\8872d22b293e8f5d7d56ff92be966e6dc28ebdc6\jorbis-0.0.17.jar because it was already located earlier
[24May2026 18:05:28.333] [main/DEBUG] [net.neoforged.fml.loading.moddiscovery.ModDiscoverer/]: Skipping C:\Users\nery\.mcreator\gradle\caches\modules-2\files-2.1\org.joml\joml\1.10.5\22566d58af70ad3d72308bab63b8339906deb649\joml-1.10.5.jar because it was already located earlier
[24May2026 18:05:28.333] [main/DEBUG] [net.neoforged.fml.loading.moddiscovery.ModDiscoverer/]: Skipping C:\Users\nery\.mcreator\gradle\caches\modules-2\files-2.1\org.lwjgl\lwjgl-freetype\3.3.3\a0db6c84a8becc8ca05f9dbfa985edc348a824c7\lwjgl-freetype-3.3.3.jar because it was already located earlier
[24May2026 18:05:28.340] [main/DEBUG] [net.neoforged.fml.loading.moddiscovery.ModDiscoverer/]: Skipping C:\Users\nery\.mcreator\gradle\caches\modules-2\files-2.1\org.lwjgl\lwjgl-freetype\3.3.3\15a8c1de7f51d07a92eae7ce1222557073a0c0c3\lwjgl-freetype-3.3.3-natives-windows-x86.jar because it was already located earlier
[24May2026 18:05:28.340] [main/DEBUG] [net.neoforged.fml.loading.moddiscovery.ModDiscoverer/]: Skipping C:\Users\nery\.mcreator\gradle\caches\modules-2\files-2.1\org.lwjgl\lwjgl-glfw\3.3.3\efa1eb78c5ccd840e9f329717109b5e892d72f8e\lwjgl-glfw-3.3.3.jar because it was already located earlier
[24May2026 18:05:28.346] [main/DEBUG] [net.neoforged.fml.loading.moddiscovery.ModDiscoverer/]: Skipping C:\Users\nery\.mcreator\gradle\caches\modules-2\files-2.1\org.lwjgl\lwjgl-glfw\3.3.3\32334f3fd5270a59bad9939a93115acb6de36dcf\lwjgl-glfw-3.3.3-natives-windows-x86.jar because it was already located earlier
[24May2026 18:05:28.347] [main/DEBUG] [net.neoforged.fml.loading.moddiscovery.ModDiscoverer/]: Skipping C:\Users\nery\.mcreator\gradle\caches\modules-2\files-2.1\org.lwjgl\lwjgl-jemalloc\3.3.3\b543467b7ff3c6920539a88ee602d34098628be5\lwjgl-jemalloc-3.3.3.jar because it was already located earlier
[24May2026 18:05:28.347] [main/DEBUG] [net.neoforged.fml.loading.moddiscovery.ModDiscoverer/]: Skipping C:\Users\nery\.mcreator\gradle\caches\modules-2\files-2.1\org.lwjgl\lwjgl-jemalloc\3.3.3\426222fc027602a5f21b9c0fe79cde6a4c7a011f\lwjgl-jemalloc-3.3.3-natives-windows.jar because it was already located earlier
[24May2026 18:05:28.352] [main/DEBUG] [net.neoforged.fml.loading.moddiscovery.ModDiscoverer/]: Skipping C:\Users\nery\.mcreator\gradle\caches\modules-2\files-2.1\org.lwjgl\lwjgl-openal\3.3.3\daada81ceb5fc0c291fbfdd4433cb8d9423577f2\lwjgl-openal-3.3.3.jar because it was already located earlier
[24May2026 18:05:28.358] [main/DEBUG] [net.neoforged.fml.loading.moddiscovery.ModDiscoverer/]: Skipping C:\Users\nery\.mcreator\gradle\caches\modules-2\files-2.1\org.lwjgl\lwjgl-openal\3.3.3\87b8d5050e3adb46bb58fe1cb2669a4a48fce10d\lwjgl-openal-3.3.3-natives-windows-x86.jar because it was already located earlier
[24May2026 18:05:28.358] [main/DEBUG] [net.neoforged.fml.loading.moddiscovery.ModDiscoverer/]: Skipping C:\Users\nery\.mcreator\gradle\caches\modules-2\files-2.1\org.lwjgl\lwjgl-opengl\3.3.3\2f6b0147078396a58979125a4c947664e98293a\lwjgl-opengl-3.3.3.jar because it was already located earlier
[24May2026 18:05:28.361] [main/DEBUG] [net.neoforged.fml.loading.moddiscovery.ModDiscoverer/]: Skipping C:\Users\nery\.mcreator\gradle\caches\modules-2\files-2.1\org.lwjgl\lwjgl-opengl\3.3.3\65e956d3735a1abdc82eff4baec1b61174697d4b\lwjgl-opengl-3.3.3-natives-windows-arm64.jar because it was already located earlier
[24May2026 18:05:28.364] [main/DEBUG] [net.neoforged.fml.loading.moddiscovery.ModDiscoverer/]: Skipping C:\Users\nery\.mcreator\gradle\caches\modules-2\files-2.1\org.lwjgl\lwjgl-stb\3.3.3\25dd6161988d7e65f71d5065c99902402ee32746\lwjgl-stb-3.3.3.jar because it was already located earlier
[24May2026 18:05:28.364] [main/DEBUG] [net.neoforged.fml.loading.moddiscovery.ModDiscoverer/]: Skipping C:\Users\nery\.mcreator\gradle\caches\modules-2\files-2.1\org.lwjgl\lwjgl-stb\3.3.3\1d9facdf6541de114b0f963be33505b7679c78cb\lwjgl-stb-3.3.3-natives-windows.jar because it was already located earlier
[24May2026 18:05:28.368] [main/DEBUG] [net.neoforged.fml.loading.moddiscovery.ModDiscoverer/]: Skipping C:\Users\nery\.mcreator\gradle\caches\modules-2\files-2.1\org.lwjgl\lwjgl-tinyfd\3.3.3\82d755ca94b102e9ca77283b9e2dc46d1b15fbe5\lwjgl-tinyfd-3.3.3.jar because it was already located earlier
[24May2026 18:05:28.369] [main/DEBUG] [net.neoforged.fml.loading.moddiscovery.ModDiscoverer/]: Skipping C:\Users\nery\.mcreator\gradle\caches\modules-2\files-2.1\org.lwjgl\lwjgl-tinyfd\3.3.3\a6697981b0449a5087c1d546fc08b4f73e8f98c9\lwjgl-tinyfd-3.3.3-natives-windows.jar because it was already located earlier
[24May2026 18:05:28.372] [main/DEBUG] [net.neoforged.fml.loading.moddiscovery.ModDiscoverer/]: Skipping C:\Users\nery\.mcreator\gradle\caches\modules-2\files-2.1\org.lwjgl\lwjgl\3.3.3\29589b5f87ed335a6c7e7ee6a5775f81f97ecb84\lwjgl-3.3.3.jar because it was already located earlier
[24May2026 18:05:28.378] [main/DEBUG] [net.neoforged.fml.loading.moddiscovery.ModDiscoverer/]: Skipping C:\Users\nery\.mcreator\gradle\caches\modules-2\files-2.1\org.lwjgl\lwjgl\3.3.3\9e670718e050aeaeea0c2d5b907cffb142f2e58f\lwjgl-3.3.3-natives-windows-x86.jar because it was already located earlier
[24May2026 18:05:28.379] [main/DEBUG] [net.neoforged.fml.loading.moddiscovery.ModDiscoverer/]: Skipping C:\Users\nery\.mcreator\gradle\caches\modules-2\files-2.1\org.lz4\lz4-java\1.8.0\4b986a99445e49ea5fbf5d149c4b63f6ed6c6780\lz4-java-1.8.0.jar because it was already located earlier
[24May2026 18:05:28.381] [main/DEBUG] [net.neoforged.fml.loading.UniqueModListBuilder/]: Found 2 mods for first modid neoforge, selecting most recent based on version data
[24May2026 18:05:28.381] [main/DEBUG] [net.neoforged.fml.loading.UniqueModListBuilder/]: Selected file neoforge-21.1.190.jar for modid neoforge with version 21.1.190
[24May2026 18:05:28.461] [main/DEBUG] [net.neoforged.fml.loading.moddiscovery.ModFileParser/LOADING]: Considering mod file candidate 
[24May2026 18:05:28.463] [main/DEBUG] [net.neoforged.fml.loading.moddiscovery.ModFileInfo/LOADING]: Found valid mod file flywheel-neoforge-1.21.1-1.0.4.jar with {flywheel} mods - versions {1.0.4}
[24May2026 18:05:28.472] [main/DEBUG] [net.neoforged.fml.loading.moddiscovery.ModFileParser/LOADING]: Considering mod file candidate 
[24May2026 18:05:28.474] [main/DEBUG] [net.neoforged.fml.loading.moddiscovery.ModFileInfo/LOADING]: Found valid mod file Ponder-NeoForge-1.21.1-1.0.56.jar with {ponder} mods - versions {1.0.56}
[24May2026 18:05:28.545] [main/DEBUG] [net.neoforged.fml.loading.moddiscovery.ModFileParser/LOADING]: Considering mod file candidate 
[24May2026 18:05:28.547] [main/DEBUG] [net.neoforged.fml.loading.moddiscovery.ModFileInfo/LOADING]: Found valid mod file thedarkcolour.kffmod-5.9.0.jar with {kotlinforforge} mods - versions {5.9.0}
[24May2026 18:05:28.632] [main/DEBUG] [net.neoforged.fml.loading.moddiscovery.ModFileParser/LOADING]: Considering mod file candidate 
[24May2026 18:05:28.633] [main/DEBUG] [net.neoforged.fml.loading.moddiscovery.ModFileInfo/LOADING]: Found valid mod file thedarkcolour.kffmod-5.9.0.jar with {kotlinforforge} mods - versions {5.9.0}
[24May2026 18:05:28.652] [main/DEBUG] [net.neoforged.fml.loading.moddiscovery.ModFileParser/LOADING]: Considering mod file candidate 
[24May2026 18:05:28.653] [main/DEBUG] [net.neoforged.fml.loading.moddiscovery.ModFileInfo/LOADING]: Found valid mod file flywheel-neoforge-1.21.1-1.0.4.jar with {flywheel} mods - versions {1.0.4}
[24May2026 18:05:28.662] [main/DEBUG] [net.neoforged.fml.loading.moddiscovery.ModFileParser/LOADING]: Considering mod file candidate 
[24May2026 18:05:28.663] [main/DEBUG] [net.neoforged.fml.loading.moddiscovery.ModFileInfo/LOADING]: Found valid mod file Ponder-NeoForge-1.21.1-1.0.56.jar with {ponder} mods - versions {1.0.56}
[24May2026 18:05:28.671] [main/INFO] [net.neoforged.fml.loading.moddiscovery.locators.JarInJarDependencyLocator/]: Found 18 dependencies adding them to mods collection
[24May2026 18:05:28.673] [main/INFO] [net.neoforged.fml.loading.moddiscovery.ModDiscoverer/]: 
     Mod List:
		Name Version (Mod Id)

		AppleSkin 3.0.7+mc1.21 (appleskin)
		Block Detective 2.1.0 (block_detective)
		Create 6.0.6 (create)
		EMI 1.1.22+1.21.1+neoforge (emi)
		EMI Loot 0.7.6+1.21+neoforge (emi_loot)
		Farmer's Delight 1.2.9 (farmersdelight)
		Flywheel 1.0.4 (flywheel)
		Fzzy Config 0.7.2+1.21+neoforge (fzzy_config)
		Jade 15.10.3+neoforge (jade)
		Just Enough Items 19.22.1.316 (jei)
		Kotlin For Forge 5.9.0 (kotlinforforge)
		limonata 1.5.1 (limonata)
		Minecraft 1.21.1 (minecraft)
		NeoForge 21.1.190 (neoforge)
		Ponder 1.0.56 (ponder)
		Tag Tooltips 1.2.0 (tagtooltips)
[24May2026 18:05:28.673] [main/DEBUG] [net.neoforged.fml.loading.moddiscovery.ModFileInfo/LOADING]: Found valid mod file neoforge-21.1.190.jar with {minecraft} mods - versions {1.21.1}
[24May2026 18:05:28.676] [main/DEBUG] [net.neoforged.fml.loading.moddiscovery.ModFile/LOADING]: Loading mod file F:\user files\Documents\GitHub\minecraft_limonata\MCreatorWorkspaces\limonata\build\moddev\artifacts\neoforge-21.1.190.jar with languages [LanguageSpec[languageName=minecraft, acceptedVersions=1]]
[24May2026 18:05:28.676] [main/DEBUG] [net.neoforged.fml.loading.moddiscovery.ModFileParser/LOADING]: Considering mod file candidate F:\user files\Documents\GitHub\minecraft_limonata\MCreatorWorkspaces\limonata\run\mods\emi-1.1.22+1.21.1+neoforge.jar
[24May2026 18:05:28.677] [main/DEBUG] [net.neoforged.fml.loading.moddiscovery.ModFileInfo/LOADING]: Found valid mod file emi-1.1.22+1.21.1+neoforge.jar with {emi} mods - versions {1.1.22+1.21.1+neoforge}
[24May2026 18:05:28.677] [main/DEBUG] [net.neoforged.fml.loading.moddiscovery.ModFile/LOADING]: Loading mod file F:\user files\Documents\GitHub\minecraft_limonata\MCreatorWorkspaces\limonata\run\mods\emi-1.1.22+1.21.1+neoforge.jar with languages [LanguageSpec[languageName=javafml, acceptedVersions=[1,)]]
[24May2026 18:05:28.678] [main/DEBUG] [net.neoforged.fml.loading.moddiscovery.ModFile/LOADING]: Found mixin config MixinConfig[config=emi.mixins.json, requiredMods=[]]
[24May2026 18:05:28.678] [main/DEBUG] [net.neoforged.fml.loading.moddiscovery.ModFile/LOADING]: Found mixin config MixinConfig[config=emi-neoforge.mixins.json, requiredMods=[]]
[24May2026 18:05:28.678] [main/DEBUG] [net.neoforged.fml.loading.moddiscovery.ModFileParser/LOADING]: Considering mod file candidate F:\user files\Documents\GitHub\minecraft_limonata\MCreatorWorkspaces\limonata\run\mods\FarmersDelight-1.21.1-1.2.9.jar
[24May2026 18:05:28.680] [main/DEBUG] [net.neoforged.fml.loading.moddiscovery.ModFileInfo/LOADING]: Found valid mod file FarmersDelight-1.21.1-1.2.9.jar with {farmersdelight} mods - versions {1.2.9}
[24May2026 18:05:28.680] [main/DEBUG] [net.neoforged.fml.loading.moddiscovery.ModFile/LOADING]: Loading mod file F:\user files\Documents\GitHub\minecraft_limonata\MCreatorWorkspaces\limonata\run\mods\FarmersDelight-1.21.1-1.2.9.jar with languages [LanguageSpec[languageName=javafml, acceptedVersions=[4,)]]
[24May2026 18:05:28.680] [main/DEBUG] [net.neoforged.fml.loading.moddiscovery.ModFile/LOADING]: Found mixin config MixinConfig[config=farmersdelight.mixins.json, requiredMods=[]]
[24May2026 18:05:28.680] [main/DEBUG] [net.neoforged.fml.loading.moddiscovery.ModFileParser/LOADING]: Considering mod file candidate F:\user files\Documents\GitHub\minecraft_limonata\MCreatorWorkspaces\limonata\run\mods\tagtooltips-neoforge-1.21.1-1.2.0.jar
[24May2026 18:05:28.681] [main/DEBUG] [net.neoforged.fml.loading.moddiscovery.ModFileInfo/LOADING]: Found valid mod file tagtooltips-neoforge-1.21.1-1.2.0.jar with {tagtooltips} mods - versions {1.2.0}
[24May2026 18:05:28.681] [main/DEBUG] [net.neoforged.fml.loading.moddiscovery.ModFile/LOADING]: Loading mod file F:\user files\Documents\GitHub\minecraft_limonata\MCreatorWorkspaces\limonata\run\mods\tagtooltips-neoforge-1.21.1-1.2.0.jar with languages [LanguageSpec[languageName=javafml, acceptedVersions=[4,)]]
[24May2026 18:05:28.681] [main/DEBUG] [net.neoforged.fml.loading.moddiscovery.ModFile/LOADING]: Found mixin config MixinConfig[config=tagtooltips.mixins.json, requiredMods=[]]
[24May2026 18:05:28.681] [main/DEBUG] [net.neoforged.fml.loading.moddiscovery.ModFile/LOADING]: Found mixin config MixinConfig[config=tagtooltips.neoforge.mixins.json, requiredMods=[]]
[24May2026 18:05:28.681] [main/DEBUG] [net.neoforged.fml.loading.moddiscovery.ModFileParser/LOADING]: Considering mod file candidate F:\user files\Documents\GitHub\minecraft_limonata\MCreatorWorkspaces\limonata\build\classes\java\main
[24May2026 18:05:28.682] [main/DEBUG] [net.neoforged.fml.loading.moddiscovery.ModFileInfo/LOADING]: Found valid mod file main with {limonata} mods - versions {1.5.1}
[24May2026 18:05:28.682] [main/DEBUG] [net.neoforged.fml.loading.moddiscovery.ModFile/LOADING]: Loading mod file F:\user files\Documents\GitHub\minecraft_limonata\MCreatorWorkspaces\limonata\build\classes\java\main with languages [LanguageSpec[languageName=javafml, acceptedVersions=[4,)]]
[24May2026 18:05:28.682] [main/DEBUG] [net.neoforged.fml.loading.moddiscovery.ModFileParser/LOADING]: Considering mod file candidate F:\user files\Documents\GitHub\minecraft_limonata\MCreatorWorkspaces\limonata\run\mods\Jade-1.21.1-NeoForge-15.10.3.jar
[24May2026 18:05:28.683] [main/DEBUG] [net.neoforged.fml.loading.moddiscovery.ModFileInfo/LOADING]: Found valid mod file Jade-1.21.1-NeoForge-15.10.3.jar with {jade} mods - versions {15.10.3+neoforge}
[24May2026 18:05:28.683] [main/DEBUG] [net.neoforged.fml.loading.moddiscovery.ModFile/LOADING]: Loading mod file F:\user files\Documents\GitHub\minecraft_limonata\MCreatorWorkspaces\limonata\run\mods\Jade-1.21.1-NeoForge-15.10.3.jar with languages [LanguageSpec[languageName=javafml, acceptedVersions=[1,)]]
[24May2026 18:05:28.683] [main/DEBUG] [net.neoforged.fml.loading.moddiscovery.ModFile/LOADING]: Found mixin config MixinConfig[config=jade.mixins.json, requiredMods=[]]
[24May2026 18:05:28.683] [main/DEBUG] [net.neoforged.fml.loading.moddiscovery.ModFileParser/LOADING]: Considering mod file candidate 
[24May2026 18:05:28.684] [main/DEBUG] [net.neoforged.fml.loading.moddiscovery.ModFileInfo/LOADING]: Found valid mod file Ponder-NeoForge-1.21.1-1.0.56.jar with {ponder} mods - versions {1.0.56}
[24May2026 18:05:28.684] [main/DEBUG] [net.neoforged.fml.loading.moddiscovery.ModFile/LOADING]: Loading mod file  with languages [LanguageSpec[languageName=javafml, acceptedVersions=[0,)]]
[24May2026 18:05:28.684] [main/DEBUG] [net.neoforged.fml.loading.moddiscovery.ModFile/LOADING]: Found mixin config MixinConfig[config=ponder.mixins.json, requiredMods=[]]
[24May2026 18:05:28.684] [main/DEBUG] [net.neoforged.fml.loading.moddiscovery.ModFile/LOADING]: Found mixin config MixinConfig[config=ponder-common.mixins.json, requiredMods=[]]
[24May2026 18:05:28.684] [main/DEBUG] [net.neoforged.fml.loading.moddiscovery.ModFileParser/LOADING]: Considering mod file candidate F:\user files\Documents\GitHub\minecraft_limonata\MCreatorWorkspaces\limonata\run\mods\jei-1.21.1-neoforge-19.22.1.316.jar
[24May2026 18:05:28.686] [main/DEBUG] [net.neoforged.fml.loading.moddiscovery.ModFileInfo/LOADING]: Found valid mod file jei-1.21.1-neoforge-19.22.1.316.jar with {jei} mods - versions {19.22.1.316}
[24May2026 18:05:28.686] [main/DEBUG] [net.neoforged.fml.loading.moddiscovery.ModFile/LOADING]: Loading mod file F:\user files\Documents\GitHub\minecraft_limonata\MCreatorWorkspaces\limonata\run\mods\jei-1.21.1-neoforge-19.22.1.316.jar with languages [LanguageSpec[languageName=javafml, acceptedVersions=[4,)]]
[24May2026 18:05:28.686] [main/DEBUG] [net.neoforged.fml.loading.moddiscovery.ModFileParser/LOADING]: Considering mod file candidate 
[24May2026 18:05:28.687] [main/DEBUG] [net.neoforged.fml.loading.moddiscovery.ModFileInfo/LOADING]: Found valid mod file thedarkcolour.kffmod-5.9.0.jar with {kotlinforforge} mods - versions {5.9.0}
[24May2026 18:05:28.687] [main/DEBUG] [net.neoforged.fml.loading.moddiscovery.ModFile/LOADING]: Loading mod file  with languages [LanguageSpec[languageName=kotlinforforge, acceptedVersions=[5,)]]
[24May2026 18:05:28.687] [main/DEBUG] [net.neoforged.fml.loading.moddiscovery.ModFileParser/LOADING]: Considering mod file candidate 
[24May2026 18:05:28.687] [main/DEBUG] [net.neoforged.fml.loading.moddiscovery.ModFileInfo/LOADING]: Found valid mod file flywheel-neoforge-1.21.1-1.0.4.jar with {flywheel} mods - versions {1.0.4}
[24May2026 18:05:28.687] [main/DEBUG] [net.neoforged.fml.loading.moddiscovery.ModFile/LOADING]: Loading mod file  with languages [LanguageSpec[languageName=javafml, acceptedVersions=[0,)]]
[24May2026 18:05:28.688] [main/DEBUG] [net.neoforged.fml.loading.moddiscovery.ModFile/LOADING]: Found mixin config MixinConfig[config=flywheel.backend.mixins.json, requiredMods=[]]
[24May2026 18:05:28.688] [main/DEBUG] [net.neoforged.fml.loading.moddiscovery.ModFile/LOADING]: Found mixin config MixinConfig[config=flywheel.impl.mixins.json, requiredMods=[]]
[24May2026 18:05:28.688] [main/DEBUG] [net.neoforged.fml.loading.moddiscovery.ModFileParser/LOADING]: Considering mod file candidate F:\user files\Documents\GitHub\minecraft_limonata\MCreatorWorkspaces\limonata\run\mods\create-1.21.1-6.0.6.jar
[24May2026 18:05:28.689] [main/DEBUG] [net.neoforged.fml.loading.moddiscovery.ModFileInfo/LOADING]: Found valid mod file create-1.21.1-6.0.6.jar with {create} mods - versions {6.0.6}
[24May2026 18:05:28.689] [main/DEBUG] [net.neoforged.fml.loading.moddiscovery.ModFile/LOADING]: Loading mod file F:\user files\Documents\GitHub\minecraft_limonata\MCreatorWorkspaces\limonata\run\mods\create-1.21.1-6.0.6.jar with languages [LanguageSpec[languageName=javafml, acceptedVersions=[0,)]]
[24May2026 18:05:28.689] [main/DEBUG] [net.neoforged.fml.loading.moddiscovery.ModFile/LOADING]: Found mixin config MixinConfig[config=create.mixins.json, requiredMods=[]]
[24May2026 18:05:28.689] [main/DEBUG] [net.neoforged.fml.loading.moddiscovery.ModFileParser/LOADING]: Considering mod file candidate F:\user files\Documents\GitHub\minecraft_limonata\MCreatorWorkspaces\limonata\build\moddev\artifacts\neoforge-21.1.190.jar
[24May2026 18:05:28.690] [main/DEBUG] [net.neoforged.fml.loading.moddiscovery.ModFileInfo/LOADING]: Found valid mod file neoforge-21.1.190.jar with {neoforge} mods - versions {21.1.190}
[24May2026 18:05:28.690] [main/DEBUG] [net.neoforged.fml.loading.moddiscovery.ModFile/LOADING]: Loading mod file F:\user files\Documents\GitHub\minecraft_limonata\MCreatorWorkspaces\limonata\build\moddev\artifacts\neoforge-21.1.190.jar with languages [LanguageSpec[languageName=javafml, acceptedVersions=[3,]]]
[24May2026 18:05:28.690] [main/DEBUG] [net.neoforged.fml.loading.moddiscovery.ModFile/LOADING]: Found mixin config MixinConfig[config=neoforge.mixins.json, requiredMods=[]]
[24May2026 18:05:28.690] [main/DEBUG] [net.neoforged.fml.loading.moddiscovery.ModFileParser/LOADING]: Considering mod file candidate F:\user files\Documents\GitHub\minecraft_limonata\MCreatorWorkspaces\limonata\run\mods\emi_loot-0.7.6+1.21+neoforge.jar
[24May2026 18:05:28.691] [main/DEBUG] [net.neoforged.fml.loading.moddiscovery.ModFileInfo/LOADING]: Found valid mod file emi_loot-0.7.6+1.21+neoforge.jar with {emi_loot} mods - versions {0.7.6+1.21+neoforge}
[24May2026 18:05:28.691] [main/DEBUG] [net.neoforged.fml.loading.moddiscovery.ModFile/LOADING]: Loading mod file F:\user files\Documents\GitHub\minecraft_limonata\MCreatorWorkspaces\limonata\run\mods\emi_loot-0.7.6+1.21+neoforge.jar with languages [LanguageSpec[languageName=javafml, acceptedVersions=[2,)]]
[24May2026 18:05:28.691] [main/DEBUG] [net.neoforged.fml.loading.moddiscovery.ModFile/LOADING]: Found mixin config MixinConfig[config=emi_loot.mixins.json, requiredMods=[]]
[24May2026 18:05:28.692] [main/DEBUG] [net.neoforged.fml.loading.moddiscovery.ModFileParser/LOADING]: Considering mod file candidate F:\user files\Documents\GitHub\minecraft_limonata\MCreatorWorkspaces\limonata\run\mods\appleskin-neoforge-mc1.21-3.0.7.jar
[24May2026 18:05:28.693] [main/DEBUG] [net.neoforged.fml.loading.moddiscovery.ModFileInfo/LOADING]: Found valid mod file appleskin-neoforge-mc1.21-3.0.7.jar with {appleskin} mods - versions {3.0.7+mc1.21}
[24May2026 18:05:28.693] [main/DEBUG] [net.neoforged.fml.loading.moddiscovery.ModFile/LOADING]: Loading mod file F:\user files\Documents\GitHub\minecraft_limonata\MCreatorWorkspaces\limonata\run\mods\appleskin-neoforge-mc1.21-3.0.7.jar with languages [LanguageSpec[languageName=javafml, acceptedVersions=[2,)]]
[24May2026 18:05:28.693] [main/DEBUG] [net.neoforged.fml.loading.moddiscovery.ModFileParser/LOADING]: Considering mod file candidate F:\user files\Documents\GitHub\minecraft_limonata\MCreatorWorkspaces\limonata\run\mods\BlockDetective-1.21-(v.2.1.0-NEO).jar
[24May2026 18:05:28.694] [main/DEBUG] [net.neoforged.fml.loading.moddiscovery.ModFileInfo/LOADING]: Found valid mod file BlockDetective-1.21-(v.2.1.0-NEO).jar with {block_detective} mods - versions {2.1.0}
[24May2026 18:05:28.694] [main/DEBUG] [net.neoforged.fml.loading.moddiscovery.ModFile/LOADING]: Loading mod file F:\user files\Documents\GitHub\minecraft_limonata\MCreatorWorkspaces\limonata\run\mods\BlockDetective-1.21-(v.2.1.0-NEO).jar with languages [LanguageSpec[languageName=javafml, acceptedVersions=[1,)]]
[24May2026 18:05:28.694] [main/DEBUG] [net.neoforged.fml.loading.moddiscovery.ModFileParser/LOADING]: Considering mod file candidate F:\user files\Documents\GitHub\minecraft_limonata\MCreatorWorkspaces\limonata\run\mods\fzzy_config-0.7.2+1.21+neoforge.jar
[24May2026 18:05:28.695] [main/DEBUG] [net.neoforged.fml.loading.moddiscovery.ModFileInfo/LOADING]: Found valid mod file fzzy_config-0.7.2+1.21+neoforge.jar with {fzzy_config} mods - versions {0.7.2+1.21+neoforge}
[24May2026 18:05:28.695] [main/DEBUG] [net.neoforged.fml.loading.moddiscovery.ModFile/LOADING]: Loading mod file F:\user files\Documents\GitHub\minecraft_limonata\MCreatorWorkspaces\limonata\run\mods\fzzy_config-0.7.2+1.21+neoforge.jar with languages [LanguageSpec[languageName=javafml, acceptedVersions=[1,)]]
[24May2026 18:05:28.695] [main/DEBUG] [net.neoforged.fml.loading.moddiscovery.ModFile/LOADING]: Loading mod file  with languages []
[24May2026 18:05:28.695] [main/DEBUG] [net.neoforged.fml.loading.moddiscovery.ModFile/LOADING]: Loading mod file  with languages []
[24May2026 18:05:28.696] [main/DEBUG] [net.neoforged.fml.loading.moddiscovery.ModFile/LOADING]: Loading mod file  with languages []
[24May2026 18:05:28.696] [main/DEBUG] [cpw.mods.modlauncher.TransformationServiceDecorator/MODLAUNCHER]: End scan trigger - transformation service fml
[24May2026 18:05:28.720] [main/DEBUG] [net.neoforged.fml.util.ServiceLoaderUtil/CORE]: Found 4 implementations of IModLanguageLoader:
[24May2026 18:05:28.720] [main/DEBUG] [net.neoforged.fml.util.ServiceLoaderUtil/CORE]: 	thedarkcolour.kotlinforforge.neoforge.KotlinLanguageLoader from kotlinforforge-5.9.0-all.jar > thedarkcolour.kfflang-5.9.0.jar
[24May2026 18:05:28.720] [main/DEBUG] [net.neoforged.fml.util.ServiceLoaderUtil/CORE]: 	net.neoforged.fml.javafmlmod.FMLJavaModLanguageProvider from loader-4.0.41.jar
[24May2026 18:05:28.720] [main/DEBUG] [net.neoforged.fml.util.ServiceLoaderUtil/CORE]: 	net.neoforged.fml.lowcodemod.LowCodeModLanguageProvider from loader-4.0.41.jar
[24May2026 18:05:28.720] [main/DEBUG] [net.neoforged.fml.util.ServiceLoaderUtil/CORE]: 	net.neoforged.fml.mclanguageprovider.MinecraftModLanguageProvider from loader-4.0.41.jar
[24May2026 18:05:28.721] [main/DEBUG] [net.neoforged.fml.loading.LanguageProviderLoader/CORE]: Found language provider kotlinforforge, version 5.9.0
[24May2026 18:05:28.721] [main/DEBUG] [net.neoforged.fml.loading.LanguageProviderLoader/CORE]: Found language provider javafml, version 4.0.41
[24May2026 18:05:28.722] [main/DEBUG] [net.neoforged.fml.loading.LanguageProviderLoader/CORE]: Found language provider lowcodefml, version 4.0.41
[24May2026 18:05:28.722] [main/DEBUG] [net.neoforged.fml.loading.LanguageProviderLoader/CORE]: Found language provider minecraft, version 4.0.41
[24May2026 18:05:28.725] [main/DEBUG] [net.neoforged.fml.loading.ModSorter/]: Configured system mods: [minecraft, neoforge]
[24May2026 18:05:28.725] [main/DEBUG] [net.neoforged.fml.loading.ModSorter/]: Found system mod: minecraft
[24May2026 18:05:28.726] [main/DEBUG] [net.neoforged.fml.loading.ModSorter/]: Found system mod: neoforge
[24May2026 18:05:28.728] [main/DEBUG] [net.neoforged.fml.loading.ModSorter/LOADING]: Found 38 mod requirements (30 mandatory, 8 optional)
[24May2026 18:05:28.729] [main/DEBUG] [net.neoforged.fml.loading.ModSorter/LOADING]: Found 0 mod requirements missing (0 mandatory, 0 optional)
[24May2026 18:05:28.833] [main/DEBUG] [mixin/]: Adding mixin platform agents for container net.neoforged.fml.loading.mixin.FMLMixinContainerHandle@30501e60
[24May2026 18:05:28.833] [main/DEBUG] [mixin/]: Instancing new MixinPlatformAgentMinecraftForge for net.neoforged.fml.loading.mixin.FMLMixinContainerHandle@30501e60
[24May2026 18:05:28.833] [main/DEBUG] [mixin/]: MixinPlatformAgentMinecraftForge rejected container net.neoforged.fml.loading.mixin.FMLMixinContainerHandle@30501e60
[24May2026 18:05:28.833] [main/DEBUG] [mixin/]: Instancing new MixinPlatformAgentDefault for net.neoforged.fml.loading.mixin.FMLMixinContainerHandle@30501e60
[24May2026 18:05:28.833] [main/DEBUG] [mixin/]: MixinPlatformAgentDefault accepted container net.neoforged.fml.loading.mixin.FMLMixinContainerHandle@30501e60
[24May2026 18:05:28.833] [main/DEBUG] [mixin/]: Instancing new FMLMixinPlatformAgent for net.neoforged.fml.loading.mixin.FMLMixinContainerHandle@30501e60
[24May2026 18:05:28.833] [main/DEBUG] [mixin/]: FMLMixinPlatformAgent accepted container net.neoforged.fml.loading.mixin.FMLMixinContainerHandle@30501e60
[24May2026 18:05:28.841] [main/DEBUG] [cpw.mods.modlauncher.TransformationServicesHandler/MODLAUNCHER]: Transformation services loading transformers
[24May2026 18:05:28.842] [main/DEBUG] [cpw.mods.modlauncher.TransformationServiceDecorator/MODLAUNCHER]: Initializing transformers for transformation service mixin
[24May2026 18:05:28.842] [main/DEBUG] [cpw.mods.modlauncher.TransformationServiceDecorator/MODLAUNCHER]: Initialized transformers for transformation service mixin
[24May2026 18:05:28.842] [main/DEBUG] [cpw.mods.modlauncher.TransformationServiceDecorator/MODLAUNCHER]: Initializing transformers for transformation service fml
[24May2026 18:05:28.842] [main/DEBUG] [net.neoforged.fml.loading.FMLServiceProvider/LOADING]: Loading coremod transformers
[24May2026 18:05:28.843] [main/DEBUG] [net.neoforged.fml.loading.FMLServiceProvider/CORE]: Not loading coremod script-engine since no mod requested it
[24May2026 18:05:28.844] [main/DEBUG] [net.neoforged.fml.util.ServiceLoaderUtil/CORE]: Found 1 implementations of ICoreMod:
[24May2026 18:05:28.844] [main/DEBUG] [net.neoforged.fml.util.ServiceLoaderUtil/CORE]: 	net.neoforged.neoforge.coremods.NeoForgeCoreMod from neoforge-21.1.190.jar > net.neoforged.neoforge-coremods-21.1.190.jar
[24May2026 18:05:28.848] [main/DEBUG] [net.neoforged.fml.loading.FMLServiceProvider/CORE]: Adding [Target[className=net.minecraft.world.level.biome.Biome, elementName=, elementDescriptor=, targetType=cpw.mods.modlauncher.api.TargetType@5b068087]] transformer from core-mod net.neoforged.neoforge.coremods.NeoForgeCoreMod@20749d9 in neoforge-21.1.190.jar > net.neoforged.neoforge-coremods-21.1.190.jar
[24May2026 18:05:28.848] [main/DEBUG] [net.neoforged.fml.loading.FMLServiceProvider/CORE]: Adding [Target[className=net.minecraft.world.level.levelgen.structure.Structure, elementName=, elementDescriptor=, targetType=cpw.mods.modlauncher.api.TargetType@5b068087]] transformer from core-mod net.neoforged.neoforge.coremods.NeoForgeCoreMod@20749d9 in neoforge-21.1.190.jar > net.neoforged.neoforge-coremods-21.1.190.jar
[24May2026 18:05:28.848] [main/DEBUG] [net.neoforged.fml.loading.FMLServiceProvider/CORE]: Adding [Target[className=net.minecraft.world.level.block.FlowerPotBlock, elementName=, elementDescriptor=, targetType=cpw.mods.modlauncher.api.TargetType@5b068087]] transformer from core-mod net.neoforged.neoforge.coremods.NeoForgeCoreMod@20749d9 in neoforge-21.1.190.jar > net.neoforged.neoforge-coremods-21.1.190.jar
[24May2026 18:05:28.848] [main/DEBUG] [net.neoforged.fml.loading.FMLServiceProvider/CORE]: Adding [Target[className=net/minecraft/world/entity/ai/village/VillageSiege, elementName=, elementDescriptor=, targetType=cpw.mods.modlauncher.api.TargetType@5b068087], Target[className=net/minecraft/world/level/NaturalSpawner, elementName=, elementDescriptor=, targetType=cpw.mods.modlauncher.api.TargetType@5b068087], Target[className=net/minecraft/world/entity/monster/ZombieVillager, elementName=, elementDescriptor=, targetType=cpw.mods.modlauncher.api.TargetType@5b068087], Target[className=net/minecraft/world/level/levelgen/PatrolSpawner, elementName=, elementDescriptor=, targetType=cpw.mods.modlauncher.api.TargetType@5b068087], Target[className=net/minecraft/world/level/levelgen/structure/structures/WoodlandMansionPieces$WoodlandMansionPiece, elementName=, elementDescriptor=, targetType=cpw.mods.modlauncher.api.TargetType@5b068087], Target[className=net/minecraft/world/entity/monster/Evoker$EvokerSummonSpellGoal, elementName=, elementDescriptor=, targetType=cpw.mods.modlauncher.api.TargetType@5b068087], Target[className=net/minecraft/server/commands/RaidCommand, elementName=, elementDescriptor=, targetType=cpw.mods.modlauncher.api.TargetType@5b068087], Target[className=net/minecraft/world/entity/animal/horse/SkeletonTrapGoal, elementName=, elementDescriptor=, targetType=cpw.mods.modlauncher.api.TargetType@5b068087], Target[className=net/minecraft/world/entity/npc/CatSpawner, elementName=, elementDescriptor=, targetType=cpw.mods.modlauncher.api.TargetType@5b068087], Target[className=net/minecraft/server/commands/SummonCommand, elementName=, elementDescriptor=, targetType=cpw.mods.modlauncher.api.TargetType@5b068087], Target[className=net/minecraft/world/entity/EntityType, elementName=, elementDescriptor=, targetType=cpw.mods.modlauncher.api.TargetType@5b068087], Target[className=net/minecraft/world/entity/npc/Villager, elementName=, elementDescriptor=, targetType=cpw.mods.modlauncher.api.TargetType@5b068087], Target[className=net/minecraft/world/level/levelgen/structure/structures/OceanRuinPieces$OceanRuinPiece, elementName=, elementDescriptor=, targetType=cpw.mods.modlauncher.api.TargetType@5b068087], Target[className=net/minecraft/world/entity/raid/Raid, elementName=, elementDescriptor=, targetType=cpw.mods.modlauncher.api.TargetType@5b068087], Target[className=net/minecraft/world/entity/monster/Strider, elementName=, elementDescriptor=, targetType=cpw.mods.modlauncher.api.TargetType@5b068087], Target[className=net/minecraft/world/entity/monster/Zombie, elementName=, elementDescriptor=, targetType=cpw.mods.modlauncher.api.TargetType@5b068087], Target[className=net/minecraft/world/entity/monster/Spider, elementName=, elementDescriptor=, targetType=cpw.mods.modlauncher.api.TargetType@5b068087], Target[className=net/minecraft/world/level/levelgen/structure/templatesystem/StructureTemplate, elementName=, elementDescriptor=, targetType=cpw.mods.modlauncher.api.TargetType@5b068087], Target[className=net/minecraft/world/level/levelgen/structure/structures/OceanMonumentPieces$OceanMonumentPiece, elementName=, elementDescriptor=, targetType=cpw.mods.modlauncher.api.TargetType@5b068087], Target[className=net/minecraft/world/level/levelgen/structure/structures/SwampHutPiece, elementName=, elementDescriptor=, targetType=cpw.mods.modlauncher.api.TargetType@5b068087], Target[className=net/minecraft/world/entity/animal/frog/Tadpole, elementName=, elementDescriptor=, targetType=cpw.mods.modlauncher.api.TargetType@5b068087], Target[className=net/minecraft/world/level/levelgen/PhantomSpawner, elementName=, elementDescriptor=, targetType=cpw.mods.modlauncher.api.TargetType@5b068087]] transformer from core-mod net.neoforged.neoforge.coremods.NeoForgeCoreMod@20749d9 in neoforge-21.1.190.jar > net.neoforged.neoforge-coremods-21.1.190.jar
[24May2026 18:05:28.859] [main/DEBUG] [cpw.mods.modlauncher.TransformStore/MODLAUNCHER]: Adding transformer net.neoforged.neoforge.coremods.ReplaceFieldWithGetterAccess@15d0849 to Target : cpw.mods.modlauncher.api.TargetType@5b068087 {Lnet/minecraft/world/level/biome/Biome;} {} {V}
[24May2026 18:05:28.860] [main/DEBUG] [cpw.mods.modlauncher.TransformStore/MODLAUNCHER]: Adding transformer net.neoforged.neoforge.coremods.ReplaceFieldWithGetterAccess@270b6b5e to Target : cpw.mods.modlauncher.api.TargetType@5b068087 {Lnet/minecraft/world/level/levelgen/structure/Structure;} {} {V}
[24May2026 18:05:28.860] [main/DEBUG] [cpw.mods.modlauncher.TransformStore/MODLAUNCHER]: Adding transformer net.neoforged.neoforge.coremods.ReplaceFieldWithGetterAccess@7e94d093 to Target : cpw.mods.modlauncher.api.TargetType@5b068087 {Lnet/minecraft/world/level/block/FlowerPotBlock;} {} {V}
[24May2026 18:05:28.860] [main/DEBUG] [cpw.mods.modlauncher.TransformStore/MODLAUNCHER]: Adding transformer net.neoforged.neoforge.coremods.MethodRedirector@7c6189d5 to Target : cpw.mods.modlauncher.api.TargetType@5b068087 {Lnet/minecraft/world/entity/ai/village/VillageSiege;} {} {V}
[24May2026 18:05:28.861] [main/DEBUG] [cpw.mods.modlauncher.TransformStore/MODLAUNCHER]: Adding transformer net.neoforged.neoforge.coremods.MethodRedirector@7c6189d5 to Target : cpw.mods.modlauncher.api.TargetType@5b068087 {Lnet/minecraft/world/level/NaturalSpawner;} {} {V}
[24May2026 18:05:28.861] [main/DEBUG] [cpw.mods.modlauncher.TransformStore/MODLAUNCHER]: Adding transformer net.neoforged.neoforge.coremods.MethodRedirector@7c6189d5 to Target : cpw.mods.modlauncher.api.TargetType@5b068087 {Lnet/minecraft/world/entity/monster/ZombieVillager;} {} {V}
[24May2026 18:05:28.861] [main/DEBUG] [cpw.mods.modlauncher.TransformStore/MODLAUNCHER]: Adding transformer net.neoforged.neoforge.coremods.MethodRedirector@7c6189d5 to Target : cpw.mods.modlauncher.api.TargetType@5b068087 {Lnet/minecraft/world/level/levelgen/PatrolSpawner;} {} {V}
[24May2026 18:05:28.861] [main/DEBUG] [cpw.mods.modlauncher.TransformStore/MODLAUNCHER]: Adding transformer net.neoforged.neoforge.coremods.MethodRedirector@7c6189d5 to Target : cpw.mods.modlauncher.api.TargetType@5b068087 {Lnet/minecraft/world/level/levelgen/structure/structures/WoodlandMansionPieces$WoodlandMansionPiece;} {} {V}
[24May2026 18:05:28.861] [main/DEBUG] [cpw.mods.modlauncher.TransformStore/MODLAUNCHER]: Adding transformer net.neoforged.neoforge.coremods.MethodRedirector@7c6189d5 to Target : cpw.mods.modlauncher.api.TargetType@5b068087 {Lnet/minecraft/world/entity/monster/Evoker$EvokerSummonSpellGoal;} {} {V}
[24May2026 18:05:28.861] [main/DEBUG] [cpw.mods.modlauncher.TransformStore/MODLAUNCHER]: Adding transformer net.neoforged.neoforge.coremods.MethodRedirector@7c6189d5 to Target : cpw.mods.modlauncher.api.TargetType@5b068087 {Lnet/minecraft/server/commands/RaidCommand;} {} {V}
[24May2026 18:05:28.861] [main/DEBUG] [cpw.mods.modlauncher.TransformStore/MODLAUNCHER]: Adding transformer net.neoforged.neoforge.coremods.MethodRedirector@7c6189d5 to Target : cpw.mods.modlauncher.api.TargetType@5b068087 {Lnet/minecraft/world/entity/animal/horse/SkeletonTrapGoal;} {} {V}
[24May2026 18:05:28.861] [main/DEBUG] [cpw.mods.modlauncher.TransformStore/MODLAUNCHER]: Adding transformer net.neoforged.neoforge.coremods.MethodRedirector@7c6189d5 to Target : cpw.mods.modlauncher.api.TargetType@5b068087 {Lnet/minecraft/world/entity/npc/CatSpawner;} {} {V}
[24May2026 18:05:28.861] [main/DEBUG] [cpw.mods.modlauncher.TransformStore/MODLAUNCHER]: Adding transformer net.neoforged.neoforge.coremods.MethodRedirector@7c6189d5 to Target : cpw.mods.modlauncher.api.TargetType@5b068087 {Lnet/minecraft/server/commands/SummonCommand;} {} {V}
[24May2026 18:05:28.861] [main/DEBUG] [cpw.mods.modlauncher.TransformStore/MODLAUNCHER]: Adding transformer net.neoforged.neoforge.coremods.MethodRedirector@7c6189d5 to Target : cpw.mods.modlauncher.api.TargetType@5b068087 {Lnet/minecraft/world/entity/EntityType;} {} {V}
[24May2026 18:05:28.862] [main/DEBUG] [cpw.mods.modlauncher.TransformStore/MODLAUNCHER]: Adding transformer net.neoforged.neoforge.coremods.MethodRedirector@7c6189d5 to Target : cpw.mods.modlauncher.api.TargetType@5b068087 {Lnet/minecraft/world/entity/npc/Villager;} {} {V}
[24May2026 18:05:28.862] [main/DEBUG] [cpw.mods.modlauncher.TransformStore/MODLAUNCHER]: Adding transformer net.neoforged.neoforge.coremods.MethodRedirector@7c6189d5 to Target : cpw.mods.modlauncher.api.TargetType@5b068087 {Lnet/minecraft/world/level/levelgen/structure/structures/OceanRuinPieces$OceanRuinPiece;} {} {V}
[24May2026 18:05:28.870] [main/DEBUG] [cpw.mods.modlauncher.TransformStore/MODLAUNCHER]: Adding transformer net.neoforged.neoforge.coremods.MethodRedirector@7c6189d5 to Target : cpw.mods.modlauncher.api.TargetType@5b068087 {Lnet/minecraft/world/entity/raid/Raid;} {} {V}
[24May2026 18:05:28.871] [main/DEBUG] [cpw.mods.modlauncher.TransformStore/MODLAUNCHER]: Adding transformer net.neoforged.neoforge.coremods.MethodRedirector@7c6189d5 to Target : cpw.mods.modlauncher.api.TargetType@5b068087 {Lnet/minecraft/world/entity/monster/Strider;} {} {V}
[24May2026 18:05:28.871] [main/DEBUG] [cpw.mods.modlauncher.TransformStore/MODLAUNCHER]: Adding transformer net.neoforged.neoforge.coremods.MethodRedirector@7c6189d5 to Target : cpw.mods.modlauncher.api.TargetType@5b068087 {Lnet/minecraft/world/entity/monster/Zombie;} {} {V}
[24May2026 18:05:28.871] [main/DEBUG] [cpw.mods.modlauncher.TransformStore/MODLAUNCHER]: Adding transformer net.neoforged.neoforge.coremods.MethodRedirector@7c6189d5 to Target : cpw.mods.modlauncher.api.TargetType@5b068087 {Lnet/minecraft/world/entity/monster/Spider;} {} {V}
[24May2026 18:05:28.871] [main/DEBUG] [cpw.mods.modlauncher.TransformStore/MODLAUNCHER]: Adding transformer net.neoforged.neoforge.coremods.MethodRedirector@7c6189d5 to Target : cpw.mods.modlauncher.api.TargetType@5b068087 {Lnet/minecraft/world/level/levelgen/structure/templatesystem/StructureTemplate;} {} {V}
[24May2026 18:05:28.871] [main/DEBUG] [cpw.mods.modlauncher.TransformStore/MODLAUNCHER]: Adding transformer net.neoforged.neoforge.coremods.MethodRedirector@7c6189d5 to Target : cpw.mods.modlauncher.api.TargetType@5b068087 {Lnet/minecraft/world/level/levelgen/structure/structures/OceanMonumentPieces$OceanMonumentPiece;} {} {V}
[24May2026 18:05:28.871] [main/DEBUG] [cpw.mods.modlauncher.TransformStore/MODLAUNCHER]: Adding transformer net.neoforged.neoforge.coremods.MethodRedirector@7c6189d5 to Target : cpw.mods.modlauncher.api.TargetType@5b068087 {Lnet/minecraft/world/level/levelgen/structure/structures/SwampHutPiece;} {} {V}
[24May2026 18:05:28.871] [main/DEBUG] [cpw.mods.modlauncher.TransformStore/MODLAUNCHER]: Adding transformer net.neoforged.neoforge.coremods.MethodRedirector@7c6189d5 to Target : cpw.mods.modlauncher.api.TargetType@5b068087 {Lnet/minecraft/world/entity/animal/frog/Tadpole;} {} {V}
[24May2026 18:05:28.871] [main/DEBUG] [cpw.mods.modlauncher.TransformStore/MODLAUNCHER]: Adding transformer net.neoforged.neoforge.coremods.MethodRedirector@7c6189d5 to Target : cpw.mods.modlauncher.api.TargetType@5b068087 {Lnet/minecraft/world/level/levelgen/PhantomSpawner;} {} {V}
[24May2026 18:05:28.871] [main/DEBUG] [cpw.mods.modlauncher.TransformationServiceDecorator/MODLAUNCHER]: Initialized transformers for transformation service fml
[24May2026 18:05:29.267] [main/DEBUG] [mixin/]: Processing prepare() for PlatformAgent[MixinPlatformAgentDefault:ModLauncher Root Container(ModLauncher:4f56a0a2)]
[24May2026 18:05:29.267] [main/DEBUG] [mixin/]: Processing prepare() for PlatformAgent[MixinPlatformAgentDefault:net.neoforged.fml.loading.mixin.FMLMixinContainerHandle@30501e60]
[24May2026 18:05:29.267] [main/DEBUG] [mixin/]: Processing prepare() for PlatformAgent[FMLMixinPlatformAgent:null]
[24May2026 18:05:29.299] [main/DEBUG] [mixin/]: Compatibility level JAVA_21 specified by farmersdelight.mixins.json is higher than the maximum level supported by this version of mixin (JAVA_13).
[24May2026 18:05:29.303] [main/INFO] [mixin/]: Compatibility level set to JAVA_21
[24May2026 18:05:29.305] [main/DEBUG] [mixin/]: Compatibility level JAVA_17 specified by emi.mixins.json is higher than the maximum level supported by this version of mixin (JAVA_13).
[24May2026 18:05:29.306] [main/DEBUG] [mixin/]: Compatibility level JAVA_17 specified by emi-neoforge.mixins.json is higher than the maximum level supported by this version of mixin (JAVA_13).
[24May2026 18:05:29.308] [main/DEBUG] [mixin/]: Compatibility level JAVA_18 specified by tagtooltips.mixins.json is higher than the maximum level supported by this version of mixin (JAVA_13).
[24May2026 18:05:29.309] [main/DEBUG] [mixin/]: Compatibility level JAVA_16 specified by jade.mixins.json is higher than the maximum level supported by this version of mixin (JAVA_13).
[24May2026 18:05:29.311] [main/DEBUG] [mixin/]: Compatibility level JAVA_17 specified by ponder.mixins.json is higher than the maximum level supported by this version of mixin (JAVA_13).
[24May2026 18:05:29.312] [main/DEBUG] [mixin/]: Compatibility level JAVA_17 specified by ponder-common.mixins.json is higher than the maximum level supported by this version of mixin (JAVA_13).
[24May2026 18:05:29.314] [main/DEBUG] [mixin/]: Mixin config emi_loot.mixins.json does not specify "minVersion" or "requiredFeatures" property
[24May2026 18:05:29.316] [main/DEBUG] [mixin/]: Processing launch tasks for PlatformAgent[MixinPlatformAgentDefault:ModLauncher Root Container(ModLauncher:4f56a0a2)]
[24May2026 18:05:29.316] [main/DEBUG] [mixin/]: Adding mixin platform agents for container SecureJarResource(mixin_synthetic)
[24May2026 18:05:29.316] [main/DEBUG] [mixin/]: Instancing new MixinPlatformAgentMinecraftForge for SecureJarResource(mixin_synthetic)
[24May2026 18:05:29.316] [main/DEBUG] [mixin/]: MixinPlatformAgentMinecraftForge rejected container SecureJarResource(mixin_synthetic)
[24May2026 18:05:29.316] [main/DEBUG] [mixin/]: Instancing new MixinPlatformAgentDefault for SecureJarResource(mixin_synthetic)
[24May2026 18:05:29.316] [main/DEBUG] [mixin/]: MixinPlatformAgentDefault accepted container SecureJarResource(mixin_synthetic)
[24May2026 18:05:29.317] [main/DEBUG] [mixin/]: Instancing new FMLMixinPlatformAgent for SecureJarResource(mixin_synthetic)
[24May2026 18:05:29.317] [main/DEBUG] [mixin/]: FMLMixinPlatformAgent rejected container SecureJarResource(mixin_synthetic)
[24May2026 18:05:29.317] [main/DEBUG] [mixin/]: Processing prepare() for PlatformAgent[MixinPlatformAgentDefault:SecureJarResource(mixin_synthetic)]
[24May2026 18:05:29.317] [main/DEBUG] [mixin/]: Adding mixin platform agents for container SecureJarResource(farmersdelight)
[24May2026 18:05:29.317] [main/DEBUG] [mixin/]: Instancing new MixinPlatformAgentMinecraftForge for SecureJarResource(farmersdelight)
[24May2026 18:05:29.317] [main/DEBUG] [mixin/]: MixinPlatformAgentMinecraftForge rejected container SecureJarResource(farmersdelight)
[24May2026 18:05:29.317] [main/DEBUG] [mixin/]: Instancing new MixinPlatformAgentDefault for SecureJarResource(farmersdelight)
[24May2026 18:05:29.317] [main/DEBUG] [mixin/]: MixinPlatformAgentDefault accepted container SecureJarResource(farmersdelight)
[24May2026 18:05:29.317] [main/DEBUG] [mixin/]: Instancing new FMLMixinPlatformAgent for SecureJarResource(farmersdelight)
[24May2026 18:05:29.318] [main/DEBUG] [mixin/]: FMLMixinPlatformAgent rejected container SecureJarResource(farmersdelight)
[24May2026 18:05:29.318] [main/DEBUG] [mixin/]: Processing prepare() for PlatformAgent[MixinPlatformAgentDefault:SecureJarResource(farmersdelight)]
[24May2026 18:05:29.318] [main/DEBUG] [mixin/]: Adding mixin platform agents for container SecureJarResource(emi)
[24May2026 18:05:29.318] [main/DEBUG] [mixin/]: Instancing new MixinPlatformAgentMinecraftForge for SecureJarResource(emi)
[24May2026 18:05:29.318] [main/DEBUG] [mixin/]: MixinPlatformAgentMinecraftForge rejected container SecureJarResource(emi)
[24May2026 18:05:29.318] [main/DEBUG] [mixin/]: Instancing new MixinPlatformAgentDefault for SecureJarResource(emi)
[24May2026 18:05:29.318] [main/DEBUG] [mixin/]: MixinPlatformAgentDefault accepted container SecureJarResource(emi)
[24May2026 18:05:29.318] [main/DEBUG] [mixin/]: Instancing new FMLMixinPlatformAgent for SecureJarResource(emi)
[24May2026 18:05:29.318] [main/DEBUG] [mixin/]: FMLMixinPlatformAgent rejected container SecureJarResource(emi)
[24May2026 18:05:29.319] [main/DEBUG] [mixin/]: Processing prepare() for PlatformAgent[MixinPlatformAgentDefault:SecureJarResource(emi)]
[24May2026 18:05:29.319] [main/DEBUG] [mixin/]: Adding mixin platform agents for container SecureJarResource(minecraft)
[24May2026 18:05:29.319] [main/DEBUG] [mixin/]: Instancing new MixinPlatformAgentMinecraftForge for SecureJarResource(minecraft)
[24May2026 18:05:29.319] [main/DEBUG] [mixin/]: MixinPlatformAgentMinecraftForge rejected container SecureJarResource(minecraft)
[24May2026 18:05:29.319] [main/DEBUG] [mixin/]: Instancing new MixinPlatformAgentDefault for SecureJarResource(minecraft)
[24May2026 18:05:29.319] [main/DEBUG] [mixin/]: MixinPlatformAgentDefault accepted container SecureJarResource(minecraft)
[24May2026 18:05:29.319] [main/DEBUG] [mixin/]: Instancing new FMLMixinPlatformAgent for SecureJarResource(minecraft)
[24May2026 18:05:29.319] [main/DEBUG] [mixin/]: FMLMixinPlatformAgent rejected container SecureJarResource(minecraft)
[24May2026 18:05:29.319] [main/DEBUG] [mixin/]: Processing prepare() for PlatformAgent[MixinPlatformAgentDefault:SecureJarResource(minecraft)]
[24May2026 18:05:29.319] [main/DEBUG] [mixin/]: Adding mixin platform agents for container SecureJarResource(tagtooltips)
[24May2026 18:05:29.320] [main/DEBUG] [mixin/]: Instancing new MixinPlatformAgentMinecraftForge for SecureJarResource(tagtooltips)
[24May2026 18:05:29.320] [main/DEBUG] [mixin/]: MixinPlatformAgentMinecraftForge rejected container SecureJarResource(tagtooltips)
[24May2026 18:05:29.320] [main/DEBUG] [mixin/]: Instancing new MixinPlatformAgentDefault for SecureJarResource(tagtooltips)
[24May2026 18:05:29.320] [main/DEBUG] [mixin/]: MixinPlatformAgentDefault accepted container SecureJarResource(tagtooltips)
[24May2026 18:05:29.320] [main/DEBUG] [mixin/]: Instancing new FMLMixinPlatformAgent for SecureJarResource(tagtooltips)
[24May2026 18:05:29.320] [main/DEBUG] [mixin/]: FMLMixinPlatformAgent rejected container SecureJarResource(tagtooltips)
[24May2026 18:05:29.320] [main/DEBUG] [mixin/]: Processing prepare() for PlatformAgent[MixinPlatformAgentDefault:SecureJarResource(tagtooltips)]
[24May2026 18:05:29.320] [main/DEBUG] [mixin/]: Adding mixin platform agents for container SecureJarResource(jade)
[24May2026 18:05:29.320] [main/DEBUG] [mixin/]: Instancing new MixinPlatformAgentMinecraftForge for SecureJarResource(jade)
[24May2026 18:05:29.320] [main/DEBUG] [mixin/]: MixinPlatformAgentMinecraftForge rejected container SecureJarResource(jade)
[24May2026 18:05:29.320] [main/DEBUG] [mixin/]: Instancing new MixinPlatformAgentDefault for SecureJarResource(jade)
[24May2026 18:05:29.321] [main/DEBUG] [mixin/]: MixinPlatformAgentDefault accepted container SecureJarResource(jade)
[24May2026 18:05:29.321] [main/DEBUG] [mixin/]: Instancing new FMLMixinPlatformAgent for SecureJarResource(jade)
[24May2026 18:05:29.321] [main/DEBUG] [mixin/]: FMLMixinPlatformAgent rejected container SecureJarResource(jade)
[24May2026 18:05:29.321] [main/DEBUG] [mixin/]: Processing prepare() for PlatformAgent[MixinPlatformAgentDefault:SecureJarResource(jade)]
[24May2026 18:05:29.321] [main/DEBUG] [mixin/]: Registering mixin config: jade.mixins.json source=SecureJarResource(jade)
[24May2026 18:05:29.321] [main/DEBUG] [mixin/]: Adding mixin platform agents for container SecureJarResource(appleskin)
[24May2026 18:05:29.321] [main/DEBUG] [mixin/]: Instancing new MixinPlatformAgentMinecraftForge for SecureJarResource(appleskin)
[24May2026 18:05:29.321] [main/DEBUG] [mixin/]: MixinPlatformAgentMinecraftForge rejected container SecureJarResource(appleskin)
[24May2026 18:05:29.321] [main/DEBUG] [mixin/]: Instancing new MixinPlatformAgentDefault for SecureJarResource(appleskin)
[24May2026 18:05:29.322] [main/DEBUG] [mixin/]: MixinPlatformAgentDefault accepted container SecureJarResource(appleskin)
[24May2026 18:05:29.322] [main/DEBUG] [mixin/]: Instancing new FMLMixinPlatformAgent for SecureJarResource(appleskin)
[24May2026 18:05:29.322] [main/DEBUG] [mixin/]: FMLMixinPlatformAgent rejected container SecureJarResource(appleskin)
[24May2026 18:05:29.322] [main/DEBUG] [mixin/]: Processing prepare() for PlatformAgent[MixinPlatformAgentDefault:SecureJarResource(appleskin)]
[24May2026 18:05:29.322] [main/DEBUG] [mixin/]: Adding mixin platform agents for container SecureJarResource(jei)
[24May2026 18:05:29.322] [main/DEBUG] [mixin/]: Instancing new MixinPlatformAgentMinecraftForge for SecureJarResource(jei)
[24May2026 18:05:29.322] [main/DEBUG] [mixin/]: MixinPlatformAgentMinecraftForge rejected container SecureJarResource(jei)
[24May2026 18:05:29.322] [main/DEBUG] [mixin/]: Instancing new MixinPlatformAgentDefault for SecureJarResource(jei)
[24May2026 18:05:29.322] [main/DEBUG] [mixin/]: MixinPlatformAgentDefault accepted container SecureJarResource(jei)
[24May2026 18:05:29.323] [main/DEBUG] [mixin/]: Instancing new FMLMixinPlatformAgent for SecureJarResource(jei)
[24May2026 18:05:29.323] [main/DEBUG] [mixin/]: FMLMixinPlatformAgent rejected container SecureJarResource(jei)
[24May2026 18:05:29.323] [main/DEBUG] [mixin/]: Processing prepare() for PlatformAgent[MixinPlatformAgentDefault:SecureJarResource(jei)]
[24May2026 18:05:29.323] [main/DEBUG] [mixin/]: Adding mixin platform agents for container SecureJarResource(block_detective)
[24May2026 18:05:29.323] [main/DEBUG] [mixin/]: Instancing new MixinPlatformAgentMinecraftForge for SecureJarResource(block_detective)
[24May2026 18:05:29.323] [main/DEBUG] [mixin/]: MixinPlatformAgentMinecraftForge rejected container SecureJarResource(block_detective)
[24May2026 18:05:29.323] [main/DEBUG] [mixin/]: Instancing new MixinPlatformAgentDefault for SecureJarResource(block_detective)
[24May2026 18:05:29.323] [main/DEBUG] [mixin/]: MixinPlatformAgentDefault accepted container SecureJarResource(block_detective)
[24May2026 18:05:29.323] [main/DEBUG] [mixin/]: Instancing new FMLMixinPlatformAgent for SecureJarResource(block_detective)
[24May2026 18:05:29.323] [main/DEBUG] [mixin/]: FMLMixinPlatformAgent rejected container SecureJarResource(block_detective)
[24May2026 18:05:29.323] [main/DEBUG] [mixin/]: Processing prepare() for PlatformAgent[MixinPlatformAgentDefault:SecureJarResource(block_detective)]
[24May2026 18:05:29.323] [main/DEBUG] [mixin/]: Adding mixin platform agents for container SecureJarResource(kotlinforforge)
[24May2026 18:05:29.323] [main/DEBUG] [mixin/]: Instancing new MixinPlatformAgentMinecraftForge for SecureJarResource(kotlinforforge)
[24May2026 18:05:29.323] [main/DEBUG] [mixin/]: MixinPlatformAgentMinecraftForge rejected container SecureJarResource(kotlinforforge)
[24May2026 18:05:29.323] [main/DEBUG] [mixin/]: Instancing new MixinPlatformAgentDefault for SecureJarResource(kotlinforforge)
[24May2026 18:05:29.323] [main/DEBUG] [mixin/]: MixinPlatformAgentDefault accepted container SecureJarResource(kotlinforforge)
[24May2026 18:05:29.323] [main/DEBUG] [mixin/]: Instancing new FMLMixinPlatformAgent for SecureJarResource(kotlinforforge)
[24May2026 18:05:29.324] [main/DEBUG] [mixin/]: FMLMixinPlatformAgent rejected container SecureJarResource(kotlinforforge)
[24May2026 18:05:29.324] [main/DEBUG] [mixin/]: Processing prepare() for PlatformAgent[MixinPlatformAgentDefault:SecureJarResource(kotlinforforge)]
[24May2026 18:05:29.324] [main/DEBUG] [mixin/]: Adding mixin platform agents for container SecureJarResource(fzzy_config)
[24May2026 18:05:29.324] [main/DEBUG] [mixin/]: Instancing new MixinPlatformAgentMinecraftForge for SecureJarResource(fzzy_config)
[24May2026 18:05:29.324] [main/DEBUG] [mixin/]: MixinPlatformAgentMinecraftForge rejected container SecureJarResource(fzzy_config)
[24May2026 18:05:29.324] [main/DEBUG] [mixin/]: Instancing new MixinPlatformAgentDefault for SecureJarResource(fzzy_config)
[24May2026 18:05:29.324] [main/DEBUG] [mixin/]: MixinPlatformAgentDefault accepted container SecureJarResource(fzzy_config)
[24May2026 18:05:29.324] [main/DEBUG] [mixin/]: Instancing new FMLMixinPlatformAgent for SecureJarResource(fzzy_config)
[24May2026 18:05:29.324] [main/DEBUG] [mixin/]: FMLMixinPlatformAgent rejected container SecureJarResource(fzzy_config)
[24May2026 18:05:29.324] [main/DEBUG] [mixin/]: Processing prepare() for PlatformAgent[MixinPlatformAgentDefault:SecureJarResource(fzzy_config)]
[24May2026 18:05:29.324] [main/DEBUG] [mixin/]: Adding mixin platform agents for container SecureJarResource(flywheel)
[24May2026 18:05:29.324] [main/DEBUG] [mixin/]: Instancing new MixinPlatformAgentMinecraftForge for SecureJarResource(flywheel)
[24May2026 18:05:29.324] [main/DEBUG] [mixin/]: MixinPlatformAgentMinecraftForge rejected container SecureJarResource(flywheel)
[24May2026 18:05:29.324] [main/DEBUG] [mixin/]: Instancing new MixinPlatformAgentDefault for SecureJarResource(flywheel)
[24May2026 18:05:29.324] [main/DEBUG] [mixin/]: MixinPlatformAgentDefault accepted container SecureJarResource(flywheel)
[24May2026 18:05:29.324] [main/DEBUG] [mixin/]: Instancing new FMLMixinPlatformAgent for SecureJarResource(flywheel)
[24May2026 18:05:29.324] [main/DEBUG] [mixin/]: FMLMixinPlatformAgent rejected container SecureJarResource(flywheel)
[24May2026 18:05:29.324] [main/DEBUG] [mixin/]: Processing prepare() for PlatformAgent[MixinPlatformAgentDefault:SecureJarResource(flywheel)]
[24May2026 18:05:29.324] [main/DEBUG] [mixin/]: Adding mixin platform agents for container SecureJarResource(ponder)
[24May2026 18:05:29.325] [main/DEBUG] [mixin/]: Instancing new MixinPlatformAgentMinecraftForge for SecureJarResource(ponder)
[24May2026 18:05:29.325] [main/DEBUG] [mixin/]: MixinPlatformAgentMinecraftForge rejected container SecureJarResource(ponder)
[24May2026 18:05:29.325] [main/DEBUG] [mixin/]: Instancing new MixinPlatformAgentDefault for SecureJarResource(ponder)
[24May2026 18:05:29.325] [main/DEBUG] [mixin/]: MixinPlatformAgentDefault accepted container SecureJarResource(ponder)
[24May2026 18:05:29.325] [main/DEBUG] [mixin/]: Instancing new FMLMixinPlatformAgent for SecureJarResource(ponder)
[24May2026 18:05:29.325] [main/DEBUG] [mixin/]: FMLMixinPlatformAgent rejected container SecureJarResource(ponder)
[24May2026 18:05:29.325] [main/DEBUG] [mixin/]: Processing prepare() for PlatformAgent[MixinPlatformAgentDefault:SecureJarResource(ponder)]
[24May2026 18:05:29.325] [main/DEBUG] [mixin/]: Adding mixin platform agents for container SecureJarResource(create)
[24May2026 18:05:29.325] [main/DEBUG] [mixin/]: Instancing new MixinPlatformAgentMinecraftForge for SecureJarResource(create)
[24May2026 18:05:29.325] [main/DEBUG] [mixin/]: MixinPlatformAgentMinecraftForge rejected container SecureJarResource(create)
[24May2026 18:05:29.325] [main/DEBUG] [mixin/]: Instancing new MixinPlatformAgentDefault for SecureJarResource(create)
[24May2026 18:05:29.325] [main/DEBUG] [mixin/]: MixinPlatformAgentDefault accepted container SecureJarResource(create)
[24May2026 18:05:29.325] [main/DEBUG] [mixin/]: Instancing new FMLMixinPlatformAgent for SecureJarResource(create)
[24May2026 18:05:29.325] [main/DEBUG] [mixin/]: FMLMixinPlatformAgent rejected container SecureJarResource(create)
[24May2026 18:05:29.325] [main/DEBUG] [mixin/]: Processing prepare() for PlatformAgent[MixinPlatformAgentDefault:SecureJarResource(create)]
[24May2026 18:05:29.325] [main/DEBUG] [mixin/]: Registering mixin config: create.mixins.json source=SecureJarResource(create)
[24May2026 18:05:29.325] [main/DEBUG] [mixin/]: Adding mixin platform agents for container SecureJarResource(limonata)
[24May2026 18:05:29.325] [main/DEBUG] [mixin/]: Instancing new MixinPlatformAgentMinecraftForge for SecureJarResource(limonata)
[24May2026 18:05:29.325] [main/DEBUG] [mixin/]: MixinPlatformAgentMinecraftForge rejected container SecureJarResource(limonata)
[24May2026 18:05:29.326] [main/DEBUG] [mixin/]: Instancing new MixinPlatformAgentDefault for SecureJarResource(limonata)
[24May2026 18:05:29.326] [main/DEBUG] [mixin/]: MixinPlatformAgentDefault accepted container SecureJarResource(limonata)
[24May2026 18:05:29.326] [main/DEBUG] [mixin/]: Instancing new FMLMixinPlatformAgent for SecureJarResource(limonata)
[24May2026 18:05:29.326] [main/DEBUG] [mixin/]: FMLMixinPlatformAgent rejected container SecureJarResource(limonata)
[24May2026 18:05:29.326] [main/DEBUG] [mixin/]: Processing prepare() for PlatformAgent[MixinPlatformAgentDefault:SecureJarResource(limonata)]
[24May2026 18:05:29.326] [main/DEBUG] [mixin/]: Adding mixin platform agents for container SecureJarResource(emi_loot)
[24May2026 18:05:29.326] [main/DEBUG] [mixin/]: Instancing new MixinPlatformAgentMinecraftForge for SecureJarResource(emi_loot)
[24May2026 18:05:29.326] [main/DEBUG] [mixin/]: MixinPlatformAgentMinecraftForge rejected container SecureJarResource(emi_loot)
[24May2026 18:05:29.326] [main/DEBUG] [mixin/]: Instancing new MixinPlatformAgentDefault for SecureJarResource(emi_loot)
[24May2026 18:05:29.326] [main/DEBUG] [mixin/]: MixinPlatformAgentDefault accepted container SecureJarResource(emi_loot)
[24May2026 18:05:29.326] [main/DEBUG] [mixin/]: Instancing new FMLMixinPlatformAgent for SecureJarResource(emi_loot)
[24May2026 18:05:29.326] [main/DEBUG] [mixin/]: FMLMixinPlatformAgent rejected container SecureJarResource(emi_loot)
[24May2026 18:05:29.326] [main/DEBUG] [mixin/]: Processing prepare() for PlatformAgent[MixinPlatformAgentDefault:SecureJarResource(emi_loot)]
[24May2026 18:05:29.326] [main/DEBUG] [mixin/]: Adding mixin platform agents for container SecureJarResource(Registrate.MC1._21._62)
[24May2026 18:05:29.326] [main/DEBUG] [mixin/]: Instancing new MixinPlatformAgentMinecraftForge for SecureJarResource(Registrate.MC1._21._62)
[24May2026 18:05:29.326] [main/DEBUG] [mixin/]: MixinPlatformAgentMinecraftForge rejected container SecureJarResource(Registrate.MC1._21._62)
[24May2026 18:05:29.327] [main/DEBUG] [mixin/]: Instancing new MixinPlatformAgentDefault for SecureJarResource(Registrate.MC1._21._62)
[24May2026 18:05:29.327] [main/DEBUG] [mixin/]: MixinPlatformAgentDefault accepted container SecureJarResource(Registrate.MC1._21._62)
[24May2026 18:05:29.327] [main/DEBUG] [mixin/]: Instancing new FMLMixinPlatformAgent for SecureJarResource(Registrate.MC1._21._62)
[24May2026 18:05:29.327] [main/DEBUG] [mixin/]: FMLMixinPlatformAgent rejected container SecureJarResource(Registrate.MC1._21._62)
[24May2026 18:05:29.327] [main/DEBUG] [mixin/]: Processing prepare() for PlatformAgent[MixinPlatformAgentDefault:SecureJarResource(Registrate.MC1._21._62)]
[24May2026 18:05:29.327] [main/DEBUG] [mixin/]: Adding mixin platform agents for container SecureJarResource(mixinextras.neoforge)
[24May2026 18:05:29.327] [main/DEBUG] [mixin/]: Instancing new MixinPlatformAgentMinecraftForge for SecureJarResource(mixinextras.neoforge)
[24May2026 18:05:29.327] [main/DEBUG] [mixin/]: MixinPlatformAgentMinecraftForge rejected container SecureJarResource(mixinextras.neoforge)
[24May2026 18:05:29.327] [main/DEBUG] [mixin/]: Instancing new MixinPlatformAgentDefault for SecureJarResource(mixinextras.neoforge)
[24May2026 18:05:29.327] [main/DEBUG] [mixin/]: MixinPlatformAgentDefault accepted container SecureJarResource(mixinextras.neoforge)
[24May2026 18:05:29.327] [main/DEBUG] [mixin/]: Instancing new FMLMixinPlatformAgent for SecureJarResource(mixinextras.neoforge)
[24May2026 18:05:29.327] [main/DEBUG] [mixin/]: FMLMixinPlatformAgent rejected container SecureJarResource(mixinextras.neoforge)
[24May2026 18:05:29.327] [main/DEBUG] [mixin/]: Processing prepare() for PlatformAgent[MixinPlatformAgentDefault:SecureJarResource(mixinextras.neoforge)]
[24May2026 18:05:29.327] [main/DEBUG] [mixin/]: Registering mixin config: mixinextras.init.mixins.json source=SecureJarResource(mixinextras.neoforge)
[24May2026 18:05:29.328] [main/DEBUG] [mixin/]: Adding mixin platform agents for container SecureJarResource(thedarkcolour.kfflib)
[24May2026 18:05:29.328] [main/DEBUG] [mixin/]: Instancing new MixinPlatformAgentMinecraftForge for SecureJarResource(thedarkcolour.kfflib)
[24May2026 18:05:29.328] [main/DEBUG] [mixin/]: MixinPlatformAgentMinecraftForge rejected container SecureJarResource(thedarkcolour.kfflib)
[24May2026 18:05:29.328] [main/DEBUG] [mixin/]: Instancing new MixinPlatformAgentDefault for SecureJarResource(thedarkcolour.kfflib)
[24May2026 18:05:29.328] [main/DEBUG] [mixin/]: MixinPlatformAgentDefault accepted container SecureJarResource(thedarkcolour.kfflib)
[24May2026 18:05:29.328] [main/DEBUG] [mixin/]: Instancing new FMLMixinPlatformAgent for SecureJarResource(thedarkcolour.kfflib)
[24May2026 18:05:29.328] [main/DEBUG] [mixin/]: FMLMixinPlatformAgent rejected container SecureJarResource(thedarkcolour.kfflib)
[24May2026 18:05:29.328] [main/DEBUG] [mixin/]: Processing prepare() for PlatformAgent[MixinPlatformAgentDefault:SecureJarResource(thedarkcolour.kfflib)]
[24May2026 18:05:29.328] [main/DEBUG] [mixin/]: inject() running with 21 agents
[24May2026 18:05:29.328] [main/DEBUG] [mixin/]: Processing inject() for PlatformAgent[MixinPlatformAgentDefault:ModLauncher Root Container(ModLauncher:4f56a0a2)]
[24May2026 18:05:29.328] [main/DEBUG] [mixin/]: Processing inject() for PlatformAgent[MixinPlatformAgentDefault:net.neoforged.fml.loading.mixin.FMLMixinContainerHandle@30501e60]
[24May2026 18:05:29.328] [main/DEBUG] [mixin/]: Processing inject() for PlatformAgent[FMLMixinPlatformAgent:null]
[24May2026 18:05:29.329] [main/DEBUG] [mixin/]: Processing inject() for PlatformAgent[MixinPlatformAgentDefault:SecureJarResource(mixin_synthetic)]
[24May2026 18:05:29.329] [main/DEBUG] [mixin/]: Processing inject() for PlatformAgent[MixinPlatformAgentDefault:SecureJarResource(farmersdelight)]
[24May2026 18:05:29.329] [main/DEBUG] [mixin/]: Processing inject() for PlatformAgent[MixinPlatformAgentDefault:SecureJarResource(emi)]
[24May2026 18:05:29.329] [main/DEBUG] [mixin/]: Processing inject() for PlatformAgent[MixinPlatformAgentDefault:SecureJarResource(minecraft)]
[24May2026 18:05:29.329] [main/DEBUG] [mixin/]: Processing inject() for PlatformAgent[MixinPlatformAgentDefault:SecureJarResource(tagtooltips)]
[24May2026 18:05:29.329] [main/DEBUG] [mixin/]: Processing inject() for PlatformAgent[MixinPlatformAgentDefault:SecureJarResource(jade)]
[24May2026 18:05:29.329] [main/DEBUG] [mixin/]: Processing inject() for PlatformAgent[MixinPlatformAgentDefault:SecureJarResource(appleskin)]
[24May2026 18:05:29.329] [main/DEBUG] [mixin/]: Processing inject() for PlatformAgent[MixinPlatformAgentDefault:SecureJarResource(jei)]
[24May2026 18:05:29.329] [main/DEBUG] [mixin/]: Processing inject() for PlatformAgent[MixinPlatformAgentDefault:SecureJarResource(block_detective)]
[24May2026 18:05:29.329] [main/DEBUG] [mixin/]: Processing inject() for PlatformAgent[MixinPlatformAgentDefault:SecureJarResource(kotlinforforge)]
[24May2026 18:05:29.329] [main/DEBUG] [mixin/]: Processing inject() for PlatformAgent[MixinPlatformAgentDefault:SecureJarResource(fzzy_config)]
[24May2026 18:05:29.329] [main/DEBUG] [mixin/]: Processing inject() for PlatformAgent[MixinPlatformAgentDefault:SecureJarResource(flywheel)]
[24May2026 18:05:29.329] [main/DEBUG] [mixin/]: Processing inject() for PlatformAgent[MixinPlatformAgentDefault:SecureJarResource(ponder)]
[24May2026 18:05:29.329] [main/DEBUG] [mixin/]: Processing inject() for PlatformAgent[MixinPlatformAgentDefault:SecureJarResource(create)]
[24May2026 18:05:29.329] [main/DEBUG] [mixin/]: Processing inject() for PlatformAgent[MixinPlatformAgentDefault:SecureJarResource(limonata)]
[24May2026 18:05:29.329] [main/DEBUG] [mixin/]: Processing inject() for PlatformAgent[MixinPlatformAgentDefault:SecureJarResource(emi_loot)]
[24May2026 18:05:29.329] [main/DEBUG] [mixin/]: Processing inject() for PlatformAgent[MixinPlatformAgentDefault:SecureJarResource(Registrate.MC1._21._62)]
[24May2026 18:05:29.329] [main/DEBUG] [mixin/]: Processing inject() for PlatformAgent[MixinPlatformAgentDefault:SecureJarResource(mixinextras.neoforge)]
[24May2026 18:05:29.329] [main/DEBUG] [mixin/]: Processing inject() for PlatformAgent[MixinPlatformAgentDefault:SecureJarResource(thedarkcolour.kfflib)]
[24May2026 18:05:29.330] [main/INFO] [cpw.mods.modlauncher.LaunchServiceHandler/MODLAUNCHER]: Launching target 'forgeclientdev' with arguments [--version, 21.1.190, --gameDir, ., --assetsDir, C:\Users\nery\.mcreator\gradle\caches\neoformruntime\assets, --assetIndex, 17]
[24May2026 18:05:29.352] [main/DEBUG] [mixin/]: Preparing mixins for MixinEnvironment[DEFAULT]
[24May2026 18:05:29.353] [main/DEBUG] [mixin/]: Selecting config farmersdelight.mixins.json
[24May2026 18:05:29.356] [main/DEBUG] [mixin/]: Selecting config emi.mixins.json
[24May2026 18:05:29.361] [main/DEBUG] [mixin/]: Selecting config emi-neoforge.mixins.json
[24May2026 18:05:29.362] [main/DEBUG] [mixin/]: Selecting config tagtooltips.mixins.json
[24May2026 18:05:29.363] [main/WARN] [mixin/]: Reference map 'tagtooltips.refmap.json' for tagtooltips.mixins.json could not be read. If this is a development environment you can ignore this message
[24May2026 18:05:29.363] [main/DEBUG] [mixin/]: Selecting config tagtooltips.neoforge.mixins.json
[24May2026 18:05:29.363] [main/DEBUG] [mixin/]: Selecting config jade.mixins.json
[24May2026 18:05:29.364] [main/DEBUG] [mixin/]: Selecting config flywheel.backend.mixins.json
[24May2026 18:05:29.368] [main/DEBUG] [mixin/]: Selecting config flywheel.impl.mixins.json
[24May2026 18:05:29.369] [main/DEBUG] [mixin/]: Selecting config ponder.mixins.json
[24May2026 18:05:29.370] [main/WARN] [mixin/]: Reference map 'ponder.refmap.json' for ponder.mixins.json could not be read. If this is a development environment you can ignore this message
[24May2026 18:05:29.370] [main/DEBUG] [mixin/]: Selecting config ponder-common.mixins.json
[24May2026 18:05:29.370] [main/WARN] [mixin/]: Reference map 'ponder.refmap.json' for ponder-common.mixins.json could not be read. If this is a development environment you can ignore this message
[24May2026 18:05:29.370] [main/DEBUG] [mixin/]: Selecting config create.mixins.json
[24May2026 18:05:29.370] [main/WARN] [mixin/]: Reference map 'create.refmap.json' for create.mixins.json could not be read. If this is a development environment you can ignore this message
[24May2026 18:05:29.370] [main/DEBUG] [mixin/]: Selecting config neoforge.mixins.json
[24May2026 18:05:29.371] [main/DEBUG] [mixin/]: Selecting config emi_loot.mixins.json
[24May2026 18:05:29.371] [main/DEBUG] [mixin/]: Selecting config mixinextras.init.mixins.json
[24May2026 18:05:29.391] [main/DEBUG] [MixinExtras|Service/]: com.llamalad7.mixinextras.service.MixinExtrasServiceImpl(version=0.4.1) is taking over from null
[24May2026 18:05:29.412] [main/DEBUG] [mixin/]: Registering new injector for @Inject with org.spongepowered.asm.mixin.injection.struct.CallbackInjectionInfo
[24May2026 18:05:29.413] [main/DEBUG] [mixin/]: Registering new injector for @ModifyArg with org.spongepowered.asm.mixin.injection.struct.ModifyArgInjectionInfo
[24May2026 18:05:29.414] [main/DEBUG] [mixin/]: Registering new injector for @ModifyArgs with org.spongepowered.asm.mixin.injection.struct.ModifyArgsInjectionInfo
[24May2026 18:05:29.414] [main/DEBUG] [mixin/]: Registering new injector for @Redirect with org.spongepowered.asm.mixin.injection.struct.RedirectInjectionInfo
[24May2026 18:05:29.416] [main/DEBUG] [mixin/]: Registering new injector for @ModifyVariable with org.spongepowered.asm.mixin.injection.struct.ModifyVariableInjectionInfo
[24May2026 18:05:29.416] [main/DEBUG] [mixin/]: Registering new injector for @ModifyConstant with org.spongepowered.asm.mixin.injection.struct.ModifyConstantInjectionInfo
[24May2026 18:05:29.425] [main/DEBUG] [mixin/]: Preparing farmersdelight.mixins.json (7)
[24May2026 18:05:29.470] [main/DEBUG] [mixin/]: Preparing emi.mixins.json (25)
[24May2026 18:05:29.547] [main/DEBUG] [mixin/]: Preparing emi-neoforge.mixins.json (0)
[24May2026 18:05:29.547] [main/DEBUG] [mixin/]: Preparing tagtooltips.mixins.json (0)
[24May2026 18:05:29.547] [main/DEBUG] [mixin/]: Preparing tagtooltips.neoforge.mixins.json (0)
[24May2026 18:05:29.547] [main/DEBUG] [mixin/]: Preparing jade.mixins.json (6)
[24May2026 18:05:29.574] [main/DEBUG] [mixin/]: Preparing flywheel.backend.mixins.json (8)
[24May2026 18:05:29.607] [main/DEBUG] [mixin/]: Preparing flywheel.impl.mixins.json (14)
[24May2026 18:05:29.634] [main/DEBUG] [mixin/]: Preparing ponder.mixins.json (1)
[24May2026 18:05:29.637] [main/DEBUG] [mixin/]: Preparing ponder-common.mixins.json (12)
[24May2026 18:05:29.673] [main/DEBUG] [mixin/]: Preparing neoforge.mixins.json (2)
[24May2026 18:05:29.675] [main/DEBUG] [mixin/]: Preparing emi_loot.mixins.json (37)
[24May2026 18:05:29.702] [main/DEBUG] [mixin/]: Preparing mixinextras.init.mixins.json (0)
[24May2026 18:05:29.702] [main/DEBUG] [mixin/]: Preparing create.mixins.json (61)
[24May2026 18:05:29.826] [main/DEBUG] [mixin/]: Prepared 173 mixins in 0.473 sec (2.7ms avg) (0ms load, 0ms transform, 0ms plugin)
[24May2026 18:05:29.833] [main/INFO] [MixinExtras|Service/]: Initializing MixinExtras via com.llamalad7.mixinextras.service.MixinExtrasServiceImpl(version=0.4.1).
[24May2026 18:05:29.834] [main/DEBUG] [mixin/]: Registering new injector for @SugarWrapper with com.llamalad7.mixinextras.sugar.impl.SugarWrapperInjectionInfo
[24May2026 18:05:29.834] [main/DEBUG] [mixin/]: Registering new injector for @FactoryRedirectWrapper with com.llamalad7.mixinextras.wrapper.factory.FactoryRedirectWrapperInjectionInfo
[24May2026 18:05:29.837] [main/DEBUG] [mixin/]: Mixing accessor.DrawContextAccessor from emi.mixins.json into net.minecraft.client.gui.GuiGraphics
[24May2026 18:05:29.838] [main/DEBUG] [mixin/]: emi.mixins.json:accessor.DrawContextAccessor from mod emi: Class version 65 required is higher than the class version supported by the current version of Mixin (JAVA_17 supports class version 61)
[24May2026 18:05:29.848] [main/DEBUG] [mixin/]: Mixing DrawContextMixin from emi.mixins.json into net.minecraft.client.gui.GuiGraphics
[24May2026 18:05:29.849] [main/DEBUG] [mixin/]: emi.mixins.json:DrawContextMixin from mod emi: Class version 65 required is higher than the class version supported by the current version of Mixin (JAVA_17 supports class version 61)
[24May2026 18:05:29.880] [main/DEBUG] [mixin/]: emi.mixins.json:DrawContextMixin from mod emi->@Inject::drawItemTooltip(Lnet/minecraft/client/gui/Font;Lnet/minecraft/world/item/ItemStack;IILorg/spongepowered/asm/mixin/injection/callback/CallbackInfo;)V doesn't use it's CallbackInfo
[24May2026 18:05:29.880] [main/DEBUG] [mixin/]: emi.mixins.json:DrawContextMixin from mod emi->@Inject::drawItemTooltip(Lnet/minecraft/client/gui/Font;Lnet/minecraft/world/item/ItemStack;IILorg/spongepowered/asm/mixin/injection/callback/CallbackInfo;)V has 0 override(s) in child classes
[24May2026 18:05:29.881] [main/DEBUG] [mixin/]: emi.mixins.json:DrawContextMixin from mod emi->@Inject::drawItemTooltip(Lnet/minecraft/client/gui/Font;Lnet/minecraft/world/item/ItemStack;IILorg/spongepowered/asm/mixin/injection/callback/CallbackInfo;)V won't be passed a CallbackInfo as a result
[24May2026 18:05:29.905] [main/DEBUG] [mixin/]: Mixing MinecraftClientMixin from emi.mixins.json into net.minecraft.client.Minecraft
[24May2026 18:05:29.907] [main/DEBUG] [mixin/]: emi.mixins.json:MinecraftClientMixin from mod emi: Class version 65 required is higher than the class version supported by the current version of Mixin (JAVA_17 supports class version 61)
[24May2026 18:05:29.907] [main/DEBUG] [mixin/]: Renaming synthetic method lambda$reloadResources$0()V to md6537da$emi$lambda$reloadResources$0$0 in emi.mixins.json:MinecraftClientMixin from mod emi
[24May2026 18:05:29.919] [main/DEBUG] [mixin/]: Mixing MinecraftMixin from flywheel.impl.mixins.json into net.minecraft.client.Minecraft
[24May2026 18:05:29.923] [main/DEBUG] [mixin/]: Mixing client.WindowResizeMixin from ponder-common.mixins.json into net.minecraft.client.Minecraft
[24May2026 18:05:29.923] [main/DEBUG] [mixin/]: ponder-common.mixins.json:client.WindowResizeMixin from mod ponder: Class version 65 required is higher than the class version supported by the current version of Mixin (JAVA_17 supports class version 61)
[24May2026 18:05:29.925] [main/DEBUG] [mixin/]: Mixing accessor.MinecraftAccessor from create.mixins.json into net.minecraft.client.Minecraft
[24May2026 18:05:29.937] [main/DEBUG] [mixin/]: emi.mixins.json:MinecraftClientMixin from mod emi->@Inject::reloadResources(ZLjava/lang/Object;Lorg/spongepowered/asm/mixin/injection/callback/CallbackInfoReturnable;)V does use it's CallbackInfoReturnable
[24May2026 18:05:29.938] [main/DEBUG] [mixin/]: emi.mixins.json:MinecraftClientMixin from mod emi->@Inject::reloadResources(ZLjava/lang/Object;Lorg/spongepowered/asm/mixin/injection/callback/CallbackInfoReturnable;)V does use it's CallbackInfoReturnable
[24May2026 18:05:29.938] [main/DEBUG] [mixin/]: emi.mixins.json:MinecraftClientMixin from mod emi->@Inject::reloadResources(ZLjava/lang/Object;Lorg/spongepowered/asm/mixin/injection/callback/CallbackInfoReturnable;)V does use it's CallbackInfoReturnable
[24May2026 18:05:29.938] [main/DEBUG] [mixin/]: emi.mixins.json:MinecraftClientMixin from mod emi->@Inject::disconnect(Lorg/spongepowered/asm/mixin/injection/callback/CallbackInfo;)V doesn't use it's CallbackInfo
[24May2026 18:05:29.938] [main/DEBUG] [mixin/]: emi.mixins.json:MinecraftClientMixin from mod emi->@Inject::disconnect(Lorg/spongepowered/asm/mixin/injection/callback/CallbackInfo;)V has 0 override(s) in child classes
[24May2026 18:05:29.938] [main/DEBUG] [mixin/]: emi.mixins.json:MinecraftClientMixin from mod emi->@Inject::disconnect(Lorg/spongepowered/asm/mixin/injection/callback/CallbackInfo;)V won't be passed a CallbackInfo as a result
[24May2026 18:05:29.938] [main/DEBUG] [mixin/]: flywheel.impl.mixins.json:MinecraftMixin from mod flywheel->@Inject::flywheel$onBeginInitialResourceReload(Lorg/spongepowered/asm/mixin/injection/callback/CallbackInfo;)V doesn't use it's CallbackInfo
[24May2026 18:05:29.938] [main/DEBUG] [mixin/]: flywheel.impl.mixins.json:MinecraftMixin from mod flywheel->@Inject::flywheel$onBeginInitialResourceReload(Lorg/spongepowered/asm/mixin/injection/callback/CallbackInfo;)V has 0 override(s) in child classes
[24May2026 18:05:29.938] [main/DEBUG] [mixin/]: flywheel.impl.mixins.json:MinecraftMixin from mod flywheel->@Inject::flywheel$onBeginInitialResourceReload(Lorg/spongepowered/asm/mixin/injection/callback/CallbackInfo;)V won't be passed a CallbackInfo as a result
[24May2026 18:05:29.938] [main/DEBUG] [mixin/]: flywheel.impl.mixins.json:MinecraftMixin from mod flywheel->@Inject::flywheel$onEndInitialResourceReload(Ljava/lang/Object;Ljava/util/Optional;Lorg/spongepowered/asm/mixin/injection/callback/CallbackInfo;)V doesn't use it's CallbackInfo
[24May2026 18:05:29.938] [main/DEBUG] [mixin/]: flywheel.impl.mixins.json:MinecraftMixin from mod flywheel->@Inject::flywheel$onEndInitialResourceReload(Ljava/lang/Object;Ljava/util/Optional;Lorg/spongepowered/asm/mixin/injection/callback/CallbackInfo;)V has 0 override(s) in child classes
[24May2026 18:05:29.939] [main/DEBUG] [mixin/]: flywheel.impl.mixins.json:MinecraftMixin from mod flywheel->@Inject::flywheel$onEndInitialResourceReload(Ljava/lang/Object;Ljava/util/Optional;Lorg/spongepowered/asm/mixin/injection/callback/CallbackInfo;)V won't be passed a CallbackInfo as a result
[24May2026 18:05:29.939] [main/DEBUG] [mixin/]: flywheel.impl.mixins.json:MinecraftMixin from mod flywheel->@Inject::flywheel$onEndManualResourceReload(ZLjava/lang/Object;Ljava/util/concurrent/CompletableFuture;Ljava/util/Optional;Lorg/spongepowered/asm/mixin/injection/callback/CallbackInfo;)V doesn't use it's CallbackInfo
[24May2026 18:05:29.939] [main/DEBUG] [mixin/]: flywheel.impl.mixins.json:MinecraftMixin from mod flywheel->@Inject::flywheel$onEndManualResourceReload(ZLjava/lang/Object;Ljava/util/concurrent/CompletableFuture;Ljava/util/Optional;Lorg/spongepowered/asm/mixin/injection/callback/CallbackInfo;)V has 0 override(s) in child classes
[24May2026 18:05:29.939] [main/DEBUG] [mixin/]: flywheel.impl.mixins.json:MinecraftMixin from mod flywheel->@Inject::flywheel$onEndManualResourceReload(ZLjava/lang/Object;Ljava/util/concurrent/CompletableFuture;Ljava/util/Optional;Lorg/spongepowered/asm/mixin/injection/callback/CallbackInfo;)V won't be passed a CallbackInfo as a result
[24May2026 18:05:29.939] [main/DEBUG] [mixin/]: ponder-common.mixins.json:client.WindowResizeMixin from mod ponder->@Inject::catnip$updateWindowSize(Lorg/spongepowered/asm/mixin/injection/callback/CallbackInfo;)V doesn't use it's CallbackInfo
[24May2026 18:05:29.939] [main/DEBUG] [mixin/]: ponder-common.mixins.json:client.WindowResizeMixin from mod ponder->@Inject::catnip$updateWindowSize(Lorg/spongepowered/asm/mixin/injection/callback/CallbackInfo;)V has 0 override(s) in child classes
[24May2026 18:05:29.939] [main/DEBUG] [mixin/]: ponder-common.mixins.json:client.WindowResizeMixin from mod ponder->@Inject::catnip$updateWindowSize(Lorg/spongepowered/asm/mixin/injection/callback/CallbackInfo;)V won't be passed a CallbackInfo as a result
[24May2026 18:05:30.061] [main/DEBUG] [io.netty.util.internal.logging.InternalLoggerFactory/]: Using SLF4J as the default logging framework
[24May2026 18:05:30.062] [main/DEBUG] [io.netty.util.ResourceLeakDetector/]: -Dio.netty.leakDetection.level: simple
[24May2026 18:05:30.063] [main/DEBUG] [io.netty.util.ResourceLeakDetector/]: -Dio.netty.leakDetection.targetRecords: 4
[24May2026 18:05:30.075] [main/DEBUG] [mixin/]: Mixing accessor.NbtAccounterAccessor from create.mixins.json into net.minecraft.nbt.NbtAccounter
[24May2026 18:05:30.175] [main/DEBUG] [mixin/]: Mixing datafixer.BlockPosFormatAndRenamesFixMixin from create.mixins.json into net.minecraft.util.datafix.fixes.BlockPosFormatAndRenamesFix
[24May2026 18:05:30.175] [main/DEBUG] [mixin/]: Renaming synthetic method lambda$create$addFixers$2(Lcom/mojang/datafixers/OpticFinder;Lcom/simibubi/create/foundation/utility/DataFixerHelper$BlockPosFixer;Lcom/mojang/datafixers/Typed;)Lcom/mojang/datafixers/Typed; to md6537da$create$lambda$create$addFixers$2$0 in create.mixins.json:datafixer.BlockPosFormatAndRenamesFixMixin from mod create
[24May2026 18:05:30.175] [main/DEBUG] [mixin/]: Renaming synthetic method lambda$create$addFixers$1(Lcom/simibubi/create/foundation/utility/DataFixerHelper$BlockPosFixer;Lcom/mojang/datafixers/Typed;)Lcom/mojang/datafixers/Typed; to md6537da$create$lambda$create$addFixers$1$1 in create.mixins.json:datafixer.BlockPosFormatAndRenamesFixMixin from mod create
[24May2026 18:05:30.176] [main/DEBUG] [mixin/]: Renaming synthetic method lambda$create$addFixers$0(Lcom/simibubi/create/foundation/utility/DataFixerHelper$BlockPosFixer;Lcom/mojang/serialization/Dynamic;)Lcom/mojang/serialization/Dynamic; to md6537da$create$lambda$create$addFixers$0$2 in create.mixins.json:datafixer.BlockPosFormatAndRenamesFixMixin from mod create
[24May2026 18:05:30.219] [main/DEBUG] [mixin/]: create.mixins.json:datafixer.BlockPosFormatAndRenamesFixMixin from mod create->@Inject::create$addFixers(Lorg/spongepowered/asm/mixin/injection/callback/CallbackInfoReturnable;)V doesn't use it's CallbackInfoReturnable
[24May2026 18:05:30.219] [main/DEBUG] [mixin/]: create.mixins.json:datafixer.BlockPosFormatAndRenamesFixMixin from mod create->@Inject::create$addFixers(Lorg/spongepowered/asm/mixin/injection/callback/CallbackInfoReturnable;)V has 0 override(s) in child classes
[24May2026 18:05:30.219] [main/DEBUG] [mixin/]: create.mixins.json:datafixer.BlockPosFormatAndRenamesFixMixin from mod create->@Inject::create$addFixers(Lorg/spongepowered/asm/mixin/injection/callback/CallbackInfoReturnable;)V won't be passed a CallbackInfoReturnable as a result
[24May2026 18:05:30.224] [main/DEBUG] [mixin/]: Mixing datafixer.ItemStackComponentizationFixMixin from create.mixins.json into net.minecraft.util.datafix.fixes.ItemStackComponentizationFix
[24May2026 18:05:30.224] [main/DEBUG] [mixin/]: Renaming synthetic method lambda$create$moveItemStackHandlerToItemContainerContents$4(Lcom/mojang/serialization/Dynamic;Lnet/minecraft/util/datafix/fixes/ItemStackComponentizationFix$ItemStackData;Ljava/lang/String;Lcom/mojang/serialization/Dynamic;)V to md6537da$create$lambda$create$moveItemStackHandlerToItemContainerContents$4$0 in create.mixins.json:datafixer.ItemStackComponentizationFixMixin from mod create
[24May2026 18:05:30.224] [main/DEBUG] [mixin/]: Renaming synthetic method lambda$create$moveItemStackHandlerToItemContainerContents$3(Lcom/mojang/serialization/Dynamic;Ljava/util/List;Lcom/mojang/serialization/Dynamic;)V to md6537da$create$lambda$create$moveItemStackHandlerToItemContainerContents$3$1 in create.mixins.json:datafixer.ItemStackComponentizationFixMixin from mod create
[24May2026 18:05:30.224] [main/DEBUG] [mixin/]: Renaming synthetic method lambda$create$moveTagToEnumComponent$2([Ljava/lang/Enum;Lnet/minecraft/util/datafix/fixes/ItemStackComponentizationFix$ItemStackData;Ljava/lang/String;Lcom/mojang/serialization/Dynamic;)V to md6537da$create$lambda$create$moveTagToEnumComponent$2$2 in create.mixins.json:datafixer.ItemStackComponentizationFixMixin from mod create
[24May2026 18:05:30.225] [main/DEBUG] [mixin/]: Renaming synthetic method lambda$create$fixItemsAndTranslateNBTIntoComponents$1(Lnet/minecraft/util/datafix/fixes/ItemStackComponentizationFix$ItemStackData;Lcom/mojang/serialization/Dynamic;)V to md6537da$create$lambda$create$fixItemsAndTranslateNBTIntoComponents$1$3 in create.mixins.json:datafixer.ItemStackComponentizationFixMixin from mod create
[24May2026 18:05:30.225] [main/DEBUG] [mixin/]: Renaming synthetic method lambda$create$fixItemsAndTranslateNBTIntoComponents$0(Lcom/mojang/serialization/Dynamic;Lnet/minecraft/util/datafix/fixes/ItemStackComponentizationFix$ItemStackData;Lcom/mojang/serialization/Dynamic;)V to md6537da$create$lambda$create$fixItemsAndTranslateNBTIntoComponents$0$4 in create.mixins.json:datafixer.ItemStackComponentizationFixMixin from mod create
[24May2026 18:05:30.283] [main/DEBUG] [mixin/]: create.mixins.json:datafixer.ItemStackComponentizationFixMixin from mod create->@Inject::create$fixItemsAndTranslateNBTIntoComponents(Lnet/minecraft/util/datafix/fixes/ItemStackComponentizationFix$ItemStackData;Lcom/mojang/serialization/Dynamic;Lorg/spongepowered/asm/mixin/injection/callback/CallbackInfo;)V doesn't use it's CallbackInfo
[24May2026 18:05:30.494] [main/DEBUG] [mixin/]: Mixing datafixer.V1460Mixin from create.mixins.json into net.minecraft.util.datafix.schemas.V1460
[24May2026 18:05:30.502] [main/DEBUG] [mixin/]: create.mixins.json:datafixer.V1460Mixin from mod create->@Inject::create$registerEntitiesToBeFixed(Lcom/mojang/datafixers/schemas/Schema;Lorg/spongepowered/asm/mixin/injection/callback/CallbackInfoReturnable;)V does use it's CallbackInfoReturnable
[24May2026 18:05:30.502] [main/DEBUG] [mixin/]: create.mixins.json:datafixer.V1460Mixin from mod create->@Inject::create$registerBlockEntitiesToBeFixed(Lcom/mojang/datafixers/schemas/Schema;Lorg/spongepowered/asm/mixin/injection/callback/CallbackInfoReturnable;)V does use it's CallbackInfoReturnable
[24May2026 18:05:30.740] [main/DEBUG] [mixin/]: Mixing accessor.SystemReportAccessor from create.mixins.json into net.minecraft.SystemReport
[24May2026 18:05:30.741] [main/DEBUG] [mixin/]: Renaming @Accessor method getOPERATING_SYSTEM()Ljava/lang/String; to getOPERATING_SYSTEM$create_$md$6537da$0 in create.mixins.json:accessor.SystemReportAccessor from mod create
[24May2026 18:05:30.741] [main/DEBUG] [mixin/]: Renaming @Accessor method getJAVA_VERSION()Ljava/lang/String; to getJAVA_VERSION$create_$md$6537da$1 in create.mixins.json:accessor.SystemReportAccessor from mod create
[24May2026 18:05:30.756] [main/DEBUG] [oshi.util.FileUtil/]: No oshi.properties file found from ClassLoader cpw.mods.modlauncher.TransformingClassLoader@2b917fb0
[24May2026 18:05:30.967] [Datafixer Bootstrap/INFO] [com.mojang.datafixers.DataFixerBuilder/]: 229 Datafixer optimizations took 233 milliseconds
[24May2026 18:05:30.972] [main/DEBUG] [oshi.util.FileUtil/]: No oshi.architecture.properties file found from ClassLoader cpw.mods.modlauncher.TransformingClassLoader@2b917fb0
[24May2026 18:05:31.032] [pool-15-thread-1/DEBUG] [mixin/]: Mixing BuiltInRegistriesMixin from create.mixins.json into net.minecraft.core.registries.BuiltInRegistries
[24May2026 18:05:31.033] [pool-15-thread-1/DEBUG] [mixin/]: Renaming synthetic method lambda$create$ourRegistriesAreNotEmpty$0(Ljava/util/function/Consumer;Lnet/minecraft/core/Registry;)V to md6537da$create$lambda$create$ourRegistriesAreNotEmpty$0$0 in create.mixins.json:BuiltInRegistriesMixin from mod create
[24May2026 18:05:31.053] [pool-15-thread-1/DEBUG] [mixin/]: Mixing MappedRegistryAccessor from neoforge.mixins.json into net.minecraft.core.MappedRegistry
[24May2026 18:05:31.054] [pool-15-thread-1/DEBUG] [mixin/]: Mixing accessor.MappedRegistryAccessor from create.mixins.json into net.minecraft.core.MappedRegistry
[24May2026 18:05:31.147] [pool-15-thread-1/DEBUG] [mixin/]: Mixing BlockMixin from create.mixins.json into net.minecraft.world.level.block.Block
[24May2026 18:05:31.156] [pool-15-thread-1/DEBUG] [mixin/]: Mixing accessor.BlockBehaviourAccessor from create.mixins.json into net.minecraft.world.level.block.state.BlockBehaviour
[24May2026 18:05:31.161] [pool-15-thread-1/DEBUG] [mixin/]: Mixing EntityTypeMixin from flywheel.impl.mixins.json into net.minecraft.world.entity.EntityType
[24May2026 18:05:31.176] [pool-15-thread-1/DEBUG] [mixin/]: Mixing PlayerMixin from create.mixins.json into net.minecraft.world.entity.player.Player
[24May2026 18:05:31.204] [pool-15-thread-1/DEBUG] [mixin/]: Mixing CustomItemUseEffectsMixin from create.mixins.json into net.minecraft.world.entity.LivingEntity
[24May2026 18:05:31.206] [pool-15-thread-1/DEBUG] [mixin/]: Mixing LavaSwimmingMixin from create.mixins.json into net.minecraft.world.entity.LivingEntity
[24May2026 18:05:31.209] [pool-15-thread-1/DEBUG] [mixin/]: Mixing accessor.LivingEntityAccessor from create.mixins.json into net.minecraft.world.entity.LivingEntity
[24May2026 18:05:31.217] [pool-15-thread-1/DEBUG] [mixin/]: create.mixins.json:CustomItemUseEffectsMixin from mod create->@Inject::create$onShouldTriggerUseEffects(Lorg/spongepowered/asm/mixin/injection/callback/CallbackInfoReturnable;)V does use it's CallbackInfoReturnable
[24May2026 18:05:31.217] [pool-15-thread-1/DEBUG] [mixin/]: create.mixins.json:CustomItemUseEffectsMixin from mod create->@Inject::create$onTriggerUseEffects(Lnet/minecraft/world/item/ItemStack;ILorg/spongepowered/asm/mixin/injection/callback/CallbackInfo;)V does use it's CallbackInfo
[24May2026 18:05:31.217] [pool-15-thread-1/DEBUG] [mixin/]: create.mixins.json:LavaSwimmingMixin from mod create->@Inject::create$onLavaTravel(Lnet/minecraft/world/phys/Vec3;Lorg/spongepowered/asm/mixin/injection/callback/CallbackInfo;)V doesn't use it's CallbackInfo
[24May2026 18:05:31.217] [pool-15-thread-1/DEBUG] [mixin/]: create.mixins.json:LavaSwimmingMixin from mod create->@Inject::create$onLavaTravel(Lnet/minecraft/world/phys/Vec3;Lorg/spongepowered/asm/mixin/injection/callback/CallbackInfo;)V has 0 override(s) in child classes
[24May2026 18:05:31.217] [pool-15-thread-1/DEBUG] [mixin/]: create.mixins.json:LavaSwimmingMixin from mod create->@Inject::create$onLavaTravel(Lnet/minecraft/world/phys/Vec3;Lorg/spongepowered/asm/mixin/injection/callback/CallbackInfo;)V won't be passed a CallbackInfo as a result
[24May2026 18:05:31.240] [pool-15-thread-1/DEBUG] [mixin/]: Mixing EntityAccess from jade.mixins.json into net.minecraft.world.entity.Entity
[24May2026 18:05:31.241] [pool-15-thread-1/DEBUG] [mixin/]: jade.mixins.json:EntityAccess from mod jade: Class version 65 required is higher than the class version supported by the current version of Mixin (JAVA_16 supports class version 60)
[24May2026 18:05:31.241] [pool-15-thread-1/DEBUG] [mixin/]: Mixing accessor.EntityAccessor from ponder-common.mixins.json into net.minecraft.world.entity.Entity
[24May2026 18:05:31.241] [pool-15-thread-1/DEBUG] [mixin/]: ponder-common.mixins.json:accessor.EntityAccessor from mod ponder: Class version 65 required is higher than the class version supported by the current version of Mixin (JAVA_17 supports class version 61)
[24May2026 18:05:31.241] [pool-15-thread-1/DEBUG] [mixin/]: Mixing client.EntityContraptionInteractionMixin from create.mixins.json into net.minecraft.world.entity.Entity
[24May2026 18:05:31.242] [pool-15-thread-1/DEBUG] [mixin/]: Renaming synthetic method lambda$create$onSpawnSprintParticle$4(Lnet/minecraft/world/entity/Entity;Lnet/minecraft/core/BlockPos;Lcom/simibubi/create/content/contraptions/Contraption;Lnet/minecraft/world/level/block/state/BlockState;Lnet/minecraft/core/BlockPos;)V to md6537da$create$lambda$create$onSpawnSprintParticle$4$0 in create.mixins.json:client.EntityContraptionInteractionMixin from mod create
[24May2026 18:05:31.242] [pool-15-thread-1/DEBUG] [mixin/]: Renaming synthetic method lambda$create$onMove$3(Lnet/minecraft/world/phys/Vec3;Lnet/minecraft/world/entity/Entity;Lcom/simibubi/create/content/contraptions/AbstractContraptionEntity;)Z to md6537da$create$lambda$create$onMove$3$1 in create.mixins.json:client.EntityContraptionInteractionMixin from mod create
[24May2026 18:05:31.242] [pool-15-thread-1/DEBUG] [mixin/]: Renaming synthetic method lambda$create$contraptionStepSounds$2(Lorg/apache/commons/lang3/mutable/MutableBoolean;Lcom/simibubi/create/content/contraptions/Contraption;Lnet/minecraft/world/level/block/state/BlockState;Lnet/minecraft/core/BlockPos;)V to md6537da$create$lambda$create$contraptionStepSounds$2$2 in create.mixins.json:client.EntityContraptionInteractionMixin from mod create
[24May2026 18:05:31.242] [pool-15-thread-1/DEBUG] [mixin/]: Renaming synthetic method lambda$create$forCollision$1(Lnet/minecraft/world/phys/Vec3;Lorg/apache/logging/log4j/util/TriConsumer;Lcom/simibubi/create/content/contraptions/AbstractContraptionEntity;)V to md6537da$create$lambda$create$forCollision$1$3 in create.mixins.json:client.EntityContraptionInteractionMixin from mod create
[24May2026 18:05:31.242] [pool-15-thread-1/DEBUG] [mixin/]: Renaming synthetic method lambda$create$getIntersectionContraptionsStream$0(Lcom/simibubi/create/content/contraptions/AbstractContraptionEntity;)Z to md6537da$create$lambda$create$getIntersectionContraptionsStream$0$4 in create.mixins.json:client.EntityContraptionInteractionMixin from mod create
[24May2026 18:05:31.261] [pool-15-thread-1/DEBUG] [mixin/]: Mixing EntityMixin from create.mixins.json into net.minecraft.world.entity.Entity
[24May2026 18:05:31.273] [pool-15-thread-1/DEBUG] [mixin/]: create.mixins.json:client.EntityContraptionInteractionMixin from mod create->@Inject::create$contraptionStepSounds(Lnet/minecraft/world/entity/MoverType;Lnet/minecraft/world/phys/Vec3;Lorg/spongepowered/asm/mixin/injection/callback/CallbackInfo;)V doesn't use it's CallbackInfo
[24May2026 18:05:31.273] [pool-15-thread-1/DEBUG] [mixin/]: create.mixins.json:client.EntityContraptionInteractionMixin from mod create->@Inject::create$contraptionStepSounds(Lnet/minecraft/world/entity/MoverType;Lnet/minecraft/world/phys/Vec3;Lorg/spongepowered/asm/mixin/injection/callback/CallbackInfo;)V has 0 override(s) in child classes
[24May2026 18:05:31.273] [pool-15-thread-1/DEBUG] [mixin/]: create.mixins.json:client.EntityContraptionInteractionMixin from mod create->@Inject::create$contraptionStepSounds(Lnet/minecraft/world/entity/MoverType;Lnet/minecraft/world/phys/Vec3;Lorg/spongepowered/asm/mixin/injection/callback/CallbackInfo;)V won't be passed a CallbackInfo as a result
[24May2026 18:05:31.273] [pool-15-thread-1/DEBUG] [mixin/]: create.mixins.json:client.EntityContraptionInteractionMixin from mod create->@Inject::create$onMove(Lnet/minecraft/world/entity/MoverType;Lnet/minecraft/world/phys/Vec3;Lorg/spongepowered/asm/mixin/injection/callback/CallbackInfo;)V doesn't use it's CallbackInfo
[24May2026 18:05:31.273] [pool-15-thread-1/DEBUG] [mixin/]: create.mixins.json:client.EntityContraptionInteractionMixin from mod create->@Inject::create$onMove(Lnet/minecraft/world/entity/MoverType;Lnet/minecraft/world/phys/Vec3;Lorg/spongepowered/asm/mixin/injection/callback/CallbackInfo;)V has 0 override(s) in child classes
[24May2026 18:05:31.273] [pool-15-thread-1/DEBUG] [mixin/]: create.mixins.json:client.EntityContraptionInteractionMixin from mod create->@Inject::create$onMove(Lnet/minecraft/world/entity/MoverType;Lnet/minecraft/world/phys/Vec3;Lorg/spongepowered/asm/mixin/injection/callback/CallbackInfo;)V won't be passed a CallbackInfo as a result
[24May2026 18:05:31.273] [pool-15-thread-1/DEBUG] [mixin/]: create.mixins.json:client.EntityContraptionInteractionMixin from mod create->@Inject::create$onSpawnSprintParticle(Lorg/spongepowered/asm/mixin/injection/callback/CallbackInfo;)V doesn't use it's CallbackInfo
[24May2026 18:05:31.274] [pool-15-thread-1/DEBUG] [mixin/]: create.mixins.json:client.EntityContraptionInteractionMixin from mod create->@Inject::create$onSpawnSprintParticle(Lorg/spongepowered/asm/mixin/injection/callback/CallbackInfo;)V has 0 override(s) in child classes
[24May2026 18:05:31.274] [pool-15-thread-1/DEBUG] [mixin/]: create.mixins.json:client.EntityContraptionInteractionMixin from mod create->@Inject::create$onSpawnSprintParticle(Lorg/spongepowered/asm/mixin/injection/callback/CallbackInfo;)V won't be passed a CallbackInfo as a result
[24May2026 18:05:31.305] [pool-15-thread-1/DEBUG] [io.netty.util.internal.PlatformDependent0/]: -Dio.netty.noUnsafe: false
[24May2026 18:05:31.305] [pool-15-thread-1/DEBUG] [io.netty.util.internal.PlatformDependent0/]: Java version: 21
[24May2026 18:05:31.305] [pool-15-thread-1/DEBUG] [io.netty.util.internal.PlatformDependent0/]: sun.misc.Unsafe.theUnsafe: available
[24May2026 18:05:31.306] [pool-15-thread-1/DEBUG] [io.netty.util.internal.PlatformDependent0/]: sun.misc.Unsafe.copyMemory: available
[24May2026 18:05:31.306] [pool-15-thread-1/DEBUG] [io.netty.util.internal.PlatformDependent0/]: sun.misc.Unsafe.storeFence: available
[24May2026 18:05:31.306] [pool-15-thread-1/DEBUG] [io.netty.util.internal.PlatformDependent0/]: java.nio.Buffer.address: available
[24May2026 18:05:31.306] [pool-15-thread-1/DEBUG] [io.netty.util.internal.PlatformDependent0/]: direct buffer constructor: unavailable: Reflective setAccessible(true) disabled
[24May2026 18:05:31.307] [pool-15-thread-1/DEBUG] [io.netty.util.internal.PlatformDependent0/]: java.nio.Bits.unaligned: available, true
[24May2026 18:05:31.307] [pool-15-thread-1/DEBUG] [io.netty.util.internal.PlatformDependent0/]: jdk.internal.misc.Unsafe.allocateUninitializedArray(int): unavailable: class io.netty.util.internal.PlatformDependent0$7 (in module io.netty.common) cannot access class jdk.internal.misc.Unsafe (in module java.base) because module java.base does not export jdk.internal.misc to module io.netty.common
[24May2026 18:05:31.308] [pool-15-thread-1/DEBUG] [io.netty.util.internal.PlatformDependent0/]: java.nio.DirectByteBuffer.<init>(long, {int,long}): unavailable
[24May2026 18:05:31.308] [pool-15-thread-1/DEBUG] [io.netty.util.internal.PlatformDependent/]: sun.misc.Unsafe: available
[24May2026 18:05:31.308] [pool-15-thread-1/DEBUG] [io.netty.util.internal.PlatformDependent/]: maxDirectMemory: 6425673728 bytes (maybe)
[24May2026 18:05:31.308] [pool-15-thread-1/DEBUG] [io.netty.util.internal.PlatformDependent/]: -Dio.netty.tmpdir: C:\Users\nery\AppData\Local\Temp (java.io.tmpdir)
[24May2026 18:05:31.308] [pool-15-thread-1/DEBUG] [io.netty.util.internal.PlatformDependent/]: -Dio.netty.bitMode: 64 (sun.arch.data.model)
[24May2026 18:05:31.308] [pool-15-thread-1/DEBUG] [io.netty.util.internal.PlatformDependent/]: Platform: Windows
[24May2026 18:05:31.309] [pool-15-thread-1/DEBUG] [io.netty.util.internal.PlatformDependent/]: -Dio.netty.maxDirectMemory: -1 bytes
[24May2026 18:05:31.309] [pool-15-thread-1/DEBUG] [io.netty.util.internal.PlatformDependent/]: -Dio.netty.uninitializedArrayAllocationThreshold: -1
[24May2026 18:05:31.309] [pool-15-thread-1/DEBUG] [io.netty.util.internal.CleanerJava9/]: java.nio.ByteBuffer.cleaner(): available
[24May2026 18:05:31.310] [pool-15-thread-1/DEBUG] [io.netty.util.internal.PlatformDependent/]: -Dio.netty.noPreferDirect: false
[24May2026 18:05:31.314] [pool-15-thread-1/DEBUG] [mixin/]: Mixing accessor.StateHolderAccessor from create.mixins.json into net.minecraft.world.level.block.state.StateHolder
[24May2026 18:05:31.326] [pool-15-thread-1/DEBUG] [mixin/]: Mixing LevelMixin from flywheel.impl.mixins.json into net.minecraft.world.level.Level
[24May2026 18:05:31.333] [pool-15-thread-1/DEBUG] [mixin/]: Mixing accessor.ServerLevelAccessor from create.mixins.json into net.minecraft.server.level.ServerLevel
[24May2026 18:05:31.471] [pool-15-thread-1/DEBUG] [mixin/]: Mixing ShulkerBoxBlockMixin from create.mixins.json into net.minecraft.world.level.block.ShulkerBoxBlock
[24May2026 18:05:31.487] [pool-15-thread-1/DEBUG] [mixin/]: Mixing CuttingBoardDispenserMixin from farmersdelight.mixins.json into net.minecraft.world.level.block.DispenserBlock
[24May2026 18:05:31.491] [pool-15-thread-1/DEBUG] [mixin/]: Mixing accessor.DispenserBlockAccessor from create.mixins.json into net.minecraft.world.level.block.DispenserBlock
[24May2026 18:05:31.495] [pool-15-thread-1/DEBUG] [mixin/]: farmersdelight.mixins.json:CuttingBoardDispenserMixin from mod farmersdelight->@Inject::onCuttingBoardDispenseFromInject(Lnet/minecraft/server/level/ServerLevel;Lnet/minecraft/world/level/block/state/BlockState;Lnet/minecraft/core/BlockPos;Lorg/spongepowered/asm/mixin/injection/callback/CallbackInfo;Lnet/minecraft/world/level/block/entity/DispenserBlockEntity;Lnet/minecraft/core/dispenser/BlockSource;ILnet/minecraft/world/item/ItemStack;)V does use it's CallbackInfo
[24May2026 18:05:31.517] [pool-15-thread-1/DEBUG] [mixin/]: Mixing accessor.CropBlockAccessor from create.mixins.json into net.minecraft.world.level.block.CropBlock
[24May2026 18:05:31.519] [pool-15-thread-1/DEBUG] [mixin/]: Mixing KeepRichSoilUntrampledMixin from farmersdelight.mixins.json into net.minecraft.world.level.block.FarmBlock
[24May2026 18:05:31.521] [pool-15-thread-1/DEBUG] [mixin/]: farmersdelight.mixins.json:KeepRichSoilUntrampledMixin from mod farmersdelight->@Inject::turnToDirt(Lnet/minecraft/world/entity/Entity;Lnet/minecraft/world/level/block/state/BlockState;Lnet/minecraft/world/level/Level;Lnet/minecraft/core/BlockPos;Lorg/spongepowered/asm/mixin/injection/callback/CallbackInfo;)V does use it's CallbackInfo
[24May2026 18:05:31.569] [pool-15-thread-1/DEBUG] [mixin/]: Mixing accessor.ConcretePowderBlockAccessor from create.mixins.json into net.minecraft.world.level.block.ConcretePowderBlock
[24May2026 18:05:31.585] [pool-15-thread-1/DEBUG] [mixin/]: Mixing CampfireBaleMixin from farmersdelight.mixins.json into net.minecraft.world.level.block.CampfireBlock
[24May2026 18:05:31.588] [pool-15-thread-1/DEBUG] [mixin/]: farmersdelight.mixins.json:CampfireBaleMixin from mod farmersdelight->@Inject::isFDSmokeSource(Lnet/minecraft/world/level/block/state/BlockState;Lorg/spongepowered/asm/mixin/injection/callback/CallbackInfoReturnable;)V does use it's CallbackInfoReturnable
[24May2026 18:05:31.598] [pool-15-thread-1/DEBUG] [mixin/]: Mixing BeehiveBlockMixin from create.mixins.json into net.minecraft.world.level.block.BeehiveBlock
[24May2026 18:05:31.652] [pool-15-thread-1/DEBUG] [mixin/]: Mixing WaterWheelFluidSpreadMixin from create.mixins.json into net.minecraft.world.level.material.FlowingFluid
[24May2026 18:05:31.659] [pool-15-thread-1/DEBUG] [mixin/]: Mixing accessor.FlowingFluidAccessor from create.mixins.json into net.minecraft.world.level.material.FlowingFluid
[24May2026 18:05:31.662] [pool-15-thread-1/DEBUG] [mixin/]: create.mixins.json:WaterWheelFluidSpreadMixin from mod create->@Inject::create$canPassThroughOnWaterWheel(Lnet/minecraft/world/level/BlockGetter;Lnet/minecraft/world/level/material/Fluid;Lnet/minecraft/core/BlockPos;Lnet/minecraft/world/level/block/state/BlockState;Lnet/minecraft/core/Direction;Lnet/minecraft/core/BlockPos;Lnet/minecraft/world/level/block/state/BlockState;Lnet/minecraft/world/level/material/FluidState;Lorg/spongepowered/asm/mixin/injection/callback/CallbackInfoReturnable;)V does use it's CallbackInfoReturnable
[24May2026 18:05:31.683] [pool-15-thread-1/DEBUG] [mixin/]: Mixing KeepRichSoilTreeMixin from farmersdelight.mixins.json into net.minecraft.world.level.levelgen.feature.trunkplacers.TrunkPlacer
[24May2026 18:05:31.684] [pool-15-thread-1/DEBUG] [mixin/]: Renaming synthetic method lambda$cancelSetDirtIfRichSoil$0(Lnet/minecraft/world/level/block/state/BlockState;)Z to md6537da$farmersdelight$lambda$cancelSetDirtIfRichSoil$0$0 in farmersdelight.mixins.json:KeepRichSoilTreeMixin from mod farmersdelight
[24May2026 18:05:31.685] [pool-15-thread-1/DEBUG] [mixin/]: farmersdelight.mixins.json:KeepRichSoilTreeMixin from mod farmersdelight->@Inject::cancelSetDirtIfRichSoil(Lnet/minecraft/world/level/LevelSimulatedReader;Ljava/util/function/BiConsumer;Lnet/minecraft/util/RandomSource;Lnet/minecraft/core/BlockPos;Lnet/minecraft/world/level/levelgen/feature/configurations/TreeConfiguration;Lorg/spongepowered/asm/mixin/injection/callback/CallbackInfo;)V does use it's CallbackInfo
[24May2026 18:05:31.704] [pool-15-thread-1/DEBUG] [mixin/]: Mixing visualmanage.BlockEntityMixin from flywheel.impl.mixins.json into net.minecraft.world.level.block.entity.BlockEntity
[24May2026 18:05:31.706] [pool-15-thread-1/DEBUG] [mixin/]: flywheel.impl.mixins.json:visualmanage.BlockEntityMixin from mod flywheel->@Inject::flywheel$removeVisual(Lorg/spongepowered/asm/mixin/injection/callback/CallbackInfo;)V doesn't use it's CallbackInfo
[24May2026 18:05:31.706] [pool-15-thread-1/DEBUG] [mixin/]: flywheel.impl.mixins.json:visualmanage.BlockEntityMixin from mod flywheel->@Inject::flywheel$removeVisual(Lorg/spongepowered/asm/mixin/injection/callback/CallbackInfo;)V has 0 override(s) in child classes
[24May2026 18:05:31.706] [pool-15-thread-1/DEBUG] [mixin/]: flywheel.impl.mixins.json:visualmanage.BlockEntityMixin from mod flywheel->@Inject::flywheel$removeVisual(Lorg/spongepowered/asm/mixin/injection/callback/CallbackInfo;)V won't be passed a CallbackInfo as a result
[24May2026 18:05:31.708] [pool-15-thread-1/DEBUG] [mixin/]: Mixing accessor.FallingBlockEntityAccessor from create.mixins.json into net.minecraft.world.entity.item.FallingBlockEntity
[24May2026 18:05:31.709] [pool-15-thread-1/DEBUG] [mixin/]: Renaming @Invoker method create$callInit(Lnet/minecraft/world/level/Level;DDDLnet/minecraft/world/level/block/state/BlockState;)Lnet/minecraft/world/entity/item/FallingBlockEntity; to callInit$create_$md$6537da$0 in create.mixins.json:accessor.FallingBlockEntityAccessor from mod create
[24May2026 18:05:31.823] [pool-15-thread-1/DEBUG] [mixin/]: Mixing accessor.MobEffectInstanceAccessor from create.mixins.json into net.minecraft.world.effect.MobEffectInstance
[24May2026 18:05:31.842] [pool-15-thread-1/DEBUG] [mixin/]: Mixing MobMixin from create.mixins.json into net.minecraft.world.entity.Mob
[24May2026 18:05:31.885] [pool-15-thread-1/DEBUG] [mixin/]: Mixing BlockEntityTypeMixin from flywheel.impl.mixins.json into net.minecraft.world.level.block.entity.BlockEntityType
[24May2026 18:05:31.885] [pool-15-thread-1/DEBUG] [mixin/]: Mixing BlockEntityTypeAccessor from neoforge.mixins.json into net.minecraft.world.level.block.entity.BlockEntityType
[24May2026 18:05:31.922] [pool-15-thread-1/DEBUG] [mixin/]: Mixing AbstractFurnaceBlockEntityAccess from jade.mixins.json into net.minecraft.world.level.block.entity.AbstractFurnaceBlockEntity
[24May2026 18:05:31.922] [pool-15-thread-1/DEBUG] [mixin/]: jade.mixins.json:AbstractFurnaceBlockEntityAccess from mod jade: Class version 65 required is higher than the class version supported by the current version of Mixin (JAVA_16 supports class version 60)
[24May2026 18:05:32.007] [pool-15-thread-1/DEBUG] [mixin/]: Mixing ItemStackMixin from emi.mixins.json into net.minecraft.world.item.ItemStack
[24May2026 18:05:32.007] [pool-15-thread-1/DEBUG] [mixin/]: emi.mixins.json:ItemStackMixin from mod emi: Class version 65 required is higher than the class version supported by the current version of Mixin (JAVA_17 supports class version 61)
[24May2026 18:05:32.012] [pool-15-thread-1/DEBUG] [mixin/]: emi.mixins.json:ItemStackMixin from mod emi->@Inject::getTooltip(Lnet/minecraft/world/item/Item$TooltipContext;Lnet/minecraft/world/entity/player/Player;Lnet/minecraft/world/item/TooltipFlag;Lorg/spongepowered/asm/mixin/injection/callback/CallbackInfoReturnable;)V does use it's CallbackInfoReturnable
[24May2026 18:05:32.013] [pool-15-thread-1/DEBUG] [mixin/]: emi.mixins.json:ItemStackMixin from mod emi->@Inject::getTooltip(Lnet/minecraft/world/item/Item$TooltipContext;Lnet/minecraft/world/entity/player/Player;Lnet/minecraft/world/item/TooltipFlag;Lorg/spongepowered/asm/mixin/injection/callback/CallbackInfoReturnable;)V does use it's CallbackInfoReturnable
[24May2026 18:05:32.212] [pool-15-thread-1/DEBUG] [mixin/]: Mixing SmithingMenuMixin from create.mixins.json into net.minecraft.world.inventory.SmithingMenu
[24May2026 18:05:32.213] [pool-15-thread-1/DEBUG] [mixin/]: Renaming synthetic method lambda$create$preventUnbreakingOnBacktanks$0(Lnet/minecraft/world/item/ItemStack;Lnet/minecraft/core/Holder;)Z to md6537da$create$lambda$create$preventUnbreakingOnBacktanks$0$0 in create.mixins.json:SmithingMenuMixin from mod create
[24May2026 18:05:32.216] [pool-15-thread-1/DEBUG] [mixin/]: create.mixins.json:SmithingMenuMixin from mod create->@Inject::create$awardAdvancementWhenTrimmingCardboardArmor(Lnet/minecraft/world/entity/player/Player;Lnet/minecraft/world/item/ItemStack;Lorg/spongepowered/asm/mixin/injection/callback/CallbackInfo;)V doesn't use it's CallbackInfo
[24May2026 18:05:32.216] [pool-15-thread-1/DEBUG] [mixin/]: create.mixins.json:SmithingMenuMixin from mod create->@Inject::create$awardAdvancementWhenTrimmingCardboardArmor(Lnet/minecraft/world/entity/player/Player;Lnet/minecraft/world/item/ItemStack;Lorg/spongepowered/asm/mixin/injection/callback/CallbackInfo;)V has 0 override(s) in child classes
[24May2026 18:05:32.216] [pool-15-thread-1/DEBUG] [mixin/]: create.mixins.json:SmithingMenuMixin from mod create->@Inject::create$awardAdvancementWhenTrimmingCardboardArmor(Lnet/minecraft/world/entity/player/Player;Lnet/minecraft/world/item/ItemStack;Lorg/spongepowered/asm/mixin/injection/callback/CallbackInfo;)V won't be passed a CallbackInfo as a result
[24May2026 18:05:32.666] [pool-15-thread-1/DEBUG] [mixin/]: Mixing BlockItemMixin from create.mixins.json into net.minecraft.world.item.BlockItem
[24May2026 18:05:32.668] [pool-15-thread-1/DEBUG] [mixin/]: create.mixins.json:BlockItemMixin from mod create->@Inject::create$fixDeployerPlacement(Lnet/minecraft/world/item/context/BlockPlaceContext;Lorg/spongepowered/asm/mixin/injection/callback/CallbackInfoReturnable;)V does use it's CallbackInfoReturnable
[24May2026 18:05:32.674] [pool-15-thread-1/DEBUG] [mixin/]: Mixing accessor.ShovelItemAccessor from emi.mixins.json into net.minecraft.world.item.ShovelItem
[24May2026 18:05:32.675] [pool-15-thread-1/DEBUG] [mixin/]: emi.mixins.json:accessor.ShovelItemAccessor from mod emi: Class version 65 required is higher than the class version supported by the current version of Mixin (JAVA_17 supports class version 61)
[24May2026 18:05:32.675] [pool-15-thread-1/DEBUG] [mixin/]: Renaming @Accessor method getPathStates()Ljava/util/Map; to getPathStates$emi_$md$6537da$0 in emi.mixins.json:accessor.ShovelItemAccessor from mod emi
[24May2026 18:05:32.676] [pool-15-thread-1/DEBUG] [mixin/]: Mixing accessor.AxeItemAccessor from emi.mixins.json into net.minecraft.world.item.AxeItem
[24May2026 18:05:32.676] [pool-15-thread-1/DEBUG] [mixin/]: emi.mixins.json:accessor.AxeItemAccessor from mod emi: Class version 65 required is higher than the class version supported by the current version of Mixin (JAVA_17 supports class version 61)
[24May2026 18:05:32.676] [pool-15-thread-1/DEBUG] [mixin/]: Renaming @Accessor method getStrippedBlocks()Ljava/util/Map; to getStrippedBlocks$emi_$md$6537da$0 in emi.mixins.json:accessor.AxeItemAccessor from mod emi
[24May2026 18:05:32.677] [pool-15-thread-1/DEBUG] [mixin/]: Mixing accessor.HoeItemAccessor from emi.mixins.json into net.minecraft.world.item.HoeItem
[24May2026 18:05:32.677] [pool-15-thread-1/DEBUG] [mixin/]: emi.mixins.json:accessor.HoeItemAccessor from mod emi: Class version 65 required is higher than the class version supported by the current version of Mixin (JAVA_17 supports class version 61)
[24May2026 18:05:32.677] [pool-15-thread-1/DEBUG] [mixin/]: Renaming @Accessor method getTillingActions()Ljava/util/Map; to getTillingActions$emi_$md$6537da$0 in emi.mixins.json:accessor.HoeItemAccessor from mod emi
[24May2026 18:05:32.677] [pool-15-thread-1/DEBUG] [mixin/]: Mixing HoeItemMixin from emi.mixins.json into net.minecraft.world.item.HoeItem
[24May2026 18:05:32.678] [pool-15-thread-1/DEBUG] [mixin/]: emi.mixins.json:HoeItemMixin from mod emi: Class version 65 required is higher than the class version supported by the current version of Mixin (JAVA_17 supports class version 61)
[24May2026 18:05:32.679] [pool-15-thread-1/DEBUG] [mixin/]: emi.mixins.json:HoeItemMixin from mod emi->@Inject::createTillAction(Lnet/minecraft/world/level/block/state/BlockState;Lorg/spongepowered/asm/mixin/injection/callback/CallbackInfoReturnable;)V does use it's CallbackInfoReturnable
[24May2026 18:05:32.679] [pool-15-thread-1/DEBUG] [mixin/]: emi.mixins.json:HoeItemMixin from mod emi->@Inject::createTillAndDropAction(Lnet/minecraft/world/level/block/state/BlockState;Lnet/minecraft/world/level/ItemLike;Lorg/spongepowered/asm/mixin/injection/callback/CallbackInfoReturnable;)V does use it's CallbackInfoReturnable
[24May2026 18:05:32.775] [pool-15-thread-1/DEBUG] [mixin/]: Mixing ArmorTrimMixin from create.mixins.json into net.minecraft.world.item.armortrim.ArmorTrim
[24May2026 18:05:32.775] [pool-15-thread-1/DEBUG] [mixin/]: Renaming synthetic method lambda$new$0(Ljava/lang/Boolean;Lnet/minecraft/core/Holder;)Lnet/minecraft/resources/ResourceLocation; to md6537da$create$lambda$new$0$0 in create.mixins.json:ArmorTrimMixin from mod create
[24May2026 18:05:32.779] [pool-15-thread-1/DEBUG] [mixin/]: create.mixins.json:ArmorTrimMixin from mod create->@Inject::create$swapTexturesForCardboardTrimsInner(Lnet/minecraft/core/Holder;Lorg/spongepowered/asm/mixin/injection/callback/CallbackInfoReturnable;)V does use it's CallbackInfoReturnable
[24May2026 18:05:32.779] [pool-15-thread-1/DEBUG] [mixin/]: create.mixins.json:ArmorTrimMixin from mod create->@Inject::create$swapTexturesForCardboardTrimsOuter(Lnet/minecraft/core/Holder;Lorg/spongepowered/asm/mixin/injection/callback/CallbackInfoReturnable;)V does use it's CallbackInfoReturnable
[24May2026 18:05:32.794] [pool-15-thread-1/DEBUG] [mixin/]: Mixing visualmanage.LevelChunkMixin from flywheel.impl.mixins.json into net.minecraft.world.level.chunk.LevelChunk
[24May2026 18:05:32.796] [pool-15-thread-1/DEBUG] [mixin/]: flywheel.impl.mixins.json:visualmanage.LevelChunkMixin from mod flywheel->@Inject::flywheel$onBlockEntityAdded(Lnet/minecraft/world/level/block/entity/BlockEntity;Lorg/spongepowered/asm/mixin/injection/callback/CallbackInfo;)V doesn't use it's CallbackInfo
[24May2026 18:05:32.796] [pool-15-thread-1/DEBUG] [mixin/]: flywheel.impl.mixins.json:visualmanage.LevelChunkMixin from mod flywheel->@Inject::flywheel$onBlockEntityAdded(Lnet/minecraft/world/level/block/entity/BlockEntity;Lorg/spongepowered/asm/mixin/injection/callback/CallbackInfo;)V has 0 override(s) in child classes
[24May2026 18:05:32.796] [pool-15-thread-1/DEBUG] [mixin/]: flywheel.impl.mixins.json:visualmanage.LevelChunkMixin from mod flywheel->@Inject::flywheel$onBlockEntityAdded(Lnet/minecraft/world/level/block/entity/BlockEntity;Lorg/spongepowered/asm/mixin/injection/callback/CallbackInfo;)V won't be passed a CallbackInfo as a result
[24May2026 18:05:32.828] [pool-15-thread-1/DEBUG] [mixin/]: Mixing accessor.UseOnContextAccessor from create.mixins.json into net.minecraft.world.item.context.UseOnContext
[24May2026 18:05:32.940] [pool-15-thread-1/DEBUG] [mixin/]: Mixing accessor.MinecartFurnaceAccessor from create.mixins.json into net.minecraft.world.entity.vehicle.MinecartFurnace
[24May2026 18:05:33.383] [pool-15-thread-1/DEBUG] [mixin/]: Mixing accessor.ProjectileDispenseBehaviorAccessor from create.mixins.json into net.minecraft.core.dispenser.ProjectileDispenseBehavior
[24May2026 18:05:33.428] [pool-15-thread-1/DEBUG] [mixin/]: Mixing accessor.CraftingResultSlotAccessor from emi.mixins.json into net.minecraft.world.inventory.ResultSlot
[24May2026 18:05:33.428] [pool-15-thread-1/DEBUG] [mixin/]: emi.mixins.json:accessor.CraftingResultSlotAccessor from mod emi: Class version 65 required is higher than the class version supported by the current version of Mixin (JAVA_17 supports class version 61)
[24May2026 18:05:33.428] [pool-15-thread-1/DEBUG] [mixin/]: Mixing CraftingResultSlotMixin from emi.mixins.json into net.minecraft.world.inventory.ResultSlot
[24May2026 18:05:33.428] [pool-15-thread-1/DEBUG] [mixin/]: emi.mixins.json:CraftingResultSlotMixin from mod emi: Class version 65 required is higher than the class version supported by the current version of Mixin (JAVA_17 supports class version 61)
[24May2026 18:05:33.431] [pool-15-thread-1/DEBUG] [mixin/]: emi.mixins.json:CraftingResultSlotMixin from mod emi->@Inject::onCrafted(Lnet/minecraft/world/item/ItemStack;Lorg/spongepowered/asm/mixin/injection/callback/CallbackInfo;)V doesn't use it's CallbackInfo
[24May2026 18:05:33.431] [pool-15-thread-1/DEBUG] [mixin/]: emi.mixins.json:CraftingResultSlotMixin from mod emi->@Inject::onCrafted(Lnet/minecraft/world/item/ItemStack;Lorg/spongepowered/asm/mixin/injection/callback/CallbackInfo;)V has 0 override(s) in child classes
[24May2026 18:05:33.431] [pool-15-thread-1/DEBUG] [mixin/]: emi.mixins.json:CraftingResultSlotMixin from mod emi->@Inject::onCrafted(Lnet/minecraft/world/item/ItemStack;Lorg/spongepowered/asm/mixin/injection/callback/CallbackInfo;)V won't be passed a CallbackInfo as a result
[24May2026 18:05:33.438] [pool-15-thread-1/DEBUG] [mixin/]: Mixing accessor.ShapedRecipeAccessor from create.mixins.json into net.minecraft.world.item.crafting.ShapedRecipe
[24May2026 18:05:33.460] [pool-15-thread-1/DEBUG] [mixin/]: Mixing accessor.SmithingTransformRecipeAccessor from emi.mixins.json into net.minecraft.world.item.crafting.SmithingTransformRecipe
[24May2026 18:05:33.460] [pool-15-thread-1/DEBUG] [mixin/]: emi.mixins.json:accessor.SmithingTransformRecipeAccessor from mod emi: Class version 65 required is higher than the class version supported by the current version of Mixin (JAVA_17 supports class version 61)
[24May2026 18:05:33.462] [pool-15-thread-1/DEBUG] [mixin/]: Mixing accessor.SmithingTrimRecipeAccessor from emi.mixins.json into net.minecraft.world.item.crafting.SmithingTrimRecipe
[24May2026 18:05:33.462] [pool-15-thread-1/DEBUG] [mixin/]: emi.mixins.json:accessor.SmithingTrimRecipeAccessor from mod emi: Class version 65 required is higher than the class version supported by the current version of Mixin (JAVA_17 supports class version 61)
[24May2026 18:05:33.501] [pool-15-thread-1/DEBUG] [mixin/]: Mixing LootPoolEntryAccessor from emi_loot.mixins.json into net.minecraft.world.level.storage.loot.entries.LootPoolEntryContainer
[24May2026 18:05:33.502] [pool-15-thread-1/DEBUG] [mixin/]: Mixing LeafEntryAccessor from emi_loot.mixins.json into net.minecraft.world.level.storage.loot.entries.LootPoolSingletonContainer
[24May2026 18:05:33.507] [pool-15-thread-1/DEBUG] [mixin/]: Mixing SetCountLootFunctionAccessor from emi_loot.mixins.json into net.minecraft.world.level.storage.loot.functions.SetItemCountFunction
[24May2026 18:05:33.508] [pool-15-thread-1/DEBUG] [mixin/]: Mixing ConditionalLootFunctionAccessor from emi_loot.mixins.json into net.minecraft.world.level.storage.loot.functions.LootItemConditionalFunction
[24May2026 18:05:33.517] [pool-15-thread-1/DEBUG] [mixin/]: Mixing SetItemLootFunctionAccessor from emi_loot.mixins.json into net.minecraft.world.level.storage.loot.functions.SetItemFunction
[24May2026 18:05:33.520] [pool-15-thread-1/DEBUG] [mixin/]: Mixing SetEnchantmentsLootFunctionAccessor from emi_loot.mixins.json into net.minecraft.world.level.storage.loot.functions.SetEnchantmentsFunction
[24May2026 18:05:33.524] [pool-15-thread-1/DEBUG] [mixin/]: Mixing EnchantedCountIncreaseFunctionMixin from create.mixins.json into net.minecraft.world.level.storage.loot.functions.EnchantedCountIncreaseFunction
[24May2026 18:05:33.527] [pool-15-thread-1/DEBUG] [mixin/]: create.mixins.json:EnchantedCountIncreaseFunctionMixin from mod create->@Inject::fireWithoutAttackingEntity(Lnet/minecraft/world/item/ItemStack;Lnet/minecraft/world/level/storage/loot/LootContext;Lorg/spongepowered/asm/mixin/injection/callback/CallbackInfoReturnable;)V doesn't use it's CallbackInfoReturnable
[24May2026 18:05:33.527] [pool-15-thread-1/DEBUG] [mixin/]: create.mixins.json:EnchantedCountIncreaseFunctionMixin from mod create->@Inject::fireWithoutAttackingEntity(Lnet/minecraft/world/item/ItemStack;Lnet/minecraft/world/level/storage/loot/LootContext;Lorg/spongepowered/asm/mixin/injection/callback/CallbackInfoReturnable;)V has 0 override(s) in child classes
[24May2026 18:05:33.528] [pool-15-thread-1/DEBUG] [mixin/]: create.mixins.json:EnchantedCountIncreaseFunctionMixin from mod create->@Inject::fireWithoutAttackingEntity(Lnet/minecraft/world/item/ItemStack;Lnet/minecraft/world/level/storage/loot/LootContext;Lorg/spongepowered/asm/mixin/injection/callback/CallbackInfoReturnable;)V won't be passed a CallbackInfoReturnable as a result
[24May2026 18:05:33.529] [pool-15-thread-1/DEBUG] [mixin/]: Mixing SetDamageLootFunctionAccessor from emi_loot.mixins.json into net.minecraft.world.level.storage.loot.functions.SetItemDamageFunction
[24May2026 18:05:33.530] [pool-15-thread-1/DEBUG] [mixin/]: Mixing SetAttributesLootFunctionAccessor from emi_loot.mixins.json into net.minecraft.world.level.storage.loot.functions.SetAttributesFunction
[24May2026 18:05:33.533] [pool-15-thread-1/DEBUG] [mixin/]: Mixing SetNameLootFunctionAccessor from emi_loot.mixins.json into net.minecraft.world.level.storage.loot.functions.SetNameFunction
[24May2026 18:05:33.535] [pool-15-thread-1/DEBUG] [mixin/]: Mixing ExplorationMapLootFunctionAccessor from emi_loot.mixins.json into net.minecraft.world.level.storage.loot.functions.ExplorationMapFunction
[24May2026 18:05:33.537] [pool-15-thread-1/DEBUG] [mixin/]: Mixing SetStewEffectLootFunctionAccessor from emi_loot.mixins.json into net.minecraft.world.level.storage.loot.functions.SetStewEffectFunction
[24May2026 18:05:33.539] [pool-15-thread-1/DEBUG] [mixin/]: Mixing CopyNameLootFunctionAccessor from emi_loot.mixins.json into net.minecraft.world.level.storage.loot.functions.CopyNameFunction
[24May2026 18:05:33.542] [pool-15-thread-1/DEBUG] [mixin/]: Mixing ModifyContentsLootFunctionAccessor from emi_loot.mixins.json into net.minecraft.world.level.storage.loot.functions.ModifyContainerContents
[24May2026 18:05:33.543] [pool-15-thread-1/DEBUG] [mixin/]: Mixing FilteredLootFunctionAccessor from emi_loot.mixins.json into net.minecraft.world.level.storage.loot.functions.FilteredFunction
[24May2026 18:05:33.548] [pool-15-thread-1/DEBUG] [mixin/]: Mixing LimitCountLootFunctionAccessor from emi_loot.mixins.json into net.minecraft.world.level.storage.loot.functions.LimitCount
[24May2026 18:05:33.549] [pool-15-thread-1/DEBUG] [mixin/]: Mixing BoundedIntUnaryOperatorAccessor from emi_loot.mixins.json into net.minecraft.world.level.storage.loot.IntRange
[24May2026 18:05:33.550] [pool-15-thread-1/DEBUG] [mixin/]: Mixing ApplyBonusLootFunctionAccessor from emi_loot.mixins.json into net.minecraft.world.level.storage.loot.functions.ApplyBonusCount
[24May2026 18:05:33.554] [pool-15-thread-1/DEBUG] [mixin/]: Mixing SetLootTableLootFunctionAccessor from emi_loot.mixins.json into net.minecraft.world.level.storage.loot.functions.SetContainerLootTable
[24May2026 18:05:33.566] [pool-15-thread-1/DEBUG] [mixin/]: Mixing SetPotionLootFunctionAccessor from emi_loot.mixins.json into net.minecraft.world.level.storage.loot.functions.SetPotionFunction
[24May2026 18:05:33.568] [pool-15-thread-1/DEBUG] [mixin/]: Mixing SetInstrumentLootFunctionAccessor from emi_loot.mixins.json into net.minecraft.world.level.storage.loot.functions.SetInstrumentFunction
[24May2026 18:05:33.569] [pool-15-thread-1/DEBUG] [mixin/]: Mixing ReferenceLootFunctionAccessor from emi_loot.mixins.json into net.minecraft.world.level.storage.loot.functions.FunctionReference
[24May2026 18:05:33.570] [pool-15-thread-1/DEBUG] [mixin/]: Mixing AndLootFunctionAccessor from emi_loot.mixins.json into net.minecraft.world.level.storage.loot.functions.SequenceFunction
[24May2026 18:05:33.573] [pool-15-thread-1/DEBUG] [mixin/]: Mixing SetFireworksLootFunctionAccessor from emi_loot.mixins.json into net.minecraft.world.level.storage.loot.functions.SetFireworksFunction
[24May2026 18:05:33.575] [pool-15-thread-1/DEBUG] [mixin/]: Mixing SetFireworkExplosionLootFunctionAccessor from emi_loot.mixins.json into net.minecraft.world.level.storage.loot.functions.SetFireworkExplosionFunction
[24May2026 18:05:33.577] [pool-15-thread-1/DEBUG] [mixin/]: Mixing SetBookCoverLootFunctionAccessor from emi_loot.mixins.json into net.minecraft.world.level.storage.loot.functions.SetBookCoverFunction
[24May2026 18:05:33.583] [pool-15-thread-1/DEBUG] [mixin/]: Mixing SetOminousBottleAmplifierLootFunctionAccessor from emi_loot.mixins.json into net.minecraft.world.level.storage.loot.functions.SetOminousBottleAmplifierFunction
[24May2026 18:05:33.585] [pool-15-thread-1/DEBUG] [mixin/]: Mixing ItemEntryAccessor from emi_loot.mixins.json into net.minecraft.world.level.storage.loot.entries.LootItem
[24May2026 18:05:33.587] [pool-15-thread-1/DEBUG] [mixin/]: Mixing LootTableEntryAccessor from emi_loot.mixins.json into net.minecraft.world.level.storage.loot.entries.NestedLootTable
[24May2026 18:05:33.588] [pool-15-thread-1/DEBUG] [mixin/]: Mixing LootTableAccessor from emi_loot.mixins.json into net.minecraft.world.level.storage.loot.LootTable
[24May2026 18:05:33.590] [pool-15-thread-1/DEBUG] [mixin/]: Mixing LootPoolAccessor from emi_loot.mixins.json into net.minecraft.world.level.storage.loot.LootPool
[24May2026 18:05:33.598] [pool-15-thread-1/DEBUG] [mixin/]: Mixing TagEntryAccessor from emi_loot.mixins.json into net.minecraft.world.level.storage.loot.entries.TagEntry
[24May2026 18:05:33.600] [pool-15-thread-1/DEBUG] [mixin/]: Mixing CombinedEntryAccessor from emi_loot.mixins.json into net.minecraft.world.level.storage.loot.entries.CompositeEntryBase
[24May2026 18:05:33.602] [pool-15-thread-1/DEBUG] [mixin/]: Mixing AlternativeLootConditionAccessor from emi_loot.mixins.json into net.minecraft.world.level.storage.loot.predicates.CompositeLootItemCondition
[24May2026 18:05:33.666] [pool-15-thread-1/DEBUG] [mixin/]: Mixing KeepRichSoilGiantTreeMixin from farmersdelight.mixins.json into net.minecraft.world.level.levelgen.feature.Feature
[24May2026 18:05:33.667] [pool-15-thread-1/DEBUG] [mixin/]: Renaming synthetic method lambda$keepRichSoil$0(Lnet/minecraft/world/level/block/state/BlockState;)Z to md6537da$farmersdelight$lambda$keepRichSoil$0$0 in farmersdelight.mixins.json:KeepRichSoilGiantTreeMixin from mod farmersdelight
[24May2026 18:05:33.668] [pool-15-thread-1/DEBUG] [mixin/]: farmersdelight.mixins.json:KeepRichSoilGiantTreeMixin from mod farmersdelight->@Inject::keepRichSoil(Lnet/minecraft/world/level/LevelSimulatedReader;Lnet/minecraft/core/BlockPos;Lorg/spongepowered/asm/mixin/injection/callback/CallbackInfoReturnable;)V does use it's CallbackInfoReturnable
[24May2026 18:05:33.931] [pool-15-thread-1/DEBUG] [mixin/]: Mixing VariantPredicateAccessor from emi_loot.mixins.json into net.minecraft.advancements.critereon.EntitySubPredicates$EntityVariantPredicateType$Instance
[24May2026 18:05:33.938] [pool-15-thread-1/DEBUG] [mixin/]: Mixing EnchantmentsPredicateAccessor from emi_loot.mixins.json into net.minecraft.advancements.critereon.ItemEnchantmentsPredicate
[24May2026 18:05:34.039] [main/DEBUG] [mixin/]: Mixing accessor.MinecraftServerAccessor from ponder-common.mixins.json into net.minecraft.server.MinecraftServer
[24May2026 18:05:34.039] [main/DEBUG] [mixin/]: ponder-common.mixins.json:accessor.MinecraftServerAccessor from mod ponder: Class version 65 required is higher than the class version supported by the current version of Mixin (JAVA_17 supports class version 61)
[24May2026 18:05:34.074] [main/DEBUG] [mixin/]: Mixing MapItemSavedDataMixin from create.mixins.json into net.minecraft.world.level.saveddata.maps.MapItemSavedData
[24May2026 18:05:34.082] [main/DEBUG] [mixin/]: create.mixins.json:MapItemSavedDataMixin from mod create->@Inject::create$onLoad(Lnet/minecraft/nbt/CompoundTag;Lnet/minecraft/core/HolderLookup$Provider;Lorg/spongepowered/asm/mixin/injection/callback/CallbackInfoReturnable;)V does use it's CallbackInfoReturnable
[24May2026 18:05:34.083] [main/DEBUG] [mixin/]: create.mixins.json:MapItemSavedDataMixin from mod create->@Inject::create$onSave(Lnet/minecraft/nbt/CompoundTag;Lnet/minecraft/core/HolderLookup$Provider;Lorg/spongepowered/asm/mixin/injection/callback/CallbackInfoReturnable;)V doesn't use it's CallbackInfoReturnable
[24May2026 18:05:34.083] [main/DEBUG] [mixin/]: create.mixins.json:MapItemSavedDataMixin from mod create->@Inject::create$onSave(Lnet/minecraft/nbt/CompoundTag;Lnet/minecraft/core/HolderLookup$Provider;Lorg/spongepowered/asm/mixin/injection/callback/CallbackInfoReturnable;)V has 0 override(s) in child classes
[24May2026 18:05:34.083] [main/DEBUG] [mixin/]: create.mixins.json:MapItemSavedDataMixin from mod create->@Inject::create$onSave(Lnet/minecraft/nbt/CompoundTag;Lnet/minecraft/core/HolderLookup$Provider;Lorg/spongepowered/asm/mixin/injection/callback/CallbackInfoReturnable;)V won't be passed a CallbackInfoReturnable as a result
[24May2026 18:05:34.083] [main/DEBUG] [mixin/]: create.mixins.json:MapItemSavedDataMixin from mod create->@Inject::create$onCheckBanners(Lnet/minecraft/world/level/BlockGetter;IILorg/spongepowered/asm/mixin/injection/callback/CallbackInfo;)V doesn't use it's CallbackInfo
[24May2026 18:05:34.083] [main/DEBUG] [mixin/]: create.mixins.json:MapItemSavedDataMixin from mod create->@Inject::create$onCheckBanners(Lnet/minecraft/world/level/BlockGetter;IILorg/spongepowered/asm/mixin/injection/callback/CallbackInfo;)V has 0 override(s) in child classes
[24May2026 18:05:34.083] [main/DEBUG] [mixin/]: create.mixins.json:MapItemSavedDataMixin from mod create->@Inject::create$onCheckBanners(Lnet/minecraft/world/level/BlockGetter;IILorg/spongepowered/asm/mixin/injection/callback/CallbackInfo;)V won't be passed a CallbackInfo as a result
[24May2026 18:05:34.423] [main/DEBUG] [mixin/]: Mixing TestCommandMixin from create.mixins.json into net.minecraft.gametest.framework.TestCommand
[24May2026 18:05:34.471] [main/WARN] [net.minecraft.commands.Commands/]: Ambiguity between arguments [teleport, location] and [teleport, destination] with inputs: [0.1 -0.5 .9, 0 0 0]
[24May2026 18:05:34.472] [main/WARN] [net.minecraft.commands.Commands/]: Ambiguity between arguments [teleport, location] and [teleport, targets] with inputs: [0.1 -0.5 .9, 0 0 0]
[24May2026 18:05:34.474] [main/WARN] [net.minecraft.commands.Commands/]: Ambiguity between arguments [teleport, destination] and [teleport, targets] with inputs: [Player, 0123, @e, dd12be42-52a9-4a91-a8a1-11c01849e498]
[24May2026 18:05:34.474] [main/WARN] [net.minecraft.commands.Commands/]: Ambiguity between arguments [teleport, targets] and [teleport, destination] with inputs: [Player, 0123, dd12be42-52a9-4a91-a8a1-11c01849e498]
[24May2026 18:05:34.475] [main/WARN] [net.minecraft.commands.Commands/]: Ambiguity between arguments [teleport, targets, location] and [teleport, targets, destination] with inputs: [0.1 -0.5 .9, 0 0 0]
[24May2026 18:05:34.482] [Render thread/DEBUG] [mixin/]: Mixing RenderSystemMixin from flywheel.backend.mixins.json into com.mojang.blaze3d.systems.RenderSystem
[24May2026 18:05:34.483] [Render thread/DEBUG] [mixin/]: Mixing client.accessor.RenderSystemAccessor from ponder-common.mixins.json into com.mojang.blaze3d.systems.RenderSystem
[24May2026 18:05:34.483] [Render thread/DEBUG] [mixin/]: ponder-common.mixins.json:client.accessor.RenderSystemAccessor from mod ponder: Class version 65 required is higher than the class version supported by the current version of Mixin (JAVA_17 supports class version 61)
[24May2026 18:05:34.484] [Render thread/DEBUG] [mixin/]: Renaming @Accessor method catnip$getShaderLightDirections()[Lorg/joml/Vector3f; to catnip$getShaderLightDirections$ponder_$md$6537da$0 in ponder-common.mixins.json:client.accessor.RenderSystemAccessor from mod ponder
[24May2026 18:05:34.485] [Render thread/DEBUG] [mixin/]: flywheel.backend.mixins.json:RenderSystemMixin from mod flywheel->@Inject::flywheel$onInitRenderer(Lorg/spongepowered/asm/mixin/injection/callback/CallbackInfo;)V doesn't use it's CallbackInfo
[24May2026 18:05:34.485] [Render thread/DEBUG] [mixin/]: flywheel.backend.mixins.json:RenderSystemMixin from mod flywheel->@Inject::flywheel$onSetFogStart(Lorg/spongepowered/asm/mixin/injection/callback/CallbackInfo;)V doesn't use it's CallbackInfo
[24May2026 18:05:34.485] [Render thread/DEBUG] [mixin/]: flywheel.backend.mixins.json:RenderSystemMixin from mod flywheel->@Inject::flywheel$onSetFogEnd(Lorg/spongepowered/asm/mixin/injection/callback/CallbackInfo;)V doesn't use it's CallbackInfo
[24May2026 18:05:34.485] [Render thread/DEBUG] [mixin/]: flywheel.backend.mixins.json:RenderSystemMixin from mod flywheel->@Inject::flywheel$onSetFogShape(Lorg/spongepowered/asm/mixin/injection/callback/CallbackInfo;)V doesn't use it's CallbackInfo
[24May2026 18:05:34.485] [Render thread/DEBUG] [mixin/]: flywheel.backend.mixins.json:RenderSystemMixin from mod flywheel->@Inject::flywheel$onSetFogColor(Lorg/spongepowered/asm/mixin/injection/callback/CallbackInfo;)V doesn't use it's CallbackInfo
[24May2026 18:05:34.493] [Render thread/DEBUG] [mixin/]: Mixing ScreenMixin from emi.mixins.json into net.minecraft.client.gui.screens.Screen
[24May2026 18:05:34.493] [Render thread/DEBUG] [mixin/]: emi.mixins.json:ScreenMixin from mod emi: Class version 65 required is higher than the class version supported by the current version of Mixin (JAVA_17 supports class version 61)
[24May2026 18:05:34.494] [Render thread/DEBUG] [mixin/]: Mixing client.accessor.ScreenAccessor from ponder-common.mixins.json into net.minecraft.client.gui.screens.Screen
[24May2026 18:05:34.494] [Render thread/DEBUG] [mixin/]: ponder-common.mixins.json:client.accessor.ScreenAccessor from mod ponder: Class version 65 required is higher than the class version supported by the current version of Mixin (JAVA_17 supports class version 61)
[24May2026 18:05:34.495] [Render thread/DEBUG] [mixin/]: emi.mixins.json:ScreenMixin from mod emi->@Inject::init(Lnet/minecraft/client/Minecraft;IILorg/spongepowered/asm/mixin/injection/callback/CallbackInfo;)V doesn't use it's CallbackInfo
[24May2026 18:05:34.495] [Render thread/DEBUG] [mixin/]: emi.mixins.json:ScreenMixin from mod emi->@Inject::init(Lnet/minecraft/client/Minecraft;IILorg/spongepowered/asm/mixin/injection/callback/CallbackInfo;)V has 0 override(s) in child classes
[24May2026 18:05:34.495] [Render thread/DEBUG] [mixin/]: emi.mixins.json:ScreenMixin from mod emi->@Inject::init(Lnet/minecraft/client/Minecraft;IILorg/spongepowered/asm/mixin/injection/callback/CallbackInfo;)V won't be passed a CallbackInfo as a result
[24May2026 18:05:34.495] [Render thread/DEBUG] [mixin/]: emi.mixins.json:ScreenMixin from mod emi->@Inject::resize(Lnet/minecraft/client/Minecraft;IILorg/spongepowered/asm/mixin/injection/callback/CallbackInfo;)V doesn't use it's CallbackInfo
[24May2026 18:05:34.495] [Render thread/DEBUG] [mixin/]: emi.mixins.json:ScreenMixin from mod emi->@Inject::resize(Lnet/minecraft/client/Minecraft;IILorg/spongepowered/asm/mixin/injection/callback/CallbackInfo;)V has 0 override(s) in child classes
[24May2026 18:05:34.495] [Render thread/DEBUG] [mixin/]: emi.mixins.json:ScreenMixin from mod emi->@Inject::resize(Lnet/minecraft/client/Minecraft;IILorg/spongepowered/asm/mixin/injection/callback/CallbackInfo;)V won't be passed a CallbackInfo as a result
[24May2026 18:05:34.502] [Render thread/DEBUG] [mixin/]: Mixing CanvasSignEditScreenMixin from farmersdelight.mixins.json into net.minecraft.client.player.LocalPlayer
[24May2026 18:05:34.504] [Render thread/DEBUG] [mixin/]: Mixing client.HeavyBootsOnPlayerMixin from create.mixins.json into net.minecraft.client.player.LocalPlayer
[24May2026 18:05:34.506] [Render thread/DEBUG] [mixin/]: farmersdelight.mixins.json:CanvasSignEditScreenMixin from mod farmersdelight->@Inject::openCanvasSignEditScreen(Lnet/minecraft/world/level/block/entity/SignBlockEntity;ZLorg/spongepowered/asm/mixin/injection/callback/CallbackInfo;)V does use it's CallbackInfo
[24May2026 18:05:34.506] [Render thread/DEBUG] [mixin/]: create.mixins.json:client.HeavyBootsOnPlayerMixin from mod create->@Inject::create$noSwimmingWithHeavyBootsOn(Lorg/spongepowered/asm/mixin/injection/callback/CallbackInfoReturnable;)V does use it's CallbackInfoReturnable
[24May2026 18:05:34.508] [Render thread/DEBUG] [mixin/]: Mixing AbstractClientPlayerAccessor from flywheel.backend.mixins.json into net.minecraft.client.player.AbstractClientPlayer
[24May2026 18:05:34.519] [Render thread/DEBUG] [mixin/]: Mixing AbstractInventoryScreenMixin from emi.mixins.json into net.minecraft.client.gui.screens.inventory.EffectRenderingInventoryScreen
[24May2026 18:05:34.519] [Render thread/DEBUG] [mixin/]: emi.mixins.json:AbstractInventoryScreenMixin from mod emi: Class version 65 required is higher than the class version supported by the current version of Mixin (JAVA_17 supports class version 61)
[24May2026 18:05:34.539] [Render thread/DEBUG] [mixin/]: emi.mixins.json:AbstractInventoryScreenMixin from mod emi->@Inject::drawStatusEffects(Lnet/minecraft/client/gui/GuiGraphics;IILorg/spongepowered/asm/mixin/injection/callback/CallbackInfo;)V doesn't use it's CallbackInfo
[24May2026 18:05:34.539] [Render thread/DEBUG] [mixin/]: emi.mixins.json:AbstractInventoryScreenMixin from mod emi->@Inject::drawStatusEffects(Lnet/minecraft/client/gui/GuiGraphics;IILorg/spongepowered/asm/mixin/injection/callback/CallbackInfo;)V has 0 override(s) in child classes
[24May2026 18:05:34.539] [Render thread/DEBUG] [mixin/]: emi.mixins.json:AbstractInventoryScreenMixin from mod emi->@Inject::drawStatusEffects(Lnet/minecraft/client/gui/GuiGraphics;IILorg/spongepowered/asm/mixin/injection/callback/CallbackInfo;)V won't be passed a CallbackInfo as a result
[24May2026 18:05:34.541] [Render thread/DEBUG] [mixin/]: Mixing accessor.HandledScreenAccessor from emi.mixins.json into net.minecraft.client.gui.screens.inventory.AbstractContainerScreen
[24May2026 18:05:34.541] [Render thread/DEBUG] [mixin/]: emi.mixins.json:accessor.HandledScreenAccessor from mod emi: Class version 65 required is higher than the class version supported by the current version of Mixin (JAVA_17 supports class version 61)
[24May2026 18:05:34.542] [Render thread/DEBUG] [mixin/]: Mixing HandledScreenMixin from emi.mixins.json into net.minecraft.client.gui.screens.inventory.AbstractContainerScreen
[24May2026 18:05:34.542] [Render thread/DEBUG] [mixin/]: emi.mixins.json:HandledScreenMixin from mod emi: Class version 65 required is higher than the class version supported by the current version of Mixin (JAVA_17 supports class version 61)
[24May2026 18:05:34.544] [Render thread/DEBUG] [mixin/]: emi.mixins.json:HandledScreenMixin from mod emi->@Inject::renderBackground(Lnet/minecraft/client/gui/GuiGraphics;IIFLorg/spongepowered/asm/mixin/injection/callback/CallbackInfo;)V doesn't use it's CallbackInfo
[24May2026 18:05:34.544] [Render thread/DEBUG] [mixin/]: emi.mixins.json:HandledScreenMixin from mod emi->@Inject::renderBackground(Lnet/minecraft/client/gui/GuiGraphics;IIFLorg/spongepowered/asm/mixin/injection/callback/CallbackInfo;)V has 0 override(s) in child classes
[24May2026 18:05:34.544] [Render thread/DEBUG] [mixin/]: emi.mixins.json:HandledScreenMixin from mod emi->@Inject::renderBackground(Lnet/minecraft/client/gui/GuiGraphics;IIFLorg/spongepowered/asm/mixin/injection/callback/CallbackInfo;)V won't be passed a CallbackInfo as a result
[24May2026 18:05:34.544] [Render thread/DEBUG] [mixin/]: emi.mixins.json:HandledScreenMixin from mod emi->@Inject::renderForeground(Lnet/minecraft/client/gui/GuiGraphics;IIFLorg/spongepowered/asm/mixin/injection/callback/CallbackInfo;)V doesn't use it's CallbackInfo
[24May2026 18:05:34.544] [Render thread/DEBUG] [mixin/]: emi.mixins.json:HandledScreenMixin from mod emi->@Inject::renderForeground(Lnet/minecraft/client/gui/GuiGraphics;IIFLorg/spongepowered/asm/mixin/injection/callback/CallbackInfo;)V has 0 override(s) in child classes
[24May2026 18:05:34.544] [Render thread/DEBUG] [mixin/]: emi.mixins.json:HandledScreenMixin from mod emi->@Inject::renderForeground(Lnet/minecraft/client/gui/GuiGraphics;IIFLorg/spongepowered/asm/mixin/injection/callback/CallbackInfo;)V won't be passed a CallbackInfo as a result
[24May2026 18:05:34.551] [Render thread/DEBUG] [mixin/]: Mixing accessor.TimerAccessor from ponder-common.mixins.json into net.minecraft.client.DeltaTracker$Timer
[24May2026 18:05:34.551] [Render thread/DEBUG] [mixin/]: ponder-common.mixins.json:accessor.TimerAccessor from mod ponder: Class version 65 required is higher than the class version supported by the current version of Mixin (JAVA_17 supports class version 61)
[24May2026 18:05:34.552] [Render thread/DEBUG] [mixin/]: Mixing accessor.TimerAccessor from create.mixins.json into net.minecraft.client.DeltaTracker$Timer
[24May2026 18:05:34.594] [Render thread/WARN] [net.minecraft.server.packs.VanillaPackResourcesBuilder/]: Assets URL 'union:/F:/user%20files/Documents/GitHub/minecraft_limonata/MCreatorWorkspaces/limonata/build/moddev/artifacts/neoforge-21.1.190.jar%23200!/assets/.mcassetsroot' uses unexpected schema
[24May2026 18:05:34.595] [Render thread/WARN] [net.minecraft.server.packs.VanillaPackResourcesBuilder/]: Assets URL 'union:/F:/user%20files/Documents/GitHub/minecraft_limonata/MCreatorWorkspaces/limonata/build/moddev/artifacts/neoforge-21.1.190.jar%23200!/data/.mcassetsroot' uses unexpected schema
[24May2026 18:05:34.612] [Render thread/INFO] [com.mojang.authlib.yggdrasil.YggdrasilAuthenticationService/]: Environment: Environment[sessionHost=https://sessionserver.mojang.com, servicesHost=https://api.minecraftservices.com, name=PROD]
[24May2026 18:05:34.618] [Render thread/INFO] [net.minecraft.client.Minecraft/]: Setting user: Dev
[24May2026 18:05:34.620] [Render thread/DEBUG] [mixin/]: Mixing ToastManagerMixin from emi.mixins.json into net.minecraft.client.gui.components.toasts.ToastComponent
[24May2026 18:05:34.620] [Render thread/DEBUG] [mixin/]: emi.mixins.json:ToastManagerMixin from mod emi: Class version 65 required is higher than the class version supported by the current version of Mixin (JAVA_17 supports class version 61)
[24May2026 18:05:34.621] [Render thread/DEBUG] [mixin/]: emi.mixins.json:ToastManagerMixin from mod emi->@Inject::drawHead(Lnet/minecraft/client/gui/GuiGraphics;Lorg/spongepowered/asm/mixin/injection/callback/CallbackInfo;)V does use it's CallbackInfo
[24May2026 18:05:34.622] [Render thread/DEBUG] [mixin/]: Mixing OptionsMixin from flywheel.backend.mixins.json into net.minecraft.client.Options
[24May2026 18:05:34.623] [Render thread/DEBUG] [mixin/]: flywheel.backend.mixins.json:OptionsMixin from mod flywheel->@Inject::flywheel$onLoad(Lorg/spongepowered/asm/mixin/injection/callback/CallbackInfo;)V doesn't use it's CallbackInfo
[24May2026 18:05:34.623] [Render thread/DEBUG] [mixin/]: flywheel.backend.mixins.json:OptionsMixin from mod flywheel->@Inject::flywheel$onLoad(Lorg/spongepowered/asm/mixin/injection/callback/CallbackInfo;)V has 0 override(s) in child classes
[24May2026 18:05:34.623] [Render thread/DEBUG] [mixin/]: flywheel.backend.mixins.json:OptionsMixin from mod flywheel->@Inject::flywheel$onLoad(Lorg/spongepowered/asm/mixin/injection/callback/CallbackInfo;)V won't be passed a CallbackInfo as a result
[24May2026 18:05:34.624] [Render thread/DEBUG] [mixin/]: flywheel.backend.mixins.json:OptionsMixin from mod flywheel->@Inject::flywheel$onSave(Lorg/spongepowered/asm/mixin/injection/callback/CallbackInfo;)V doesn't use it's CallbackInfo
[24May2026 18:05:34.624] [Render thread/DEBUG] [mixin/]: flywheel.backend.mixins.json:OptionsMixin from mod flywheel->@Inject::flywheel$onSave(Lorg/spongepowered/asm/mixin/injection/callback/CallbackInfo;)V has 0 override(s) in child classes
[24May2026 18:05:34.624] [Render thread/DEBUG] [mixin/]: flywheel.backend.mixins.json:OptionsMixin from mod flywheel->@Inject::flywheel$onSave(Lorg/spongepowered/asm/mixin/injection/callback/CallbackInfo;)V won't be passed a CallbackInfo as a result
[24May2026 18:05:34.680] [Render thread/INFO] [net.minecraft.client.Minecraft/]: Backend library: LWJGL version 3.3.3+5
[24May2026 18:05:34.700] [Render thread/DEBUG] [mixin/]: Mixing GlStateManagerMixin from flywheel.backend.mixins.json into com.mojang.blaze3d.platform.GlStateManager
[24May2026 18:05:34.708] [Render thread/DEBUG] [mixin/]: flywheel.backend.mixins.json:GlStateManagerMixin from mod flywheel->@Inject::flywheel$onBindBuffer(IILorg/spongepowered/asm/mixin/injection/callback/CallbackInfo;)V doesn't use it's CallbackInfo
[24May2026 18:05:34.708] [Render thread/DEBUG] [mixin/]: flywheel.backend.mixins.json:GlStateManagerMixin from mod flywheel->@Inject::flywheel$onBindVertexArray(ILorg/spongepowered/asm/mixin/injection/callback/CallbackInfo;)V doesn't use it's CallbackInfo
[24May2026 18:05:34.708] [Render thread/DEBUG] [mixin/]: flywheel.backend.mixins.json:GlStateManagerMixin from mod flywheel->@Inject::flywheel$onUseProgram(ILorg/spongepowered/asm/mixin/injection/callback/CallbackInfo;)V doesn't use it's CallbackInfo
[24May2026 18:05:34.708] [Render thread/DEBUG] [mixin/]: flywheel.backend.mixins.json:GlStateManagerMixin from mod flywheel->@Inject::flywheel$onSetupLevelDiffuseLighting(Lorg/joml/Vector3f;Lorg/joml/Vector3f;Lorg/joml/Matrix4f;Lorg/spongepowered/asm/mixin/injection/callback/CallbackInfo;)V doesn't use it's CallbackInfo
[24May2026 18:05:34.729] [Render thread/DEBUG] [mixin/]: Mixing MouseMixin from emi.mixins.json into net.minecraft.client.MouseHandler
[24May2026 18:05:34.729] [Render thread/DEBUG] [mixin/]: emi.mixins.json:MouseMixin from mod emi: Class version 65 required is higher than the class version supported by the current version of Mixin (JAVA_17 supports class version 61)
[24May2026 18:05:34.734] [Render thread/DEBUG] [mixin/]: Mixing accessor.MouseHandlerAccessor from create.mixins.json into net.minecraft.client.MouseHandler
[24May2026 18:05:34.739] [Render thread/DEBUG] [mixin/]: emi.mixins.json:MouseMixin from mod emi->@Inject::onMouseDown(JIIILorg/spongepowered/asm/mixin/injection/callback/CallbackInfo;)V does use it's CallbackInfo
[24May2026 18:05:34.739] [Render thread/DEBUG] [mixin/]: emi.mixins.json:MouseMixin from mod emi->@Inject::onMouseUp(JIIILorg/spongepowered/asm/mixin/injection/callback/CallbackInfo;)V does use it's CallbackInfo
[24May2026 18:05:34.739] [Render thread/DEBUG] [mixin/]: emi.mixins.json:MouseMixin from mod emi->@Inject::onMouseDragged(Lorg/spongepowered/asm/mixin/injection/callback/CallbackInfo;)V doesn't use it's CallbackInfo
[24May2026 18:05:34.739] [Render thread/DEBUG] [mixin/]: emi.mixins.json:MouseMixin from mod emi->@Inject::onMouseDragged(Lorg/spongepowered/asm/mixin/injection/callback/CallbackInfo;)V has 0 override(s) in child classes
[24May2026 18:05:34.739] [Render thread/DEBUG] [mixin/]: emi.mixins.json:MouseMixin from mod emi->@Inject::onMouseDragged(Lorg/spongepowered/asm/mixin/injection/callback/CallbackInfo;)V won't be passed a CallbackInfo as a result
[24May2026 18:05:34.739] [Render thread/DEBUG] [mixin/]: emi.mixins.json:MouseMixin from mod emi->@Inject::onMouseScrolled(JDDLorg/spongepowered/asm/mixin/injection/callback/CallbackInfo;)V does use it's CallbackInfo
[24May2026 18:05:34.742] [Render thread/DEBUG] [mixin/]: Mixing KeyboardMixin from emi.mixins.json into net.minecraft.client.KeyboardHandler
[24May2026 18:05:34.742] [Render thread/DEBUG] [mixin/]: emi.mixins.json:KeyboardMixin from mod emi: Class version 65 required is higher than the class version supported by the current version of Mixin (JAVA_17 supports class version 61)
[24May2026 18:05:34.747] [Render thread/DEBUG] [mixin/]: emi.mixins.json:KeyboardMixin from mod emi->@Inject::onKey(JIIIILorg/spongepowered/asm/mixin/injection/callback/CallbackInfo;)V does use it's CallbackInfo
[24May2026 18:05:34.747] [Render thread/DEBUG] [mixin/]: emi.mixins.json:KeyboardMixin from mod emi->@Inject::onChar(JIILorg/spongepowered/asm/mixin/injection/callback/CallbackInfo;)V does use it's CallbackInfo
[24May2026 18:05:34.897] [Render thread/DEBUG] [net.neoforged.fml.ModWorkManager/LOADING]: Using 12 threads for parallel mod-loading
[24May2026 18:05:34.904] [Render thread/DEBUG] [net.neoforged.fml.javafmlmod.FMLModContainer/LOADING]: Creating FMLModContainer instance for [vectorwing.farmersdelight.FarmersDelight]
[24May2026 18:05:34.906] [Render thread/DEBUG] [net.neoforged.fml.javafmlmod.FMLModContainer/LOADING]: Creating FMLModContainer instance for [dev.emi.emi.platform.neoforge.EmiNeoForge]
[24May2026 18:05:34.906] [Render thread/DEBUG] [net.neoforged.fml.javafmlmod.FMLModContainer/LOADING]: Creating FMLModContainer instance for [jagm.tagtooltips.NeoForgeEntrypoint]
[24May2026 18:05:34.906] [Render thread/DEBUG] [net.neoforged.fml.javafmlmod.FMLModContainer/LOADING]: Creating FMLModContainer instance for [snownee.jade.util.CommonProxy]
[24May2026 18:05:34.907] [Render thread/DEBUG] [net.neoforged.fml.javafmlmod.FMLModContainer/LOADING]: Creating FMLModContainer instance for [squeek.appleskin.AppleSkin]
[24May2026 18:05:34.908] [Render thread/DEBUG] [net.neoforged.fml.javafmlmod.FMLModContainer/LOADING]: Creating FMLModContainer instance for [mezz.jei.neoforge.JustEnoughItems]
[24May2026 18:05:34.908] [Render thread/DEBUG] [net.neoforged.fml.javafmlmod.FMLModContainer/LOADING]: Creating FMLModContainer instance for [xxrexraptorxx.block_detective.main.BlockDetective]
[24May2026 18:05:34.914] [Render thread/DEBUG] [thedarkcolour.kotlinforforge.neoforge.LoggerKt/LOADING]: Creating KotlinModContainer instance for [thedarkcolour.kotlinforforge.neoforge.test.KotlinForForge]
[24May2026 18:05:34.917] [Render thread/DEBUG] [net.neoforged.fml.javafmlmod.FMLModContainer/LOADING]: Creating FMLModContainer instance for [me.fzzyhmstrs.fzzy_config.FzzyConfigNeoForge, me.fzzyhmstrs.fzzy_config.FzzyConfigNeoForgeClient]
[24May2026 18:05:34.918] [Render thread/DEBUG] [net.neoforged.fml.javafmlmod.FMLModContainer/LOADING]: Creating FMLModContainer instance for [dev.engine_room.flywheel.impl.FlywheelNeoForge]
[24May2026 18:05:34.918] [Render thread/DEBUG] [net.neoforged.fml.javafmlmod.FMLModContainer/LOADING]: Creating FMLModContainer instance for [net.createmod.ponder.NeoForgePonder, net.createmod.ponder.NeoForgePonderClient]
[24May2026 18:05:34.919] [Render thread/DEBUG] [net.neoforged.fml.javafmlmod.FMLModContainer/LOADING]: Creating FMLModContainer instance for [com.simibubi.create.Create, com.simibubi.create.CreateClient]
[24May2026 18:05:34.919] [Render thread/DEBUG] [net.neoforged.fml.javafmlmod.FMLModContainer/LOADING]: Creating FMLModContainer instance for [net.neoforged.neoforge.common.NeoForgeMod, net.neoforged.neoforge.client.ClientNeoForgeMod]
[24May2026 18:05:34.922] [Render thread/DEBUG] [net.neoforged.fml.javafmlmod.FMLModContainer/LOADING]: Creating FMLModContainer instance for [limonata.LimonataMod]
[24May2026 18:05:34.923] [Render thread/DEBUG] [net.neoforged.fml.javafmlmod.FMLModContainer/LOADING]: Creating FMLModContainer instance for [fzzyhmstrs.emi_loot.neoforge.EMILootNeoForge]
[24May2026 18:05:34.927] [modloading-worker-0/DEBUG] [net.neoforged.fml.javafmlmod.AutomaticEventSubscriber/LOADING]: Attempting to inject @EventBusSubscriber classes into the eventbus for tagtooltips
[24May2026 18:05:34.928] [modloading-worker-0/DEBUG] [net.neoforged.fml.javafmlmod.AutomaticEventSubscriber/LOADING]: Scanning class jagm.tagtooltips.NeoForgeEntrypoint$ClientModEventHandler for @SubscribeEvent-annotated methods
[24May2026 18:05:34.931] [modloading-worker-0/DEBUG] [net.neoforged.fml.javafmlmod.AutomaticEventSubscriber/]: Subscribing @EventBusSubscriber class Ljagm/tagtooltips/NeoForgeEntrypoint$ClientModEventHandler; to the mod event bus of mod tagtooltips
[24May2026 18:05:34.933] [modloading-worker-0/DEBUG] [net.neoforged.fml.javafmlmod.AutomaticEventSubscriber/LOADING]: Scanning class jagm.tagtooltips.NeoForgeEntrypoint$ClientGameEventHandler for @SubscribeEvent-annotated methods
[24May2026 18:05:34.935] [modloading-worker-0/DEBUG] [net.neoforged.fml.javafmlmod.AutomaticEventSubscriber/]: Subscribing @EventBusSubscriber class Ljagm/tagtooltips/NeoForgeEntrypoint$ClientGameEventHandler; to the game event bus
[24May2026 18:05:34.936] [modloading-worker-0/DEBUG] [net.neoforged.fml.javafmlmod.AutomaticEventSubscriber/LOADING]: Attempting to inject @EventBusSubscriber classes into the eventbus for emi
[24May2026 18:05:34.936] [modloading-worker-0/DEBUG] [net.neoforged.fml.javafmlmod.AutomaticEventSubscriber/LOADING]: Scanning class dev.emi.emi.platform.neoforge.EmiClientNeoForge for @SubscribeEvent-annotated methods
[24May2026 18:05:34.939] [modloading-worker-0/DEBUG] [mixin/]: Mixing client.accessor.RenderTypeAccessor from ponder-common.mixins.json into net.minecraft.client.renderer.RenderType
[24May2026 18:05:34.941] [modloading-worker-0/DEBUG] [net.neoforged.fml.config.ConfigTracker/CONFIG]: Config file appleskin-client.toml for appleskin tracking
[24May2026 18:05:34.941] [modloading-worker-0/DEBUG] [net.neoforged.fml.config.ConfigTracker/CONFIG]: Config file block_detective-server.toml for block_detective tracking
[24May2026 18:05:34.941] [modloading-worker-0/DEBUG] [net.neoforged.fml.config.ConfigTracker/CONFIG]: Config file jei-server.toml for jei tracking
[24May2026 18:05:34.941] [modloading-worker-0/DEBUG] [net.neoforged.fml.config.ConfigTracker/CONFIG]: Config file farmersdelight-common.toml for farmersdelight tracking
[24May2026 18:05:34.941] [modloading-worker-0/DEBUG] [net.neoforged.fml.config.ConfigTracker/CONFIG]: Config file block_detective-client.toml for block_detective tracking
[24May2026 18:05:34.941] [modloading-worker-0/DEBUG] [net.neoforged.fml.config.ConfigTracker/CONFIG]: Config file farmersdelight-client.toml for farmersdelight tracking
[24May2026 18:05:34.941] [modloading-worker-0/DEBUG] [net.neoforged.fml.javafmlmod.AutomaticEventSubscriber/LOADING]: Attempting to inject @EventBusSubscriber classes into the eventbus for block_detective
[24May2026 18:05:34.941] [modloading-worker-0/DEBUG] [net.neoforged.fml.javafmlmod.AutomaticEventSubscriber/LOADING]: Scanning class xxrexraptorxx.block_detective.utils.Events for @SubscribeEvent-annotated methods
[24May2026 18:05:34.941] [modloading-worker-0/DEBUG] [mixin/]: ponder-common.mixins.json:client.accessor.RenderTypeAccessor from mod ponder: Class version 65 required is higher than the class version supported by the current version of Mixin (JAVA_17 supports class version 61)
[24May2026 18:05:34.941] [modloading-worker-0/DEBUG] [mixin/]: Renaming @Invoker method catnip$create(Ljava/lang/String;Lcom/mojang/blaze3d/vertex/VertexFormat;Lcom/mojang/blaze3d/vertex/VertexFormat$Mode;IZZLnet/minecraft/client/renderer/RenderType$CompositeState;)Lnet/minecraft/client/renderer/RenderType$CompositeRenderType; to catnip$create$ponder_$md$6537da$0 in ponder-common.mixins.json:client.accessor.RenderTypeAccessor from mod ponder
[24May2026 18:05:34.943] [modloading-worker-0/DEBUG] [net.neoforged.fml.config.ConfigTracker/CONFIG]: Config file flywheel-client.toml for flywheel tracking
[24May2026 18:05:34.943] [modloading-worker-0/DEBUG] [net.neoforged.fml.javafmlmod.AutomaticEventSubscriber/]: Subscribing @EventBusSubscriber class Lxxrexraptorxx/block_detective/utils/Events; to the game event bus
[24May2026 18:05:34.949] [modloading-worker-0/DEBUG] [net.neoforged.fml.javafmlmod.AutomaticEventSubscriber/]: Subscribing @EventBusSubscriber class Ldev/emi/emi/platform/neoforge/EmiClientNeoForge; to the mod event bus of mod emi
[24May2026 18:05:34.951] [modloading-worker-0/DEBUG] [net.neoforged.neoforge.internal.versions.neoforge.NeoForgeVersion/CORE]: Found NeoForge version 21.1.190
[24May2026 18:05:34.951] [modloading-worker-0/DEBUG] [net.neoforged.neoforge.internal.versions.neoforge.NeoForgeVersion/CORE]: Found FML version 4.0.41
[24May2026 18:05:34.952] [modloading-worker-0/INFO] [net.neoforged.neoforge.common.NeoForgeMod/NEOFORGE-MOD]: NeoForge mod loading, version 21.1.190, for MC 1.21.1
[24May2026 18:05:34.953] [modloading-worker-0/DEBUG] [net.neoforged.fml.javafmlmod.AutomaticEventSubscriber/LOADING]: Attempting to inject @EventBusSubscriber classes into the eventbus for jade
[24May2026 18:05:34.956] [modloading-worker-0/DEBUG] [net.neoforged.fml.config.ConfigTracker/CONFIG]: Config file neoforge-client.toml for neoforge tracking
[24May2026 18:05:34.957] [modloading-worker-0/DEBUG] [net.neoforged.fml.config.ConfigTracker/CONFIG]: Config file neoforge-server.toml for neoforge tracking
[24May2026 18:05:34.957] [modloading-worker-0/DEBUG] [net.neoforged.fml.config.ConfigTracker/CONFIG]: Config file neoforge-common.toml for neoforge tracking
[24May2026 18:05:34.958] [modloading-worker-0/DEBUG] [net.neoforged.fml.javafmlmod.AutomaticEventSubscriber/LOADING]: Attempting to inject @EventBusSubscriber classes into the eventbus for appleskin
[24May2026 18:05:34.971] [modloading-worker-0/DEBUG] [net.neoforged.fml.javafmlmod.AutomaticEventSubscriber/LOADING]: Attempting to inject @EventBusSubscriber classes into the eventbus for flywheel
[24May2026 18:05:34.975] [modloading-worker-0/DEBUG] [net.neoforged.fml.config.ConfigTracker/CONFIG]: Config file ponder-client.toml for ponder tracking
[24May2026 18:05:34.976] [modloading-worker-0/DEBUG] [net.neoforged.fml.javafmlmod.AutomaticEventSubscriber/LOADING]: Attempting to inject @EventBusSubscriber classes into the eventbus for ponder
[24May2026 18:05:34.976] [modloading-worker-0/DEBUG] [net.neoforged.fml.javafmlmod.AutomaticEventSubscriber/LOADING]: Scanning class net.createmod.ponder.NeoForgePonderClient$ClientEvents for @SubscribeEvent-annotated methods
[24May2026 18:05:34.978] [modloading-worker-0/DEBUG] [net.neoforged.fml.javafmlmod.AutomaticEventSubscriber/]: Subscribing @EventBusSubscriber class Lnet/createmod/ponder/NeoForgePonderClient$ClientEvents; to the game event bus
[24May2026 18:05:34.979] [modloading-worker-0/DEBUG] [net.neoforged.fml.javafmlmod.AutomaticEventSubscriber/LOADING]: Scanning class net.createmod.ponder.NeoForgePonder$ModBusEvents for @SubscribeEvent-annotated methods
[24May2026 18:05:34.980] [modloading-worker-0/DEBUG] [net.neoforged.fml.javafmlmod.AutomaticEventSubscriber/]: Subscribing @EventBusSubscriber class Lnet/createmod/ponder/NeoForgePonder$ModBusEvents; to the mod event bus of mod ponder
[24May2026 18:05:34.980] [modloading-worker-0/DEBUG] [mezz.jei.common.platform.Services/]: Loaded mezz.jei.neoforge.platform.PlatformHelper@7ec7e27a for service interface mezz.jei.common.platform.IPlatformHelper
[24May2026 18:05:34.980] [modloading-worker-0/DEBUG] [net.neoforged.fml.javafmlmod.AutomaticEventSubscriber/LOADING]: Scanning class net.createmod.ponder.NeoForgePonder$Events for @SubscribeEvent-annotated methods
[24May2026 18:05:34.980] [modloading-worker-0/DEBUG] [net.neoforged.fml.javafmlmod.AutomaticEventSubscriber/]: Subscribing @EventBusSubscriber class Lnet/createmod/ponder/NeoForgePonder$Events; to the game event bus
[24May2026 18:05:34.980] [modloading-worker-0/DEBUG] [net.neoforged.fml.javafmlmod.AutomaticEventSubscriber/LOADING]: Scanning class net.createmod.ponder.NeoForgePonderClient$ModBusClientEvents for @SubscribeEvent-annotated methods
[24May2026 18:05:34.983] [modloading-worker-0/DEBUG] [net.neoforged.fml.javafmlmod.AutomaticEventSubscriber/]: Subscribing @EventBusSubscriber class Lnet/createmod/ponder/NeoForgePonderClient$ModBusClientEvents; to the mod event bus of mod ponder
[24May2026 18:05:34.984] [modloading-worker-0/INFO] [com.simibubi.create.Create/]: Create 6.0.6 initializing! Commit hash: 20ad05b5e525166018d21e88c96986f867c7088f
[24May2026 18:05:34.985] [modloading-worker-0/DEBUG] [mezz.jei.common.config.file.ConfigSerializer/]: Loading config file: F:\user files\Documents\GitHub\minecraft_limonata\MCreatorWorkspaces\limonata\run\config\jei\jei-debug.ini
[24May2026 18:05:34.988] [modloading-worker-0/DEBUG] [mezz.jei.common.config.file.ConfigSchema/]: Localization has not loaded yet, waiting to save the config file until JEI starts.
[24May2026 18:05:34.989] [modloading-worker-0/DEBUG] [net.neoforged.fml.javafmlmod.AutomaticEventSubscriber/LOADING]: Attempting to inject @EventBusSubscriber classes into the eventbus for neoforge
[24May2026 18:05:34.990] [modloading-worker-0/DEBUG] [net.neoforged.fml.javafmlmod.AutomaticEventSubscriber/LOADING]: Scanning class net.neoforged.neoforge.server.command.ConfigCommand for @SubscribeEvent-annotated methods
[24May2026 18:05:34.990] [modloading-worker-0/DEBUG] [mezz.jei.common.config.file.ConfigSerializer/]: Loading config file: F:\user files\Documents\GitHub\minecraft_limonata\MCreatorWorkspaces\limonata\run\config\jei\jei-mod-id-format.ini
[24May2026 18:05:34.990] [modloading-worker-0/DEBUG] [net.neoforged.fml.javafmlmod.AutomaticEventSubscriber/]: Subscribing @EventBusSubscriber class Lnet/neoforged/neoforge/server/command/ConfigCommand; to the game event bus
[24May2026 18:05:34.990] [modloading-worker-0/DEBUG] [net.neoforged.fml.javafmlmod.AutomaticEventSubscriber/LOADING]: Scanning class net.neoforged.neoforge.network.filters.GenericPacketSplitter for @SubscribeEvent-annotated methods
[24May2026 18:05:34.994] [modloading-worker-0/DEBUG] [mezz.jei.common.config.file.ConfigSchema/]: Localization has not loaded yet, waiting to save the config file until JEI starts.
[24May2026 18:05:34.996] [modloading-worker-0/DEBUG] [mezz.jei.common.config.file.ConfigSerializer/]: Loading config file: F:\user files\Documents\GitHub\minecraft_limonata\MCreatorWorkspaces\limonata\run\config\jei\jei-colors.ini
[24May2026 18:05:34.998] [modloading-worker-0/DEBUG] [mezz.jei.common.config.file.ConfigSchema/]: Localization has not loaded yet, waiting to save the config file until JEI starts.
[24May2026 18:05:35.006] [modloading-worker-0/DEBUG] [mezz.jei.common.config.file.ConfigSerializer/]: Loading config file: F:\user files\Documents\GitHub\minecraft_limonata\MCreatorWorkspaces\limonata\run\config\jei\jei-client.ini
[24May2026 18:05:35.013] [modloading-worker-0/DEBUG] [io.netty.buffer.AbstractByteBuf/]: -Dio.netty.buffer.checkAccessible: true
[24May2026 18:05:35.013] [modloading-worker-0/DEBUG] [io.netty.buffer.AbstractByteBuf/]: -Dio.netty.buffer.checkBounds: true
[24May2026 18:05:35.014] [modloading-worker-0/DEBUG] [io.netty.util.ResourceLeakDetectorFactory/]: Loaded default ResourceLeakDetector: io.netty.util.ResourceLeakDetector@724f8be
[24May2026 18:05:35.019] [modloading-worker-0/DEBUG] [io.netty.util.internal.InternalThreadLocalMap/]: -Dio.netty.threadLocalMap.stringBuilder.initialSize: 1024
[24May2026 18:05:35.019] [modloading-worker-0/DEBUG] [io.netty.util.internal.InternalThreadLocalMap/]: -Dio.netty.threadLocalMap.stringBuilder.maxSize: 4096
[24May2026 18:05:35.021] [modloading-worker-0/DEBUG] [mezz.jei.common.config.file.ConfigSchema/]: Localization has not loaded yet, waiting to save the config file until JEI starts.
[24May2026 18:05:35.022] [modloading-worker-0/DEBUG] [io.netty.buffer.PooledByteBufAllocator/]: -Dio.netty.allocator.numHeapArenas: 24
[24May2026 18:05:35.022] [modloading-worker-0/DEBUG] [io.netty.buffer.PooledByteBufAllocator/]: -Dio.netty.allocator.numDirectArenas: 24
[24May2026 18:05:35.022] [modloading-worker-0/DEBUG] [io.netty.buffer.PooledByteBufAllocator/]: -Dio.netty.allocator.pageSize: 8192
[24May2026 18:05:35.022] [modloading-worker-0/DEBUG] [io.netty.buffer.PooledByteBufAllocator/]: -Dio.netty.allocator.maxOrder: 9
[24May2026 18:05:35.022] [modloading-worker-0/DEBUG] [io.netty.buffer.PooledByteBufAllocator/]: -Dio.netty.allocator.chunkSize: 4194304
[24May2026 18:05:35.022] [modloading-worker-0/DEBUG] [io.netty.buffer.PooledByteBufAllocator/]: -Dio.netty.allocator.smallCacheSize: 256
[24May2026 18:05:35.022] [modloading-worker-0/DEBUG] [io.netty.buffer.PooledByteBufAllocator/]: -Dio.netty.allocator.normalCacheSize: 64
[24May2026 18:05:35.022] [modloading-worker-0/DEBUG] [io.netty.buffer.PooledByteBufAllocator/]: -Dio.netty.allocator.maxCachedBufferCapacity: 32768
[24May2026 18:05:35.022] [modloading-worker-0/DEBUG] [io.netty.buffer.PooledByteBufAllocator/]: -Dio.netty.allocator.cacheTrimInterval: 8192
[24May2026 18:05:35.022] [modloading-worker-0/DEBUG] [io.netty.buffer.PooledByteBufAllocator/]: -Dio.netty.allocator.cacheTrimIntervalMillis: 0
[24May2026 18:05:35.022] [modloading-worker-0/DEBUG] [io.netty.buffer.PooledByteBufAllocator/]: -Dio.netty.allocator.useCacheForAllThreads: false
[24May2026 18:05:35.022] [modloading-worker-0/DEBUG] [io.netty.buffer.PooledByteBufAllocator/]: -Dio.netty.allocator.maxCachedByteBuffersPerChunk: 1023
[24May2026 18:05:35.023] [modloading-worker-0/DEBUG] [net.neoforged.fml.javafmlmod.AutomaticEventSubscriber/LOADING]: Attempting to inject @EventBusSubscriber classes into the eventbus for farmersdelight
[24May2026 18:05:35.023] [modloading-worker-0/DEBUG] [net.neoforged.fml.javafmlmod.AutomaticEventSubscriber/LOADING]: Scanning class vectorwing.farmersdelight.data.DataGenerators for @SubscribeEvent-annotated methods
[24May2026 18:05:35.024] [modloading-worker-0/DEBUG] [mixin/]: Mixing jei.PluginCallerMixin from emi.mixins.json into mezz.jei.library.load.PluginCaller
[24May2026 18:05:35.024] [modloading-worker-0/DEBUG] [mixin/]: emi.mixins.json:jei.PluginCallerMixin from mod emi: Class version 65 required is higher than the class version supported by the current version of Mixin (JAVA_17 supports class version 61)
[24May2026 18:05:35.029] [modloading-worker-0/DEBUG] [io.netty.buffer.ByteBufUtil/]: -Dio.netty.allocator.type: pooled
[24May2026 18:05:35.029] [modloading-worker-0/DEBUG] [io.netty.buffer.ByteBufUtil/]: -Dio.netty.threadLocalDirectBufferSize: 0
[24May2026 18:05:35.029] [modloading-worker-0/DEBUG] [io.netty.buffer.ByteBufUtil/]: -Dio.netty.maxThreadLocalCharBufferSize: 16384
[24May2026 18:05:35.040] [modloading-worker-0/DEBUG] [net.neoforged.fml.javafmlmod.AutomaticEventSubscriber/]: Subscribing @EventBusSubscriber class Lvectorwing/farmersdelight/data/DataGenerators; to the mod event bus of mod farmersdelight
[24May2026 18:05:35.040] [modloading-worker-0/DEBUG] [net.neoforged.fml.javafmlmod.AutomaticEventSubscriber/LOADING]: Scanning class vectorwing.farmersdelight.common.item.SkilletItem$SkilletEvents for @SubscribeEvent-annotated methods
[24May2026 18:05:35.041] [modloading-worker-0/DEBUG] [net.neoforged.fml.javafmlmod.AutomaticEventSubscriber/]: Subscribing @EventBusSubscriber class Lvectorwing/farmersdelight/common/item/SkilletItem$SkilletEvents; to the game event bus
[24May2026 18:05:35.041] [modloading-worker-0/DEBUG] [net.neoforged.fml.javafmlmod.AutomaticEventSubscriber/LOADING]: Scanning class vectorwing.farmersdelight.common.item.KnifeItem$KnifeEvents for @SubscribeEvent-annotated methods
[24May2026 18:05:35.042] [modloading-worker-0/DEBUG] [net.neoforged.fml.javafmlmod.AutomaticEventSubscriber/]: Subscribing @EventBusSubscriber class Lvectorwing/farmersdelight/common/item/KnifeItem$KnifeEvents; to the game event bus
[24May2026 18:05:35.042] [modloading-worker-0/DEBUG] [net.neoforged.fml.javafmlmod.AutomaticEventSubscriber/LOADING]: Scanning class vectorwing.farmersdelight.common.item.HorseFeedItem$HorseFeedEvent for @SubscribeEvent-annotated methods
[24May2026 18:05:35.042] [modloading-worker-0/DEBUG] [net.neoforged.fml.javafmlmod.AutomaticEventSubscriber/]: Subscribing @EventBusSubscriber class Lvectorwing/farmersdelight/common/item/HorseFeedItem$HorseFeedEvent; to the game event bus
[24May2026 18:05:35.043] [modloading-worker-0/DEBUG] [net.neoforged.fml.javafmlmod.AutomaticEventSubscriber/LOADING]: Scanning class vectorwing.farmersdelight.common.item.enchantment.BackstabbingEnchantment$BackstabbingEvent for @SubscribeEvent-annotated methods
[24May2026 18:05:35.043] [modloading-worker-0/DEBUG] [net.neoforged.fml.javafmlmod.AutomaticEventSubscriber/]: Subscribing @EventBusSubscriber class Lvectorwing/farmersdelight/common/item/enchantment/BackstabbingEnchantment$BackstabbingEvent; to the game event bus
[24May2026 18:05:35.044] [modloading-worker-0/DEBUG] [net.neoforged.fml.javafmlmod.AutomaticEventSubscriber/LOADING]: Scanning class vectorwing.farmersdelight.common.item.DogFoodItem$DogFoodEvent for @SubscribeEvent-annotated methods
[24May2026 18:05:35.044] [modloading-worker-0/DEBUG] [net.neoforged.fml.javafmlmod.AutomaticEventSubscriber/]: Subscribing @EventBusSubscriber class Lnet/neoforged/neoforge/network/filters/GenericPacketSplitter; to the mod event bus of mod neoforge
[24May2026 18:05:35.044] [modloading-worker-0/DEBUG] [net.neoforged.fml.javafmlmod.AutomaticEventSubscriber/]: Subscribing @EventBusSubscriber class Lvectorwing/farmersdelight/common/item/DogFoodItem$DogFoodEvent; to the game event bus
[24May2026 18:05:35.044] [modloading-worker-0/DEBUG] [net.neoforged.fml.javafmlmod.AutomaticEventSubscriber/LOADING]: Scanning class vectorwing.farmersdelight.common.event.VillagerEvents for @SubscribeEvent-annotated methods
[24May2026 18:05:35.045] [modloading-worker-0/DEBUG] [net.neoforged.fml.javafmlmod.AutomaticEventSubscriber/]: Subscribing @EventBusSubscriber class Lvectorwing/farmersdelight/common/event/VillagerEvents; to the game event bus
[24May2026 18:05:35.045] [modloading-worker-0/DEBUG] [net.neoforged.fml.javafmlmod.AutomaticEventSubscriber/LOADING]: Scanning class vectorwing.farmersdelight.common.event.CommonModBusEvents for @SubscribeEvent-annotated methods
[24May2026 18:05:35.045] [modloading-worker-0/DEBUG] [net.neoforged.fml.javafmlmod.AutomaticEventSubscriber/LOADING]: Scanning class net.neoforged.neoforge.network.NetworkInitialization for @SubscribeEvent-annotated methods
[24May2026 18:05:35.046] [modloading-worker-0/DEBUG] [net.neoforged.fml.javafmlmod.AutomaticEventSubscriber/]: Subscribing @EventBusSubscriber class Lvectorwing/farmersdelight/common/event/CommonModBusEvents; to the mod event bus of mod farmersdelight
[24May2026 18:05:35.046] [modloading-worker-0/DEBUG] [net.neoforged.fml.javafmlmod.AutomaticEventSubscriber/]: Subscribing @EventBusSubscriber class Lnet/neoforged/neoforge/network/NetworkInitialization; to the mod event bus of mod neoforge
[24May2026 18:05:35.046] [modloading-worker-0/DEBUG] [net.neoforged.fml.javafmlmod.AutomaticEventSubscriber/LOADING]: Scanning class vectorwing.farmersdelight.common.event.CommonEvents for @SubscribeEvent-annotated methods
[24May2026 18:05:35.046] [modloading-worker-0/DEBUG] [net.neoforged.fml.javafmlmod.AutomaticEventSubscriber/LOADING]: Scanning class net.neoforged.neoforge.network.ConfigurationInitialization for @SubscribeEvent-annotated methods
[24May2026 18:05:35.046] [modloading-worker-0/DEBUG] [net.neoforged.fml.javafmlmod.AutomaticEventSubscriber/]: Subscribing @EventBusSubscriber class Lvectorwing/farmersdelight/common/event/CommonEvents; to the game event bus
[24May2026 18:05:35.046] [modloading-worker-0/DEBUG] [net.neoforged.fml.javafmlmod.AutomaticEventSubscriber/LOADING]: Scanning class vectorwing.farmersdelight.common.block.entity.CuttingBoardBlockEntity for @SubscribeEvent-annotated methods
[24May2026 18:05:35.047] [modloading-worker-0/INFO] [mezz.jei.library.load.PluginCaller/]: Sending ConfigManager...
[24May2026 18:05:35.048] [modloading-worker-0/DEBUG] [mixin/]: Mixing accessor.ItemStackHandlerAccessor from create.mixins.json into net.neoforged.neoforge.items.ItemStackHandler
[24May2026 18:05:35.048] [modloading-worker-0/DEBUG] [mezz.jei.library.load.PluginCallerTimerRunnable/]: Sending ConfigManager: jei:minecraft...
[24May2026 18:05:35.048] [modloading-worker-0/DEBUG] [mezz.jei.library.load.PluginCallerTimerRunnable/]: Sending ConfigManager: farmersdelight:jei_plugin...
[24May2026 18:05:35.048] [modloading-worker-0/DEBUG] [mezz.jei.library.load.PluginCallerTimerRunnable/]: Sending ConfigManager: emi:jemi...
[24May2026 18:05:35.048] [modloading-worker-0/DEBUG] [mezz.jei.library.load.PluginCallerTimerRunnable/]: Sending ConfigManager: jade:main...
[24May2026 18:05:35.049] [modloading-worker-0/DEBUG] [mezz.jei.library.load.PluginCallerTimerRunnable/]: Sending ConfigManager: jei:neoforge_gui...
[24May2026 18:05:35.049] [modloading-worker-0/DEBUG] [mezz.jei.library.load.PluginCallerTimerRunnable/]: Sending ConfigManager: jei:debug...
[24May2026 18:05:35.049] [modloading-worker-0/DEBUG] [mezz.jei.library.load.PluginCallerTimerRunnable/]: Sending ConfigManager: jei:gui...
[24May2026 18:05:35.049] [modloading-worker-0/DEBUG] [mezz.jei.library.load.PluginCallerTimerRunnable/]: Sending ConfigManager: block_detective:jei_plugin...
[24May2026 18:05:35.049] [modloading-worker-0/DEBUG] [mezz.jei.library.load.PluginCallerTimerRunnable/]: Sending ConfigManager: create:jei_plugin...
[24May2026 18:05:35.049] [modloading-worker-0/DEBUG] [mezz.jei.library.load.PluginCallerTimerRunnable/]: Sending ConfigManager: jei:internal...
[24May2026 18:05:35.049] [modloading-worker-0/DEBUG] [net.neoforged.fml.javafmlmod.AutomaticEventSubscriber/]: Subscribing @EventBusSubscriber class Lnet/neoforged/neoforge/network/ConfigurationInitialization; to the mod event bus of mod neoforge
[24May2026 18:05:35.049] [modloading-worker-0/DEBUG] [net.neoforged.fml.javafmlmod.AutomaticEventSubscriber/LOADING]: Scanning class net.neoforged.neoforge.common.MonsterRoomHooks for @SubscribeEvent-annotated methods
[24May2026 18:05:35.049] [modloading-worker-0/DEBUG] [net.neoforged.fml.javafmlmod.AutomaticEventSubscriber/]: Subscribing @EventBusSubscriber class Lvectorwing/farmersdelight/common/block/entity/CuttingBoardBlockEntity; to the mod event bus of mod farmersdelight
[24May2026 18:05:35.049] [modloading-worker-0/INFO] [mezz.jei.library.load.PluginCaller/]: Sending ConfigManager took 1.965 milliseconds
[24May2026 18:05:35.050] [modloading-worker-0/DEBUG] [net.neoforged.fml.javafmlmod.AutomaticEventSubscriber/]: Subscribing @EventBusSubscriber class Lnet/neoforged/neoforge/common/MonsterRoomHooks; to the game event bus
[24May2026 18:05:35.050] [modloading-worker-0/DEBUG] [net.neoforged.fml.javafmlmod.AutomaticEventSubscriber/LOADING]: Scanning class net.neoforged.neoforge.common.DeferredSpawnEggItem$CommonHandler for @SubscribeEvent-annotated methods
[24May2026 18:05:35.050] [modloading-worker-0/DEBUG] [net.neoforged.fml.javafmlmod.AutomaticEventSubscriber/]: Subscribing @EventBusSubscriber class Lnet/neoforged/neoforge/common/DeferredSpawnEggItem$CommonHandler; to the mod event bus of mod neoforge
[24May2026 18:05:35.051] [modloading-worker-0/DEBUG] [net.neoforged.fml.javafmlmod.AutomaticEventSubscriber/LOADING]: Scanning class net.neoforged.neoforge.common.DeferredSpawnEggItem$ColorRegisterHandler for @SubscribeEvent-annotated methods
[24May2026 18:05:35.051] [modloading-worker-0/DEBUG] [net.neoforged.fml.javafmlmod.AutomaticEventSubscriber/]: Subscribing @EventBusSubscriber class Lnet/neoforged/neoforge/common/DeferredSpawnEggItem$ColorRegisterHandler; to the mod event bus of mod neoforge
[24May2026 18:05:35.052] [modloading-worker-0/DEBUG] [net.neoforged.fml.javafmlmod.AutomaticEventSubscriber/LOADING]: Scanning class net.neoforged.neoforge.client.model.data.ModelDataManager for @SubscribeEvent-annotated methods
[24May2026 18:05:35.052] [modloading-worker-0/DEBUG] [net.neoforged.fml.javafmlmod.AutomaticEventSubscriber/LOADING]: Scanning class vectorwing.farmersdelight.common.block.entity.CookingPotBlockEntity for @SubscribeEvent-annotated methods
[24May2026 18:05:35.052] [modloading-worker-0/DEBUG] [net.neoforged.fml.javafmlmod.AutomaticEventSubscriber/LOADING]: Attempting to inject @EventBusSubscriber classes into the eventbus for jei
[24May2026 18:05:35.053] [modloading-worker-0/DEBUG] [net.neoforged.fml.javafmlmod.AutomaticEventSubscriber/]: Subscribing @EventBusSubscriber class Lnet/neoforged/neoforge/client/model/data/ModelDataManager; to the game event bus
[24May2026 18:05:35.053] [modloading-worker-0/DEBUG] [net.neoforged.fml.javafmlmod.AutomaticEventSubscriber/LOADING]: Scanning class net.neoforged.neoforge.client.ParticleBoundsDebugRenderer for @SubscribeEvent-annotated methods
[24May2026 18:05:35.054] [modloading-worker-0/DEBUG] [mixin/]: Mixing PoseStackAccessor from flywheel.impl.mixins.json into com.mojang.blaze3d.vertex.PoseStack
[24May2026 18:05:35.054] [modloading-worker-0/DEBUG] [mixin/]: Mixing PoseStackMixin from flywheel.impl.mixins.json into com.mojang.blaze3d.vertex.PoseStack
[24May2026 18:05:35.072] [modloading-worker-0/DEBUG] [net.neoforged.fml.javafmlmod.AutomaticEventSubscriber/]: Subscribing @EventBusSubscriber class Lvectorwing/farmersdelight/common/block/entity/CookingPotBlockEntity; to the mod event bus of mod farmersdelight
[24May2026 18:05:35.072] [modloading-worker-0/DEBUG] [net.neoforged.fml.javafmlmod.AutomaticEventSubscriber/]: Subscribing @EventBusSubscriber class Lnet/neoforged/neoforge/client/ParticleBoundsDebugRenderer; to the game event bus
[24May2026 18:05:35.074] [modloading-worker-0/DEBUG] [net.neoforged.fml.javafmlmod.AutomaticEventSubscriber/LOADING]: Scanning class vectorwing.farmersdelight.common.block.entity.CabinetBlockEntity for @SubscribeEvent-annotated methods
[24May2026 18:05:35.074] [modloading-worker-0/DEBUG] [net.neoforged.fml.javafmlmod.AutomaticEventSubscriber/LOADING]: Scanning class net.neoforged.neoforge.client.ClientHooks$ClientEvents for @SubscribeEvent-annotated methods
[24May2026 18:05:35.075] [modloading-worker-0/DEBUG] [net.neoforged.fml.javafmlmod.AutomaticEventSubscriber/]: Subscribing @EventBusSubscriber class Lvectorwing/farmersdelight/common/block/entity/CabinetBlockEntity; to the mod event bus of mod farmersdelight
[24May2026 18:05:35.075] [modloading-worker-0/DEBUG] [net.neoforged.fml.javafmlmod.AutomaticEventSubscriber/LOADING]: Scanning class vectorwing.farmersdelight.common.block.entity.BasketBlockEntity for @SubscribeEvent-annotated methods
[24May2026 18:05:35.076] [modloading-worker-0/DEBUG] [net.neoforged.fml.javafmlmod.AutomaticEventSubscriber/]: Subscribing @EventBusSubscriber class Lnet/neoforged/neoforge/client/ClientHooks$ClientEvents; to the mod event bus of mod neoforge
[24May2026 18:05:35.077] [modloading-worker-0/DEBUG] [net.neoforged.fml.javafmlmod.AutomaticEventSubscriber/LOADING]: Scanning class net.neoforged.neoforge.client.BlockEntityRenderBoundsDebugRenderer for @SubscribeEvent-annotated methods
[24May2026 18:05:35.077] [modloading-worker-0/DEBUG] [net.neoforged.fml.javafmlmod.AutomaticEventSubscriber/]: Subscribing @EventBusSubscriber class Lvectorwing/farmersdelight/common/block/entity/BasketBlockEntity; to the mod event bus of mod farmersdelight
[24May2026 18:05:35.077] [modloading-worker-0/DEBUG] [net.neoforged.fml.javafmlmod.AutomaticEventSubscriber/LOADING]: Scanning class vectorwing.farmersdelight.common.block.CuttingBoardBlock$ToolCarvingEvent for @SubscribeEvent-annotated methods
[24May2026 18:05:35.077] [modloading-worker-0/DEBUG] [net.neoforged.fml.javafmlmod.AutomaticEventSubscriber/]: Subscribing @EventBusSubscriber class Lnet/neoforged/neoforge/client/BlockEntityRenderBoundsDebugRenderer; to the game event bus
[24May2026 18:05:35.077] [modloading-worker-0/DEBUG] [net.neoforged.fml.javafmlmod.AutomaticEventSubscriber/]: Subscribing @EventBusSubscriber class Lvectorwing/farmersdelight/common/block/CuttingBoardBlock$ToolCarvingEvent; to the game event bus
[24May2026 18:05:35.077] [modloading-worker-0/DEBUG] [net.neoforged.fml.javafmlmod.AutomaticEventSubscriber/LOADING]: Scanning class vectorwing.farmersdelight.client.event.TooltipEvents for @SubscribeEvent-annotated methods
[24May2026 18:05:35.077] [modloading-worker-0/DEBUG] [net.neoforged.fml.javafmlmod.AutomaticEventSubscriber/LOADING]: Scanning class net.neoforged.neoforge.attachment.AttachmentInternals for @SubscribeEvent-annotated methods
[24May2026 18:05:35.078] [modloading-worker-0/DEBUG] [net.neoforged.fml.javafmlmod.AutomaticEventSubscriber/]: Subscribing @EventBusSubscriber class Lvectorwing/farmersdelight/client/event/TooltipEvents; to the game event bus
[24May2026 18:05:35.078] [modloading-worker-0/DEBUG] [net.neoforged.fml.javafmlmod.AutomaticEventSubscriber/LOADING]: Scanning class vectorwing.farmersdelight.client.event.ClientSetupEvents for @SubscribeEvent-annotated methods
[24May2026 18:05:35.078] [modloading-worker-0/DEBUG] [net.neoforged.fml.javafmlmod.AutomaticEventSubscriber/]: Subscribing @EventBusSubscriber class Lnet/neoforged/neoforge/attachment/AttachmentInternals; to the game event bus
[24May2026 18:05:35.079] [modloading-worker-0/DEBUG] [net.neoforged.fml.javafmlmod.AutomaticEventSubscriber/]: Subscribing @EventBusSubscriber class Lvectorwing/farmersdelight/client/event/ClientSetupEvents; to the mod event bus of mod farmersdelight
[24May2026 18:05:35.105] [modloading-worker-0/DEBUG] [mixin/]: Mixing accessor.BlockLootSubProviderAccessor from create.mixins.json into net.minecraft.data.loot.BlockLootSubProvider
[24May2026 18:05:35.137] [modloading-worker-0/DEBUG] [net.neoforged.fml.javafmlmod.AutomaticEventSubscriber/LOADING]: Attempting to inject @EventBusSubscriber classes into the eventbus for limonata
[24May2026 18:05:35.137] [modloading-worker-0/DEBUG] [net.neoforged.fml.javafmlmod.AutomaticEventSubscriber/LOADING]: Scanning class limonata.fluid.types.LemonadeFluidType for @SubscribeEvent-annotated methods
[24May2026 18:05:35.137] [modloading-worker-0/DEBUG] [net.neoforged.fml.javafmlmod.AutomaticEventSubscriber/]: Subscribing @EventBusSubscriber class Llimonata/fluid/types/LemonadeFluidType; to the mod event bus of mod limonata
[24May2026 18:05:35.140] [modloading-worker-0/DEBUG] [net.neoforged.fml.javafmlmod.AutomaticEventSubscriber/LOADING]: Scanning class limonata.init.LimonataModBlockEntities for @SubscribeEvent-annotated methods
[24May2026 18:05:35.140] [modloading-worker-0/DEBUG] [net.neoforged.fml.javafmlmod.AutomaticEventSubscriber/]: Subscribing @EventBusSubscriber class Llimonata/init/LimonataModBlockEntities; to the mod event bus of mod limonata
[24May2026 18:05:35.140] [modloading-worker-0/DEBUG] [net.neoforged.fml.javafmlmod.AutomaticEventSubscriber/LOADING]: Scanning class limonata.init.LimonataModFluids$FluidsClientSideHandler for @SubscribeEvent-annotated methods
[24May2026 18:05:35.141] [modloading-worker-0/DEBUG] [net.neoforged.fml.javafmlmod.AutomaticEventSubscriber/]: Subscribing @EventBusSubscriber class Llimonata/init/LimonataModFluids$FluidsClientSideHandler; to the mod event bus of mod limonata
[24May2026 18:05:35.141] [modloading-worker-0/DEBUG] [net.neoforged.fml.javafmlmod.AutomaticEventSubscriber/LOADING]: Scanning class limonata.init.LimonataModGameRules for @SubscribeEvent-annotated methods
[24May2026 18:05:35.142] [modloading-worker-0/DEBUG] [net.neoforged.fml.javafmlmod.AutomaticEventSubscriber/]: Subscribing @EventBusSubscriber class Llimonata/init/LimonataModGameRules; to the mod event bus of mod limonata
[24May2026 18:05:35.142] [modloading-worker-0/DEBUG] [net.neoforged.fml.javafmlmod.AutomaticEventSubscriber/LOADING]: Scanning class limonata.init.LimonataModItems for @SubscribeEvent-annotated methods
[24May2026 18:05:35.142] [modloading-worker-0/DEBUG] [net.neoforged.fml.javafmlmod.AutomaticEventSubscriber/]: Subscribing @EventBusSubscriber class Llimonata/init/LimonataModItems; to the mod event bus of mod limonata
[24May2026 18:05:35.142] [modloading-worker-0/DEBUG] [net.neoforged.fml.javafmlmod.AutomaticEventSubscriber/LOADING]: Scanning class limonata.init.LimonataModParticles for @SubscribeEvent-annotated methods
[24May2026 18:05:35.143] [modloading-worker-0/DEBUG] [net.neoforged.fml.javafmlmod.AutomaticEventSubscriber/]: Subscribing @EventBusSubscriber class Llimonata/init/LimonataModParticles; to the mod event bus of mod limonata
[24May2026 18:05:35.143] [modloading-worker-0/DEBUG] [net.neoforged.fml.javafmlmod.AutomaticEventSubscriber/LOADING]: Scanning class limonata.init.LimonataModScreens for @SubscribeEvent-annotated methods
[24May2026 18:05:35.144] [modloading-worker-0/DEBUG] [net.neoforged.fml.javafmlmod.AutomaticEventSubscriber/]: Subscribing @EventBusSubscriber class Llimonata/init/LimonataModScreens; to the mod event bus of mod limonata
[24May2026 18:05:35.144] [modloading-worker-0/DEBUG] [net.neoforged.fml.javafmlmod.AutomaticEventSubscriber/LOADING]: Scanning class limonata.init.LimonataModTabs for @SubscribeEvent-annotated methods
[24May2026 18:05:35.144] [modloading-worker-0/DEBUG] [net.neoforged.fml.javafmlmod.AutomaticEventSubscriber/]: Subscribing @EventBusSubscriber class Llimonata/init/LimonataModTabs; to the mod event bus of mod limonata
[24May2026 18:05:35.145] [modloading-worker-0/DEBUG] [net.neoforged.fml.javafmlmod.AutomaticEventSubscriber/LOADING]: Scanning class limonata.network.MenuStateUpdateMessage for @SubscribeEvent-annotated methods
[24May2026 18:05:35.146] [modloading-worker-0/DEBUG] [net.neoforged.fml.javafmlmod.AutomaticEventSubscriber/]: Subscribing @EventBusSubscriber class Llimonata/network/MenuStateUpdateMessage; to the mod event bus of mod limonata
[24May2026 18:05:35.146] [modloading-worker-0/INFO] [thedarkcolour.kotlinforforge.neoforge.test.KotlinForForge/]: Kotlin For Forge Enabled!
[24May2026 18:05:35.147] [modloading-worker-0/DEBUG] [thedarkcolour.kotlinforforge.neoforge.LoggerKt/LOADING]: Attempting to inject @EventBusSubscriber kotlin objects in to the event bus for kotlinforforge
[24May2026 18:05:35.148] [modloading-worker-0/DEBUG] [net.neoforged.fml.javafmlmod.AutomaticEventSubscriber/LOADING]: Scanning class limonata.procedures.LemonSeedsGrantsSeedAdvancementProcedure for @SubscribeEvent-annotated methods
[24May2026 18:05:35.149] [modloading-worker-0/DEBUG] [net.neoforged.fml.javafmlmod.AutomaticEventSubscriber/]: Subscribing @EventBusSubscriber class Llimonata/procedures/LemonSeedsGrantsSeedAdvancementProcedure; to the game event bus
[24May2026 18:05:35.153] [modloading-worker-0/DEBUG] [mixin/]: Mixing client.accessor.GameRendererAccessor from ponder-common.mixins.json into net.minecraft.client.renderer.GameRenderer
[24May2026 18:05:35.153] [modloading-worker-0/DEBUG] [mixin/]: ponder-common.mixins.json:client.accessor.GameRendererAccessor from mod ponder: Class version 65 required is higher than the class version supported by the current version of Mixin (JAVA_17 supports class version 61)
[24May2026 18:05:35.153] [modloading-worker-0/DEBUG] [mixin/]: Mixing client.GameRendererMixin from create.mixins.json into net.minecraft.client.renderer.GameRenderer
[24May2026 18:05:35.156] [modloading-worker-0/DEBUG] [mixin/]: create.mixins.json:client.GameRendererMixin from mod create->@Inject::create$bigShapePick(Lorg/spongepowered/asm/mixin/injection/callback/CallbackInfo;)V doesn't use it's CallbackInfo
[24May2026 18:05:35.156] [modloading-worker-0/DEBUG] [mixin/]: create.mixins.json:client.GameRendererMixin from mod create->@Inject::create$bigShapePick(Lorg/spongepowered/asm/mixin/injection/callback/CallbackInfo;)V has 0 override(s) in child classes
[24May2026 18:05:35.156] [modloading-worker-0/DEBUG] [mixin/]: create.mixins.json:client.GameRendererMixin from mod create->@Inject::create$bigShapePick(Lorg/spongepowered/asm/mixin/injection/callback/CallbackInfo;)V won't be passed a CallbackInfo as a result
[24May2026 18:05:35.191] [modloading-worker-0/DEBUG] [mixin/]: Mixing accessor.ItemRendererAccessor from emi.mixins.json into net.minecraft.client.renderer.entity.ItemRenderer
[24May2026 18:05:35.191] [modloading-worker-0/DEBUG] [mixin/]: emi.mixins.json:accessor.ItemRendererAccessor from mod emi: Class version 65 required is higher than the class version supported by the current version of Mixin (JAVA_17 supports class version 61)
[24May2026 18:05:35.191] [modloading-worker-0/DEBUG] [mixin/]: Mixing client.accessor.ItemRendererAccessor from ponder-common.mixins.json into net.minecraft.client.renderer.entity.ItemRenderer
[24May2026 18:05:35.192] [modloading-worker-0/DEBUG] [mixin/]: ponder-common.mixins.json:client.accessor.ItemRendererAccessor from mod ponder: Class version 65 required is higher than the class version supported by the current version of Mixin (JAVA_17 supports class version 61)
[24May2026 18:05:35.202] [modloading-worker-0/DEBUG] [mixin/]: Mixing LevelRendererAccessor from flywheel.backend.mixins.json into net.minecraft.client.renderer.LevelRenderer
[24May2026 18:05:35.202] [modloading-worker-0/DEBUG] [mixin/]: Mixing fix.FixFabulousDepthMixin from flywheel.impl.mixins.json into net.minecraft.client.renderer.LevelRenderer
[24May2026 18:05:35.203] [modloading-worker-0/DEBUG] [mixin/]: Mixing visualmanage.LevelRendererMixin from flywheel.impl.mixins.json into net.minecraft.client.renderer.LevelRenderer
[24May2026 18:05:35.206] [modloading-worker-0/DEBUG] [mixin/]: Mixing accessor.LevelRendererAccessor from create.mixins.json into net.minecraft.client.renderer.LevelRenderer
[24May2026 18:05:35.206] [modloading-worker-0/DEBUG] [mixin/]: Mixing client.LevelRendererMixin from create.mixins.json into net.minecraft.client.renderer.LevelRenderer
[24May2026 18:05:35.206] [modloading-worker-0/DEBUG] [mixin/]: Renaming synthetic method lambda$create$onDestroyBlockProgress$0(J)Ljava/util/SortedSet; to md6537da$create$lambda$create$onDestroyBlockProgress$0$0 in create.mixins.json:client.LevelRendererMixin from mod create
[24May2026 18:05:35.216] [modloading-worker-0/DEBUG] [mixin/]: Mixing LevelRendererMixin from flywheel.impl.mixins.json into net.minecraft.client.renderer.LevelRenderer
[24May2026 18:05:35.232] [modloading-worker-0/DEBUG] [mixin/]: flywheel.impl.mixins.json:fix.FixFabulousDepthMixin from mod flywheel->@Inject::flywheel$disableTransparencyShaderDepth(Lorg/spongepowered/asm/mixin/injection/callback/CallbackInfo;)V doesn't use it's CallbackInfo
[24May2026 18:05:35.232] [modloading-worker-0/DEBUG] [mixin/]: flywheel.impl.mixins.json:fix.FixFabulousDepthMixin from mod flywheel->@Inject::flywheel$disableTransparencyShaderDepth(Lorg/spongepowered/asm/mixin/injection/callback/CallbackInfo;)V has 0 override(s) in child classes
[24May2026 18:05:35.232] [modloading-worker-0/DEBUG] [mixin/]: flywheel.impl.mixins.json:fix.FixFabulousDepthMixin from mod flywheel->@Inject::flywheel$disableTransparencyShaderDepth(Lorg/spongepowered/asm/mixin/injection/callback/CallbackInfo;)V won't be passed a CallbackInfo as a result
[24May2026 18:05:35.232] [modloading-worker-0/DEBUG] [mixin/]: flywheel.impl.mixins.json:visualmanage.LevelRendererMixin from mod flywheel->@Inject::flywheel$checkUpdate(Lnet/minecraft/core/BlockPos;Lnet/minecraft/world/level/block/state/BlockState;Lnet/minecraft/world/level/block/state/BlockState;Lorg/spongepowered/asm/mixin/injection/callback/CallbackInfo;)V doesn't use it's CallbackInfo
[24May2026 18:05:35.232] [modloading-worker-0/DEBUG] [mixin/]: flywheel.impl.mixins.json:visualmanage.LevelRendererMixin from mod flywheel->@Inject::flywheel$checkUpdate(Lnet/minecraft/core/BlockPos;Lnet/minecraft/world/level/block/state/BlockState;Lnet/minecraft/world/level/block/state/BlockState;Lorg/spongepowered/asm/mixin/injection/callback/CallbackInfo;)V has 0 override(s) in child classes
[24May2026 18:05:35.232] [modloading-worker-0/DEBUG] [mixin/]: flywheel.impl.mixins.json:visualmanage.LevelRendererMixin from mod flywheel->@Inject::flywheel$checkUpdate(Lnet/minecraft/core/BlockPos;Lnet/minecraft/world/level/block/state/BlockState;Lnet/minecraft/world/level/block/state/BlockState;Lorg/spongepowered/asm/mixin/injection/callback/CallbackInfo;)V won't be passed a CallbackInfo as a result
[24May2026 18:05:35.232] [modloading-worker-0/DEBUG] [mixin/]: create.mixins.json:client.LevelRendererMixin from mod create->@Inject::create$onDestroyBlockProgress(ILnet/minecraft/core/BlockPos;ILorg/spongepowered/asm/mixin/injection/callback/CallbackInfo;Lnet/minecraft/server/level/BlockDestructionProgress;)V doesn't use it's CallbackInfo
[24May2026 18:05:35.232] [modloading-worker-0/DEBUG] [mixin/]: create.mixins.json:client.LevelRendererMixin from mod create->@Inject::create$onDestroyBlockProgress(ILnet/minecraft/core/BlockPos;ILorg/spongepowered/asm/mixin/injection/callback/CallbackInfo;Lnet/minecraft/server/level/BlockDestructionProgress;)V has 0 override(s) in child classes
[24May2026 18:05:35.232] [modloading-worker-0/DEBUG] [mixin/]: create.mixins.json:client.LevelRendererMixin from mod create->@Inject::create$onDestroyBlockProgress(ILnet/minecraft/core/BlockPos;ILorg/spongepowered/asm/mixin/injection/callback/CallbackInfo;Lnet/minecraft/server/level/BlockDestructionProgress;)V won't be passed a CallbackInfo as a result
[24May2026 18:05:35.232] [modloading-worker-0/DEBUG] [mixin/]: create.mixins.json:client.LevelRendererMixin from mod create->@Inject::create$onRemoveProgress(Lnet/minecraft/server/level/BlockDestructionProgress;Lorg/spongepowered/asm/mixin/injection/callback/CallbackInfo;)V doesn't use it's CallbackInfo
[24May2026 18:05:35.232] [modloading-worker-0/DEBUG] [mixin/]: create.mixins.json:client.LevelRendererMixin from mod create->@Inject::create$onRemoveProgress(Lnet/minecraft/server/level/BlockDestructionProgress;Lorg/spongepowered/asm/mixin/injection/callback/CallbackInfo;)V has 0 override(s) in child classes
[24May2026 18:05:35.232] [modloading-worker-0/DEBUG] [mixin/]: create.mixins.json:client.LevelRendererMixin from mod create->@Inject::create$onRemoveProgress(Lnet/minecraft/server/level/BlockDestructionProgress;Lorg/spongepowered/asm/mixin/injection/callback/CallbackInfo;)V won't be passed a CallbackInfo as a result
[24May2026 18:05:35.232] [modloading-worker-0/DEBUG] [mixin/]: flywheel.impl.mixins.json:LevelRendererMixin from mod flywheel->@Inject::flywheel$beginRender(Lnet/minecraft/client/DeltaTracker;ZLnet/minecraft/client/Camera;Lnet/minecraft/client/renderer/GameRenderer;Lnet/minecraft/client/renderer/LightTexture;Lorg/joml/Matrix4f;Lorg/joml/Matrix4f;Lorg/spongepowered/asm/mixin/injection/callback/CallbackInfo;)V doesn't use it's CallbackInfo
[24May2026 18:05:35.232] [modloading-worker-0/DEBUG] [mixin/]: flywheel.impl.mixins.json:LevelRendererMixin from mod flywheel->@Inject::flywheel$beginRender(Lnet/minecraft/client/DeltaTracker;ZLnet/minecraft/client/Camera;Lnet/minecraft/client/renderer/GameRenderer;Lnet/minecraft/client/renderer/LightTexture;Lorg/joml/Matrix4f;Lorg/joml/Matrix4f;Lorg/spongepowered/asm/mixin/injection/callback/CallbackInfo;)V has 0 override(s) in child classes
[24May2026 18:05:35.232] [modloading-worker-0/DEBUG] [mixin/]: flywheel.impl.mixins.json:LevelRendererMixin from mod flywheel->@Inject::flywheel$beginRender(Lnet/minecraft/client/DeltaTracker;ZLnet/minecraft/client/Camera;Lnet/minecraft/client/renderer/GameRenderer;Lnet/minecraft/client/renderer/LightTexture;Lorg/joml/Matrix4f;Lorg/joml/Matrix4f;Lorg/spongepowered/asm/mixin/injection/callback/CallbackInfo;)V won't be passed a CallbackInfo as a result
[24May2026 18:05:35.233] [modloading-worker-0/DEBUG] [mixin/]: flywheel.impl.mixins.json:LevelRendererMixin from mod flywheel->@Inject::flywheel$endRender(Lorg/spongepowered/asm/mixin/injection/callback/CallbackInfo;)V doesn't use it's CallbackInfo
[24May2026 18:05:35.233] [modloading-worker-0/DEBUG] [mixin/]: flywheel.impl.mixins.json:LevelRendererMixin from mod flywheel->@Inject::flywheel$endRender(Lorg/spongepowered/asm/mixin/injection/callback/CallbackInfo;)V has 0 override(s) in child classes
[24May2026 18:05:35.233] [modloading-worker-0/DEBUG] [mixin/]: flywheel.impl.mixins.json:LevelRendererMixin from mod flywheel->@Inject::flywheel$endRender(Lorg/spongepowered/asm/mixin/injection/callback/CallbackInfo;)V won't be passed a CallbackInfo as a result
[24May2026 18:05:35.233] [modloading-worker-0/DEBUG] [mixin/]: flywheel.impl.mixins.json:LevelRendererMixin from mod flywheel->@Inject::flywheel$reload(Lorg/spongepowered/asm/mixin/injection/callback/CallbackInfo;)V doesn't use it's CallbackInfo
[24May2026 18:05:35.233] [modloading-worker-0/DEBUG] [mixin/]: flywheel.impl.mixins.json:LevelRendererMixin from mod flywheel->@Inject::flywheel$reload(Lorg/spongepowered/asm/mixin/injection/callback/CallbackInfo;)V has 0 override(s) in child classes
[24May2026 18:05:35.233] [modloading-worker-0/DEBUG] [mixin/]: flywheel.impl.mixins.json:LevelRendererMixin from mod flywheel->@Inject::flywheel$reload(Lorg/spongepowered/asm/mixin/injection/callback/CallbackInfo;)V won't be passed a CallbackInfo as a result
[24May2026 18:05:35.233] [modloading-worker-0/DEBUG] [mixin/]: flywheel.impl.mixins.json:LevelRendererMixin from mod flywheel->@Inject::flywheel$beforeBlockEntities(Lorg/spongepowered/asm/mixin/injection/callback/CallbackInfo;)V doesn't use it's CallbackInfo
[24May2026 18:05:35.233] [modloading-worker-0/DEBUG] [mixin/]: flywheel.impl.mixins.json:LevelRendererMixin from mod flywheel->@Inject::flywheel$beforeBlockEntities(Lorg/spongepowered/asm/mixin/injection/callback/CallbackInfo;)V has 0 override(s) in child classes
[24May2026 18:05:35.233] [modloading-worker-0/DEBUG] [mixin/]: flywheel.impl.mixins.json:LevelRendererMixin from mod flywheel->@Inject::flywheel$beforeBlockEntities(Lorg/spongepowered/asm/mixin/injection/callback/CallbackInfo;)V won't be passed a CallbackInfo as a result
[24May2026 18:05:35.233] [modloading-worker-0/DEBUG] [mixin/]: flywheel.impl.mixins.json:LevelRendererMixin from mod flywheel->@Inject::flywheel$beforeRenderCrumbling(Lorg/spongepowered/asm/mixin/injection/callback/CallbackInfo;)V doesn't use it's CallbackInfo
[24May2026 18:05:35.233] [modloading-worker-0/DEBUG] [mixin/]: flywheel.impl.mixins.json:LevelRendererMixin from mod flywheel->@Inject::flywheel$beforeRenderCrumbling(Lorg/spongepowered/asm/mixin/injection/callback/CallbackInfo;)V has 0 override(s) in child classes
[24May2026 18:05:35.233] [modloading-worker-0/DEBUG] [mixin/]: flywheel.impl.mixins.json:LevelRendererMixin from mod flywheel->@Inject::flywheel$beforeRenderCrumbling(Lorg/spongepowered/asm/mixin/injection/callback/CallbackInfo;)V won't be passed a CallbackInfo as a result
[24May2026 18:05:35.233] [modloading-worker-0/DEBUG] [mixin/]: flywheel.impl.mixins.json:LevelRendererMixin from mod flywheel->@Inject::flywheel$decideNotToRenderEntity(Lnet/minecraft/world/entity/Entity;DDDFLcom/mojang/blaze3d/vertex/PoseStack;Lnet/minecraft/client/renderer/MultiBufferSource;Lorg/spongepowered/asm/mixin/injection/callback/CallbackInfo;)V does use it's CallbackInfo
[24May2026 18:05:35.275] [modloading-worker-0/INFO] [fzzy_config/]: Loaded config fzzy_config:keybinds in 300ms
[24May2026 18:05:35.282] [modloading-worker-0/DEBUG] [net.neoforged.fml.javafmlmod.AutomaticEventSubscriber/LOADING]: Attempting to inject @EventBusSubscriber classes into the eventbus for fzzy_config
[24May2026 18:05:35.400] [modloading-worker-0/DEBUG] [Ponder/]: Loaded net.createmod.catnip.platform.NeoForgePlatformHelper@21bf4668 for service interface net.createmod.catnip.platform.services.PlatformHelper
[24May2026 18:05:35.401] [modloading-worker-0/DEBUG] [Ponder/]: Loaded net.createmod.catnip.platform.NeoForgeFluidHelper@72e062b1 for service interface net.createmod.catnip.platform.services.ModFluidHelper
[24May2026 18:05:35.402] [modloading-worker-0/DEBUG] [Ponder/]: Loaded net.createmod.catnip.platform.NeoForgeHooksHelper@685d24f5 for service interface net.createmod.catnip.platform.services.ModHooksHelper
[24May2026 18:05:35.402] [modloading-worker-0/DEBUG] [Ponder/]: Loaded net.createmod.catnip.platform.NeoForgeNetworkHelper@7c9b482a for service interface net.createmod.catnip.platform.services.NetworkHelper
[24May2026 18:05:35.418] [modloading-worker-0/INFO] [fzzy_config/]: Loaded config :emi_loot_config in 108ms
[24May2026 18:05:35.425] [modloading-worker-0/DEBUG] [net.neoforged.fml.javafmlmod.AutomaticEventSubscriber/LOADING]: Attempting to inject @EventBusSubscriber classes into the eventbus for emi_loot
[24May2026 18:05:35.426] [modloading-worker-0/DEBUG] [net.neoforged.fml.javafmlmod.AutomaticEventSubscriber/LOADING]: Scanning class fzzyhmstrs.emi_loot.neoforge.events.EMILootGameEvents for @SubscribeEvent-annotated methods
[24May2026 18:05:35.426] [modloading-worker-0/DEBUG] [net.neoforged.fml.javafmlmod.AutomaticEventSubscriber/]: Subscribing @EventBusSubscriber class Lfzzyhmstrs/emi_loot/neoforge/events/EMILootGameEvents; to the game event bus
[24May2026 18:05:35.426] [modloading-worker-0/DEBUG] [net.neoforged.fml.javafmlmod.AutomaticEventSubscriber/LOADING]: Scanning class fzzyhmstrs.emi_loot.neoforge.events.EMILootClientModEvents for @SubscribeEvent-annotated methods
[24May2026 18:05:35.427] [modloading-worker-0/DEBUG] [net.neoforged.fml.javafmlmod.AutomaticEventSubscriber/]: Subscribing @EventBusSubscriber class Lfzzyhmstrs/emi_loot/neoforge/events/EMILootClientModEvents; to the mod event bus of mod emi_loot
[24May2026 18:05:35.427] [modloading-worker-0/DEBUG] [net.neoforged.fml.javafmlmod.AutomaticEventSubscriber/LOADING]: Scanning class fzzyhmstrs.emi_loot.neoforge.events.EMILootClientGameEvents for @SubscribeEvent-annotated methods
[24May2026 18:05:35.427] [modloading-worker-0/DEBUG] [net.neoforged.fml.javafmlmod.AutomaticEventSubscriber/]: Subscribing @EventBusSubscriber class Lfzzyhmstrs/emi_loot/neoforge/events/EMILootClientGameEvents; to the game event bus
[24May2026 18:05:35.856] [modloading-worker-0/DEBUG] [net.neoforged.fml.config.ConfigTracker/CONFIG]: Config file create-common.toml for create tracking
[24May2026 18:05:35.856] [modloading-worker-0/DEBUG] [net.neoforged.fml.config.ConfigTracker/CONFIG]: Config file create-client.toml for create tracking
[24May2026 18:05:35.857] [modloading-worker-0/DEBUG] [net.neoforged.fml.config.ConfigTracker/CONFIG]: Config file create-server.toml for create tracking
[24May2026 18:05:35.894] [modloading-worker-0/DEBUG] [net.neoforged.fml.javafmlmod.AutomaticEventSubscriber/LOADING]: Attempting to inject @EventBusSubscriber classes into the eventbus for create
[24May2026 18:05:35.894] [modloading-worker-0/DEBUG] [net.neoforged.fml.javafmlmod.AutomaticEventSubscriber/LOADING]: Scanning class com.simibubi.create.impl.registry.CreateRegistriesImpl for @SubscribeEvent-annotated methods
[24May2026 18:05:35.895] [modloading-worker-0/DEBUG] [net.neoforged.fml.javafmlmod.AutomaticEventSubscriber/]: Subscribing @EventBusSubscriber class Lcom/simibubi/create/impl/registry/CreateRegistriesImpl; to the mod event bus of mod create
[24May2026 18:05:35.895] [modloading-worker-0/DEBUG] [net.neoforged.fml.javafmlmod.AutomaticEventSubscriber/LOADING]: Scanning class com.simibubi.create.foundation.render.RenderTypes$Shaders for @SubscribeEvent-annotated methods
[24May2026 18:05:35.895] [modloading-worker-0/DEBUG] [net.neoforged.fml.javafmlmod.AutomaticEventSubscriber/]: Subscribing @EventBusSubscriber class Lcom/simibubi/create/foundation/render/RenderTypes$Shaders; to the mod event bus of mod create
[24May2026 18:05:35.895] [modloading-worker-0/DEBUG] [net.neoforged.fml.javafmlmod.AutomaticEventSubscriber/LOADING]: Scanning class com.simibubi.create.foundation.blockEntity.behaviour.ValueSettingsInputHandler for @SubscribeEvent-annotated methods
[24May2026 18:05:35.896] [modloading-worker-0/DEBUG] [net.neoforged.fml.javafmlmod.AutomaticEventSubscriber/]: Subscribing @EventBusSubscriber class Lcom/simibubi/create/foundation/blockEntity/behaviour/ValueSettingsInputHandler; to the game event bus
[24May2026 18:05:35.896] [modloading-worker-0/DEBUG] [net.neoforged.fml.javafmlmod.AutomaticEventSubscriber/LOADING]: Scanning class com.simibubi.create.foundation.blockEntity.behaviour.edgeInteraction.EdgeInteractionHandler for @SubscribeEvent-annotated methods
[24May2026 18:05:35.897] [modloading-worker-0/DEBUG] [net.neoforged.fml.javafmlmod.AutomaticEventSubscriber/]: Subscribing @EventBusSubscriber class Lcom/simibubi/create/foundation/blockEntity/behaviour/edgeInteraction/EdgeInteractionHandler; to the game event bus
[24May2026 18:05:35.897] [modloading-worker-0/DEBUG] [net.neoforged.fml.javafmlmod.AutomaticEventSubscriber/LOADING]: Scanning class com.simibubi.create.foundation.block.ItemUseOverrides for @SubscribeEvent-annotated methods
[24May2026 18:05:35.897] [modloading-worker-0/DEBUG] [net.neoforged.fml.javafmlmod.AutomaticEventSubscriber/]: Subscribing @EventBusSubscriber class Lcom/simibubi/create/foundation/block/ItemUseOverrides; to the game event bus
[24May2026 18:05:35.897] [modloading-worker-0/DEBUG] [net.neoforged.fml.javafmlmod.AutomaticEventSubscriber/LOADING]: Scanning class com.simibubi.create.foundation.events.InputEvents for @SubscribeEvent-annotated methods
[24May2026 18:05:35.898] [modloading-worker-0/DEBUG] [net.neoforged.fml.javafmlmod.AutomaticEventSubscriber/]: Subscribing @EventBusSubscriber class Lcom/simibubi/create/foundation/events/InputEvents; to the game event bus
[24May2026 18:05:35.898] [modloading-worker-0/DEBUG] [net.neoforged.fml.javafmlmod.AutomaticEventSubscriber/LOADING]: Scanning class com.simibubi.create.foundation.events.CommonEvents for @SubscribeEvent-annotated methods
[24May2026 18:05:35.899] [modloading-worker-0/DEBUG] [net.neoforged.fml.javafmlmod.AutomaticEventSubscriber/]: Subscribing @EventBusSubscriber class Lcom/simibubi/create/foundation/events/CommonEvents; to the game event bus
[24May2026 18:05:35.900] [modloading-worker-0/DEBUG] [net.neoforged.fml.javafmlmod.AutomaticEventSubscriber/LOADING]: Scanning class com.simibubi.create.foundation.events.ClientEvents$ModBusEvents for @SubscribeEvent-annotated methods
[24May2026 18:05:35.901] [modloading-worker-0/DEBUG] [net.neoforged.fml.javafmlmod.AutomaticEventSubscriber/]: Subscribing @EventBusSubscriber class Lcom/simibubi/create/foundation/events/ClientEvents$ModBusEvents; to the mod event bus of mod create
[24May2026 18:05:35.902] [modloading-worker-0/DEBUG] [net.neoforged.fml.javafmlmod.AutomaticEventSubscriber/LOADING]: Scanning class com.simibubi.create.foundation.events.ClientEvents for @SubscribeEvent-annotated methods
[24May2026 18:05:35.903] [modloading-worker-0/DEBUG] [net.neoforged.fml.javafmlmod.AutomaticEventSubscriber/]: Subscribing @EventBusSubscriber class Lcom/simibubi/create/foundation/events/ClientEvents; to the game event bus
[24May2026 18:05:35.904] [modloading-worker-0/DEBUG] [net.neoforged.fml.javafmlmod.AutomaticEventSubscriber/LOADING]: Scanning class com.simibubi.create.foundation.events.CommonEvents$ModBusEvents for @SubscribeEvent-annotated methods
[24May2026 18:05:35.905] [modloading-worker-0/DEBUG] [net.neoforged.fml.javafmlmod.AutomaticEventSubscriber/]: Subscribing @EventBusSubscriber class Lcom/simibubi/create/foundation/events/CommonEvents$ModBusEvents; to the mod event bus of mod create
[24May2026 18:05:35.905] [modloading-worker-0/DEBUG] [net.neoforged.fml.javafmlmod.AutomaticEventSubscriber/LOADING]: Scanning class com.simibubi.create.compat.trainmap.TrainMapEvents for @SubscribeEvent-annotated methods
[24May2026 18:05:35.906] [modloading-worker-0/DEBUG] [net.neoforged.fml.javafmlmod.AutomaticEventSubscriber/]: Subscribing @EventBusSubscriber class Lcom/simibubi/create/compat/trainmap/TrainMapEvents; to the game event bus
[24May2026 18:05:35.906] [modloading-worker-0/DEBUG] [net.neoforged.fml.javafmlmod.AutomaticEventSubscriber/LOADING]: Scanning class com.simibubi.create.content.equipment.tool.CardboardSwordItem for @SubscribeEvent-annotated methods
[24May2026 18:05:35.907] [modloading-worker-0/DEBUG] [net.neoforged.fml.javafmlmod.AutomaticEventSubscriber/]: Subscribing @EventBusSubscriber class Lcom/simibubi/create/content/equipment/tool/CardboardSwordItem; to the game event bus
[24May2026 18:05:35.908] [modloading-worker-0/DEBUG] [net.neoforged.fml.javafmlmod.AutomaticEventSubscriber/LOADING]: Scanning class com.simibubi.create.content.equipment.armor.DivingBootsItem for @SubscribeEvent-annotated methods
[24May2026 18:05:35.908] [modloading-worker-0/DEBUG] [net.neoforged.fml.javafmlmod.AutomaticEventSubscriber/]: Subscribing @EventBusSubscriber class Lcom/simibubi/create/content/equipment/armor/DivingBootsItem; to the game event bus
[24May2026 18:05:35.909] [modloading-worker-0/DEBUG] [net.neoforged.fml.javafmlmod.AutomaticEventSubscriber/LOADING]: Scanning class com.simibubi.create.content.equipment.armor.DivingHelmetItem for @SubscribeEvent-annotated methods
[24May2026 18:05:35.909] [modloading-worker-0/DEBUG] [net.neoforged.fml.javafmlmod.AutomaticEventSubscriber/]: Subscribing @EventBusSubscriber class Lcom/simibubi/create/content/equipment/armor/DivingHelmetItem; to the game event bus
[24May2026 18:05:35.909] [modloading-worker-0/DEBUG] [net.neoforged.fml.javafmlmod.AutomaticEventSubscriber/LOADING]: Scanning class com.simibubi.create.content.equipment.armor.CardboardArmorHandler for @SubscribeEvent-annotated methods
[24May2026 18:05:35.909] [modloading-worker-0/DEBUG] [net.neoforged.fml.javafmlmod.AutomaticEventSubscriber/]: Subscribing @EventBusSubscriber class Lcom/simibubi/create/content/equipment/armor/CardboardArmorHandler; to the game event bus
[24May2026 18:05:35.910] [modloading-worker-0/DEBUG] [net.neoforged.fml.javafmlmod.AutomaticEventSubscriber/LOADING]: Scanning class com.simibubi.create.content.equipment.armor.CardboardArmorHandlerClient for @SubscribeEvent-annotated methods
[24May2026 18:05:35.911] [modloading-worker-0/DEBUG] [net.neoforged.fml.javafmlmod.AutomaticEventSubscriber/]: Subscribing @EventBusSubscriber class Lcom/simibubi/create/content/equipment/armor/CardboardArmorHandlerClient; to the game event bus
[24May2026 18:05:35.912] [modloading-worker-0/DEBUG] [net.neoforged.fml.javafmlmod.AutomaticEventSubscriber/LOADING]: Scanning class com.simibubi.create.content.equipment.armor.NetheriteBacktankFirstPersonRenderer for @SubscribeEvent-annotated methods
[24May2026 18:05:35.912] [modloading-worker-0/DEBUG] [net.neoforged.fml.javafmlmod.AutomaticEventSubscriber/]: Subscribing @EventBusSubscriber class Lcom/simibubi/create/content/equipment/armor/NetheriteBacktankFirstPersonRenderer; to the game event bus
[24May2026 18:05:35.912] [modloading-worker-0/DEBUG] [net.neoforged.fml.javafmlmod.AutomaticEventSubscriber/LOADING]: Scanning class com.simibubi.create.content.equipment.armor.NetheriteDivingHandler for @SubscribeEvent-annotated methods
[24May2026 18:05:35.913] [modloading-worker-0/DEBUG] [net.neoforged.fml.javafmlmod.AutomaticEventSubscriber/]: Subscribing @EventBusSubscriber class Lcom/simibubi/create/content/equipment/armor/NetheriteDivingHandler; to the game event bus
[24May2026 18:05:35.913] [modloading-worker-0/DEBUG] [net.neoforged.fml.javafmlmod.AutomaticEventSubscriber/LOADING]: Scanning class com.simibubi.create.content.equipment.clipboard.ClipboardValueSettingsHandler for @SubscribeEvent-annotated methods
[24May2026 18:05:35.914] [modloading-worker-0/DEBUG] [net.neoforged.fml.javafmlmod.AutomaticEventSubscriber/]: Subscribing @EventBusSubscriber class Lcom/simibubi/create/content/equipment/clipboard/ClipboardValueSettingsHandler; to the game event bus
[24May2026 18:05:35.914] [modloading-worker-0/DEBUG] [net.neoforged.fml.javafmlmod.AutomaticEventSubscriber/LOADING]: Scanning class com.simibubi.create.content.equipment.extendoGrip.ExtendoGripItem for @SubscribeEvent-annotated methods
[24May2026 18:05:35.914] [modloading-worker-0/DEBUG] [net.neoforged.fml.javafmlmod.AutomaticEventSubscriber/]: Subscribing @EventBusSubscriber class Lcom/simibubi/create/content/equipment/extendoGrip/ExtendoGripItem; to the game event bus
[24May2026 18:05:35.915] [modloading-worker-0/DEBUG] [net.neoforged.fml.javafmlmod.AutomaticEventSubscriber/LOADING]: Scanning class com.simibubi.create.content.equipment.extendoGrip.ExtendoGripRenderHandler for @SubscribeEvent-annotated methods
[24May2026 18:05:35.916] [modloading-worker-0/DEBUG] [net.neoforged.fml.javafmlmod.AutomaticEventSubscriber/]: Subscribing @EventBusSubscriber class Lcom/simibubi/create/content/equipment/extendoGrip/ExtendoGripRenderHandler; to the game event bus
[24May2026 18:05:35.916] [modloading-worker-0/DEBUG] [net.neoforged.fml.javafmlmod.AutomaticEventSubscriber/LOADING]: Scanning class com.simibubi.create.content.equipment.bell.HauntedBellPulser for @SubscribeEvent-annotated methods
[24May2026 18:05:35.916] [modloading-worker-0/DEBUG] [net.neoforged.fml.javafmlmod.AutomaticEventSubscriber/]: Subscribing @EventBusSubscriber class Lcom/simibubi/create/content/equipment/bell/HauntedBellPulser; to the game event bus
[24May2026 18:05:35.916] [modloading-worker-0/DEBUG] [net.neoforged.fml.javafmlmod.AutomaticEventSubscriber/LOADING]: Scanning class com.simibubi.create.content.equipment.zapper.ZapperInteractionHandler for @SubscribeEvent-annotated methods
[24May2026 18:05:35.917] [modloading-worker-0/DEBUG] [net.neoforged.fml.javafmlmod.AutomaticEventSubscriber/]: Subscribing @EventBusSubscriber class Lcom/simibubi/create/content/equipment/zapper/ZapperInteractionHandler; to the game event bus
[24May2026 18:05:35.917] [modloading-worker-0/DEBUG] [net.neoforged.fml.javafmlmod.AutomaticEventSubscriber/LOADING]: Scanning class com.simibubi.create.content.equipment.symmetryWand.SymmetryHandler for @SubscribeEvent-annotated methods
[24May2026 18:05:35.917] [modloading-worker-0/DEBUG] [net.neoforged.fml.javafmlmod.AutomaticEventSubscriber/]: Subscribing @EventBusSubscriber class Lcom/simibubi/create/content/equipment/symmetryWand/SymmetryHandler; to the game event bus
[24May2026 18:05:35.918] [modloading-worker-0/DEBUG] [net.neoforged.fml.javafmlmod.AutomaticEventSubscriber/LOADING]: Scanning class com.simibubi.create.content.equipment.wrench.WrenchEventHandler for @SubscribeEvent-annotated methods
[24May2026 18:05:35.918] [modloading-worker-0/DEBUG] [net.neoforged.fml.javafmlmod.AutomaticEventSubscriber/]: Subscribing @EventBusSubscriber class Lcom/simibubi/create/content/equipment/wrench/WrenchEventHandler; to the game event bus
[24May2026 18:05:35.918] [modloading-worker-0/DEBUG] [net.neoforged.fml.javafmlmod.AutomaticEventSubscriber/LOADING]: Scanning class com.simibubi.create.content.redstone.link.LinkHandler for @SubscribeEvent-annotated methods
[24May2026 18:05:35.919] [modloading-worker-0/DEBUG] [net.neoforged.fml.javafmlmod.AutomaticEventSubscriber/]: Subscribing @EventBusSubscriber class Lcom/simibubi/create/content/redstone/link/LinkHandler; to the game event bus
[24May2026 18:05:35.919] [modloading-worker-0/DEBUG] [net.neoforged.fml.javafmlmod.AutomaticEventSubscriber/LOADING]: Scanning class com.simibubi.create.content.redstone.displayLink.ClickToLinkBlockItem for @SubscribeEvent-annotated methods
[24May2026 18:05:35.919] [modloading-worker-0/DEBUG] [net.neoforged.fml.javafmlmod.AutomaticEventSubscriber/]: Subscribing @EventBusSubscriber class Lcom/simibubi/create/content/redstone/displayLink/ClickToLinkBlockItem; to the game event bus
[24May2026 18:05:35.919] [modloading-worker-0/DEBUG] [net.neoforged.fml.javafmlmod.AutomaticEventSubscriber/LOADING]: Scanning class com.simibubi.create.content.processing.burner.BlazeBurnerHandler for @SubscribeEvent-annotated methods
[24May2026 18:05:35.920] [modloading-worker-0/DEBUG] [net.neoforged.fml.javafmlmod.AutomaticEventSubscriber/]: Subscribing @EventBusSubscriber class Lcom/simibubi/create/content/processing/burner/BlazeBurnerHandler; to the game event bus
[24May2026 18:05:35.920] [modloading-worker-0/DEBUG] [net.neoforged.fml.javafmlmod.AutomaticEventSubscriber/LOADING]: Scanning class com.simibubi.create.content.kinetics.chainConveyor.ChainConveyorInteractionHandler for @SubscribeEvent-annotated methods
[24May2026 18:05:35.921] [modloading-worker-0/DEBUG] [net.neoforged.fml.javafmlmod.AutomaticEventSubscriber/]: Subscribing @EventBusSubscriber class Lcom/simibubi/create/content/kinetics/chainConveyor/ChainConveyorInteractionHandler; to the game event bus
[24May2026 18:05:35.921] [modloading-worker-0/DEBUG] [net.neoforged.fml.javafmlmod.AutomaticEventSubscriber/LOADING]: Scanning class com.simibubi.create.content.kinetics.chainConveyor.ChainConveyorConnectionHandler for @SubscribeEvent-annotated methods
[24May2026 18:05:35.922] [modloading-worker-0/DEBUG] [net.neoforged.fml.javafmlmod.AutomaticEventSubscriber/]: Subscribing @EventBusSubscriber class Lcom/simibubi/create/content/kinetics/chainConveyor/ChainConveyorConnectionHandler; to the game event bus
[24May2026 18:05:35.922] [modloading-worker-0/DEBUG] [net.neoforged.fml.javafmlmod.AutomaticEventSubscriber/LOADING]: Scanning class com.simibubi.create.content.kinetics.crusher.CrushingWheelBlockEntity for @SubscribeEvent-annotated methods
[24May2026 18:05:35.922] [modloading-worker-0/DEBUG] [net.neoforged.fml.javafmlmod.AutomaticEventSubscriber/]: Subscribing @EventBusSubscriber class Lcom/simibubi/create/content/kinetics/crusher/CrushingWheelBlockEntity; to the game event bus
[24May2026 18:05:35.923] [modloading-worker-0/DEBUG] [net.neoforged.fml.javafmlmod.AutomaticEventSubscriber/LOADING]: Scanning class com.simibubi.create.content.kinetics.crank.ValveHandleBlock for @SubscribeEvent-annotated methods
[24May2026 18:05:35.923] [modloading-worker-0/DEBUG] [net.neoforged.fml.javafmlmod.AutomaticEventSubscriber/]: Subscribing @EventBusSubscriber class Lcom/simibubi/create/content/kinetics/crank/ValveHandleBlock; to the game event bus
[24May2026 18:05:35.925] [modloading-worker-0/DEBUG] [net.neoforged.fml.javafmlmod.AutomaticEventSubscriber/LOADING]: Scanning class com.simibubi.create.content.kinetics.mechanicalArm.ArmInteractionPointHandler for @SubscribeEvent-annotated methods
[24May2026 18:05:35.926] [modloading-worker-0/DEBUG] [net.neoforged.fml.javafmlmod.AutomaticEventSubscriber/]: Subscribing @EventBusSubscriber class Lcom/simibubi/create/content/kinetics/mechanicalArm/ArmInteractionPointHandler; to the game event bus
[24May2026 18:05:35.926] [modloading-worker-0/DEBUG] [net.neoforged.fml.javafmlmod.AutomaticEventSubscriber/LOADING]: Scanning class com.simibubi.create.content.kinetics.deployer.ManualApplicationRecipe for @SubscribeEvent-annotated methods
[24May2026 18:05:35.927] [modloading-worker-0/DEBUG] [net.neoforged.fml.javafmlmod.AutomaticEventSubscriber/]: Subscribing @EventBusSubscriber class Lcom/simibubi/create/content/kinetics/deployer/ManualApplicationRecipe; to the game event bus
[24May2026 18:05:35.927] [modloading-worker-0/DEBUG] [net.neoforged.fml.javafmlmod.AutomaticEventSubscriber/LOADING]: Scanning class com.simibubi.create.content.kinetics.deployer.DeployerFakePlayer for @SubscribeEvent-annotated methods
[24May2026 18:05:35.948] [modloading-worker-0/DEBUG] [net.neoforged.fml.javafmlmod.AutomaticEventSubscriber/]: Subscribing @EventBusSubscriber class Lcom/simibubi/create/content/kinetics/deployer/DeployerFakePlayer; to the game event bus
[24May2026 18:05:35.965] [modloading-worker-0/DEBUG] [net.neoforged.fml.javafmlmod.AutomaticEventSubscriber/LOADING]: Scanning class com.simibubi.create.content.trains.track.TrackBlockOutline for @SubscribeEvent-annotated methods
[24May2026 18:05:35.968] [modloading-worker-0/DEBUG] [net.neoforged.fml.javafmlmod.AutomaticEventSubscriber/]: Subscribing @EventBusSubscriber class Lcom/simibubi/create/content/trains/track/TrackBlockOutline; to the game event bus
[24May2026 18:05:35.968] [modloading-worker-0/DEBUG] [net.neoforged.fml.javafmlmod.AutomaticEventSubscriber/LOADING]: Scanning class com.simibubi.create.content.trains.track.TrackBlockItem for @SubscribeEvent-annotated methods
[24May2026 18:05:35.968] [modloading-worker-0/DEBUG] [net.neoforged.fml.javafmlmod.AutomaticEventSubscriber/]: Subscribing @EventBusSubscriber class Lcom/simibubi/create/content/trains/track/TrackBlockItem; to the game event bus
[24May2026 18:05:35.968] [modloading-worker-0/DEBUG] [net.neoforged.fml.javafmlmod.AutomaticEventSubscriber/LOADING]: Scanning class com.simibubi.create.content.trains.schedule.ScheduleItemEntityInteraction for @SubscribeEvent-annotated methods
[24May2026 18:05:35.969] [modloading-worker-0/DEBUG] [net.neoforged.fml.javafmlmod.AutomaticEventSubscriber/]: Subscribing @EventBusSubscriber class Lcom/simibubi/create/content/trains/schedule/ScheduleItemEntityInteraction; to the game event bus
[24May2026 18:05:35.969] [modloading-worker-0/DEBUG] [net.neoforged.fml.javafmlmod.AutomaticEventSubscriber/LOADING]: Scanning class com.simibubi.create.content.contraptions.mounted.MinecartContraptionItem for @SubscribeEvent-annotated methods
[24May2026 18:05:35.970] [modloading-worker-0/DEBUG] [net.neoforged.fml.javafmlmod.AutomaticEventSubscriber/]: Subscribing @EventBusSubscriber class Lcom/simibubi/create/content/contraptions/mounted/MinecartContraptionItem; to the game event bus
[24May2026 18:05:35.970] [modloading-worker-0/DEBUG] [net.neoforged.fml.javafmlmod.AutomaticEventSubscriber/LOADING]: Scanning class com.simibubi.create.content.contraptions.ContraptionHandlerClient for @SubscribeEvent-annotated methods
[24May2026 18:05:35.970] [modloading-worker-0/DEBUG] [net.neoforged.fml.javafmlmod.AutomaticEventSubscriber/]: Subscribing @EventBusSubscriber class Lcom/simibubi/create/content/contraptions/ContraptionHandlerClient; to the game event bus
[24May2026 18:05:35.971] [modloading-worker-0/DEBUG] [net.neoforged.fml.javafmlmod.AutomaticEventSubscriber/LOADING]: Scanning class com.simibubi.create.content.contraptions.render.ContraptionRenderInfoManager for @SubscribeEvent-annotated methods
[24May2026 18:05:35.972] [modloading-worker-0/DEBUG] [net.neoforged.fml.javafmlmod.AutomaticEventSubscriber/]: Subscribing @EventBusSubscriber class Lcom/simibubi/create/content/contraptions/render/ContraptionRenderInfoManager; to the game event bus
[24May2026 18:05:35.972] [modloading-worker-0/DEBUG] [net.neoforged.fml.javafmlmod.AutomaticEventSubscriber/LOADING]: Scanning class com.simibubi.create.content.contraptions.glue.SuperGlueHandler for @SubscribeEvent-annotated methods
[24May2026 18:05:35.972] [modloading-worker-0/DEBUG] [net.neoforged.fml.javafmlmod.AutomaticEventSubscriber/]: Subscribing @EventBusSubscriber class Lcom/simibubi/create/content/contraptions/glue/SuperGlueHandler; to the game event bus
[24May2026 18:05:35.972] [modloading-worker-0/DEBUG] [net.neoforged.fml.javafmlmod.AutomaticEventSubscriber/LOADING]: Scanning class com.simibubi.create.content.contraptions.glue.SuperGlueItem for @SubscribeEvent-annotated methods
[24May2026 18:05:35.973] [modloading-worker-0/DEBUG] [net.neoforged.fml.javafmlmod.AutomaticEventSubscriber/]: Subscribing @EventBusSubscriber class Lcom/simibubi/create/content/contraptions/glue/SuperGlueItem; to the game event bus
[24May2026 18:05:35.973] [modloading-worker-0/DEBUG] [net.neoforged.fml.javafmlmod.AutomaticEventSubscriber/LOADING]: Scanning class com.simibubi.create.content.contraptions.minecart.MinecartCouplingItem for @SubscribeEvent-annotated methods
[24May2026 18:05:35.973] [modloading-worker-0/DEBUG] [net.neoforged.fml.javafmlmod.AutomaticEventSubscriber/]: Subscribing @EventBusSubscriber class Lcom/simibubi/create/content/contraptions/minecart/MinecartCouplingItem; to the game event bus
[24May2026 18:05:35.974] [modloading-worker-0/DEBUG] [net.neoforged.fml.javafmlmod.AutomaticEventSubscriber/LOADING]: Scanning class com.simibubi.create.content.contraptions.minecart.CouplingHandler for @SubscribeEvent-annotated methods
[24May2026 18:05:35.974] [modloading-worker-0/DEBUG] [net.neoforged.fml.javafmlmod.AutomaticEventSubscriber/]: Subscribing @EventBusSubscriber class Lcom/simibubi/create/content/contraptions/minecart/CouplingHandler; to the game event bus
[24May2026 18:05:35.974] [modloading-worker-0/DEBUG] [net.neoforged.fml.javafmlmod.AutomaticEventSubscriber/LOADING]: Scanning class com.simibubi.create.content.fluids.FluidBottleItemHook for @SubscribeEvent-annotated methods
[24May2026 18:05:35.974] [modloading-worker-0/DEBUG] [net.neoforged.fml.javafmlmod.AutomaticEventSubscriber/]: Subscribing @EventBusSubscriber class Lcom/simibubi/create/content/fluids/FluidBottleItemHook; to the game event bus
[24May2026 18:05:35.975] [modloading-worker-0/DEBUG] [net.neoforged.fml.javafmlmod.AutomaticEventSubscriber/LOADING]: Scanning class com.simibubi.create.content.fluids.FluidReactions for @SubscribeEvent-annotated methods
[24May2026 18:05:35.975] [modloading-worker-0/DEBUG] [net.neoforged.fml.javafmlmod.AutomaticEventSubscriber/]: Subscribing @EventBusSubscriber class Lcom/simibubi/create/content/fluids/FluidReactions; to the game event bus
[24May2026 18:05:35.976] [modloading-worker-0/DEBUG] [net.neoforged.fml.javafmlmod.AutomaticEventSubscriber/LOADING]: Scanning class com.simibubi.create.content.logistics.itemHatch.ItemHatchHandler for @SubscribeEvent-annotated methods
[24May2026 18:05:35.976] [modloading-worker-0/DEBUG] [net.neoforged.fml.javafmlmod.AutomaticEventSubscriber/]: Subscribing @EventBusSubscriber class Lcom/simibubi/create/content/logistics/itemHatch/ItemHatchHandler; to the game event bus
[24May2026 18:05:35.976] [modloading-worker-0/DEBUG] [net.neoforged.fml.javafmlmod.AutomaticEventSubscriber/LOADING]: Scanning class com.simibubi.create.content.logistics.box.PackageClientInteractionHandler for @SubscribeEvent-annotated methods
[24May2026 18:05:35.976] [modloading-worker-0/DEBUG] [net.neoforged.fml.javafmlmod.AutomaticEventSubscriber/]: Subscribing @EventBusSubscriber class Lcom/simibubi/create/content/logistics/box/PackageClientInteractionHandler; to the game event bus
[24May2026 18:05:35.977] [modloading-worker-0/DEBUG] [net.neoforged.fml.javafmlmod.AutomaticEventSubscriber/LOADING]: Scanning class com.simibubi.create.content.logistics.depot.EjectorTargetHandler for @SubscribeEvent-annotated methods
[24May2026 18:05:35.977] [modloading-worker-0/DEBUG] [net.neoforged.fml.javafmlmod.AutomaticEventSubscriber/]: Subscribing @EventBusSubscriber class Lcom/simibubi/create/content/logistics/depot/EjectorTargetHandler; to the game event bus
[24May2026 18:05:35.977] [modloading-worker-0/DEBUG] [net.neoforged.fml.javafmlmod.AutomaticEventSubscriber/LOADING]: Scanning class com.simibubi.create.content.logistics.funnel.FunnelItem for @SubscribeEvent-annotated methods
[24May2026 18:05:35.978] [modloading-worker-0/DEBUG] [net.neoforged.fml.javafmlmod.AutomaticEventSubscriber/]: Subscribing @EventBusSubscriber class Lcom/simibubi/create/content/logistics/funnel/FunnelItem; to the game event bus
[24May2026 18:05:35.978] [modloading-worker-0/DEBUG] [net.neoforged.fml.javafmlmod.AutomaticEventSubscriber/LOADING]: Scanning class com.simibubi.create.content.logistics.stockTicker.StockTickerInteractionHandler for @SubscribeEvent-annotated methods
[24May2026 18:05:35.978] [modloading-worker-0/DEBUG] [net.neoforged.fml.javafmlmod.AutomaticEventSubscriber/]: Subscribing @EventBusSubscriber class Lcom/simibubi/create/content/logistics/stockTicker/StockTickerInteractionHandler; to the game event bus
[24May2026 18:05:35.979] [modloading-worker-0/DEBUG] [net.neoforged.fml.javafmlmod.AutomaticEventSubscriber/LOADING]: Scanning class com.simibubi.create.infrastructure.RemapHelper for @SubscribeEvent-annotated methods
[24May2026 18:05:35.980] [modloading-worker-0/DEBUG] [net.neoforged.fml.javafmlmod.AutomaticEventSubscriber/]: Subscribing @EventBusSubscriber class Lcom/simibubi/create/infrastructure/RemapHelper; to the mod event bus of mod create
[24May2026 18:05:35.980] [modloading-worker-0/DEBUG] [net.neoforged.fml.javafmlmod.AutomaticEventSubscriber/LOADING]: Scanning class com.simibubi.create.infrastructure.gametest.CreateGameTests for @SubscribeEvent-annotated methods
[24May2026 18:05:35.984] [modloading-worker-0/DEBUG] [net.neoforged.fml.javafmlmod.AutomaticEventSubscriber/]: Subscribing @EventBusSubscriber class Lcom/simibubi/create/infrastructure/gametest/CreateGameTests; to the mod event bus of mod create
[24May2026 18:05:35.984] [modloading-worker-0/DEBUG] [net.neoforged.fml.javafmlmod.AutomaticEventSubscriber/LOADING]: Scanning class com.simibubi.create.infrastructure.gui.OpenCreateMenuButton$OpenConfigButtonHandler for @SubscribeEvent-annotated methods
[24May2026 18:05:35.984] [modloading-worker-0/DEBUG] [net.neoforged.fml.javafmlmod.AutomaticEventSubscriber/]: Subscribing @EventBusSubscriber class Lcom/simibubi/create/infrastructure/gui/OpenCreateMenuButton$OpenConfigButtonHandler; to the game event bus
[24May2026 18:05:35.984] [modloading-worker-0/DEBUG] [net.neoforged.fml.javafmlmod.AutomaticEventSubscriber/LOADING]: Scanning class com.simibubi.create.infrastructure.config.AllConfigs for @SubscribeEvent-annotated methods
[24May2026 18:05:35.985] [modloading-worker-0/DEBUG] [net.neoforged.fml.javafmlmod.AutomaticEventSubscriber/]: Subscribing @EventBusSubscriber class Lcom/simibubi/create/infrastructure/config/AllConfigs; to the mod event bus of mod create
[24May2026 18:05:35.985] [modloading-worker-0/DEBUG] [net.neoforged.fml.javafmlmod.AutomaticEventSubscriber/LOADING]: Scanning class com.simibubi.create.AllKeys for @SubscribeEvent-annotated methods
[24May2026 18:05:35.985] [modloading-worker-0/DEBUG] [net.neoforged.fml.javafmlmod.AutomaticEventSubscriber/]: Subscribing @EventBusSubscriber class Lcom/simibubi/create/AllKeys; to the mod event bus of mod create
[24May2026 18:05:36.428] [modloading-sync-worker/DEBUG] [mixin/]: Mixing client.HumanoidModelMixin from create.mixins.json into net.minecraft.client.model.HumanoidModel
[24May2026 18:05:36.430] [modloading-sync-worker/DEBUG] [mixin/]: create.mixins.json:client.HumanoidModelMixin from mod create->@Inject::create$afterSetupAnim(Lnet/minecraft/world/entity/LivingEntity;FFFFFLorg/spongepowered/asm/mixin/injection/callback/CallbackInfo;)V doesn't use it's CallbackInfo
[24May2026 18:05:36.430] [modloading-sync-worker/DEBUG] [mixin/]: create.mixins.json:client.HumanoidModelMixin from mod create->@Inject::create$afterSetupAnim(Lnet/minecraft/world/entity/LivingEntity;FFFFFLorg/spongepowered/asm/mixin/injection/callback/CallbackInfo;)V has 0 override(s) in child classes
[24May2026 18:05:36.430] [modloading-sync-worker/DEBUG] [mixin/]: create.mixins.json:client.HumanoidModelMixin from mod create->@Inject::create$afterSetupAnim(Lnet/minecraft/world/entity/LivingEntity;FFFFFLorg/spongepowered/asm/mixin/injection/callback/CallbackInfo;)V won't be passed a CallbackInfo as a result
[24May2026 18:05:36.430] [modloading-sync-worker/DEBUG] [mixin/]: create.mixins.json:client.HumanoidModelMixin from mod create->@Inject::create$afterSetupAnim(Lnet/minecraft/world/entity/LivingEntity;FFFFFLorg/spongepowered/asm/mixin/injection/callback/CallbackInfo;)V doesn't use it's CallbackInfo
[24May2026 18:05:36.430] [modloading-sync-worker/DEBUG] [mixin/]: create.mixins.json:client.HumanoidModelMixin from mod create->@Inject::create$afterSetupAnim(Lnet/minecraft/world/entity/LivingEntity;FFFFFLorg/spongepowered/asm/mixin/injection/callback/CallbackInfo;)V has 0 override(s) in child classes
[24May2026 18:05:36.431] [modloading-sync-worker/DEBUG] [mixin/]: create.mixins.json:client.HumanoidModelMixin from mod create->@Inject::create$afterSetupAnim(Lnet/minecraft/world/entity/LivingEntity;FFFFFLorg/spongepowered/asm/mixin/injection/callback/CallbackInfo;)V won't be passed a CallbackInfo as a result
[24May2026 18:05:36.431] [modloading-sync-worker/DEBUG] [mixin/]: create.mixins.json:client.HumanoidModelMixin from mod create->@Inject::create$beforeSetupAnim(Lnet/minecraft/world/entity/LivingEntity;FFFFFLorg/spongepowered/asm/mixin/injection/callback/CallbackInfo;)V doesn't use it's CallbackInfo
[24May2026 18:05:36.431] [modloading-sync-worker/DEBUG] [mixin/]: create.mixins.json:client.HumanoidModelMixin from mod create->@Inject::create$beforeSetupAnim(Lnet/minecraft/world/entity/LivingEntity;FFFFFLorg/spongepowered/asm/mixin/injection/callback/CallbackInfo;)V has 0 override(s) in child classes
[24May2026 18:05:36.431] [modloading-sync-worker/DEBUG] [mixin/]: create.mixins.json:client.HumanoidModelMixin from mod create->@Inject::create$beforeSetupAnim(Lnet/minecraft/world/entity/LivingEntity;FFFFFLorg/spongepowered/asm/mixin/injection/callback/CallbackInfo;)V won't be passed a CallbackInfo as a result
[24May2026 18:05:36.431] [modloading-sync-worker/DEBUG] [mixin/]: create.mixins.json:client.HumanoidModelMixin from mod create->@Inject::create$beforeSetupAnim(Lnet/minecraft/world/entity/LivingEntity;FFFFFLorg/spongepowered/asm/mixin/injection/callback/CallbackInfo;)V doesn't use it's CallbackInfo
[24May2026 18:05:36.431] [modloading-sync-worker/DEBUG] [mixin/]: create.mixins.json:client.HumanoidModelMixin from mod create->@Inject::create$beforeSetupAnim(Lnet/minecraft/world/entity/LivingEntity;FFFFFLorg/spongepowered/asm/mixin/injection/callback/CallbackInfo;)V has 0 override(s) in child classes
[24May2026 18:05:36.431] [modloading-sync-worker/DEBUG] [mixin/]: create.mixins.json:client.HumanoidModelMixin from mod create->@Inject::create$beforeSetupAnim(Lnet/minecraft/world/entity/LivingEntity;FFFFFLorg/spongepowered/asm/mixin/injection/callback/CallbackInfo;)V won't be passed a CallbackInfo as a result
[24May2026 18:05:36.433] [modloading-sync-worker/DEBUG] [mixin/]: Mixing accessor.AgeableListModelAccessor from create.mixins.json into net.minecraft.client.model.AgeableListModel
[24May2026 18:05:36.438] [modloading-sync-worker/DEBUG] [mixin/]: Mixing accessor.ItemModelGeneratorsAccessor from create.mixins.json into net.minecraft.data.models.ItemModelGenerators
[24May2026 18:05:36.438] [modloading-sync-worker/DEBUG] [mixin/]: Renaming @Accessor method create$getGENERATED_TRIM_MODELS()Ljava/util/List; to getGENERATED_TRIM_MODELS$create_$md$6537da$0 in create.mixins.json:accessor.ItemModelGeneratorsAccessor from mod create
[24May2026 18:05:36.466] [modloading-sync-worker/DEBUG] [mixin/]: Mixing FontMixin from jade.mixins.json into net.minecraft.client.gui.Font
[24May2026 18:05:36.466] [modloading-sync-worker/DEBUG] [mixin/]: jade.mixins.json:FontMixin from mod jade: Class version 65 required is higher than the class version supported by the current version of Mixin (JAVA_16 supports class version 60)
[24May2026 18:05:36.468] [modloading-sync-worker/DEBUG] [mixin/]: Mixing accessor.FontAccessor from create.mixins.json into net.minecraft.client.gui.Font
[24May2026 18:05:36.469] [modloading-sync-worker/DEBUG] [mixin/]: jade.mixins.json:FontMixin from mod jade->@Inject::jade$renderChar(Lnet/minecraft/client/gui/font/glyphs/BakedGlyph;ZZFFFLorg/joml/Matrix4f;Lcom/mojang/blaze3d/vertex/VertexConsumer;FFFFILorg/spongepowered/asm/mixin/injection/callback/CallbackInfo;)V does use it's CallbackInfo
[24May2026 18:05:36.516] [modloading-sync-worker/DEBUG] [mixin/]: Mixing CanItemPerformAbilityAccess from jade.mixins.json into net.neoforged.neoforge.common.loot.CanItemPerformAbility
[24May2026 18:05:36.516] [modloading-sync-worker/DEBUG] [mixin/]: jade.mixins.json:CanItemPerformAbilityAccess from mod jade: Class version 65 required is higher than the class version supported by the current version of Mixin (JAVA_16 supports class version 60)
[24May2026 18:05:37.150] [modloading-sync-worker/DEBUG] [net.neoforged.fml.config.ConfigTracker/CONFIG]: Loading configs type CLIENT
[24May2026 18:05:37.157] [modloading-sync-worker/DEBUG] [net.neoforged.fml.config.ConfigTracker/CONFIG]: Loaded TOML config file F:\user files\Documents\GitHub\minecraft_limonata\MCreatorWorkspaces\limonata\run\config\appleskin-client.toml
[24May2026 18:05:37.160] [modloading-sync-worker/DEBUG] [net.neoforged.fml.config.ConfigTracker/CONFIG]: Watching TOML config file F:\user files\Documents\GitHub\minecraft_limonata\MCreatorWorkspaces\limonata\run\config\appleskin-client.toml for changes
[24May2026 18:05:37.161] [modloading-sync-worker/DEBUG] [net.neoforged.fml.config.ConfigTracker/CONFIG]: Loaded TOML config file F:\user files\Documents\GitHub\minecraft_limonata\MCreatorWorkspaces\limonata\run\config\block_detective-client.toml
[24May2026 18:05:37.161] [modloading-sync-worker/DEBUG] [net.neoforged.fml.config.ConfigTracker/CONFIG]: Watching TOML config file F:\user files\Documents\GitHub\minecraft_limonata\MCreatorWorkspaces\limonata\run\config\block_detective-client.toml for changes
[24May2026 18:05:37.161] [modloading-sync-worker/DEBUG] [net.neoforged.fml.config.ConfigTracker/CONFIG]: Loaded TOML config file F:\user files\Documents\GitHub\minecraft_limonata\MCreatorWorkspaces\limonata\run\config\farmersdelight-client.toml
[24May2026 18:05:37.162] [modloading-sync-worker/DEBUG] [net.neoforged.fml.config.ConfigTracker/CONFIG]: Watching TOML config file F:\user files\Documents\GitHub\minecraft_limonata\MCreatorWorkspaces\limonata\run\config\farmersdelight-client.toml for changes
[24May2026 18:05:37.162] [modloading-sync-worker/DEBUG] [net.neoforged.fml.config.ConfigTracker/CONFIG]: Loaded TOML config file F:\user files\Documents\GitHub\minecraft_limonata\MCreatorWorkspaces\limonata\run\config\flywheel-client.toml
[24May2026 18:05:37.163] [modloading-sync-worker/DEBUG] [net.neoforged.fml.config.ConfigTracker/CONFIG]: Watching TOML config file F:\user files\Documents\GitHub\minecraft_limonata\MCreatorWorkspaces\limonata\run\config\flywheel-client.toml for changes
[24May2026 18:05:37.163] [modloading-sync-worker/DEBUG] [net.neoforged.neoforge.common.NeoForgeConfig/FORGEMOD]: Loaded NeoForge config file neoforge-client.toml
[24May2026 18:05:37.163] [modloading-sync-worker/DEBUG] [net.neoforged.fml.config.ConfigTracker/CONFIG]: Loaded TOML config file F:\user files\Documents\GitHub\minecraft_limonata\MCreatorWorkspaces\limonata\run\config\neoforge-client.toml
[24May2026 18:05:37.164] [modloading-sync-worker/DEBUG] [net.neoforged.fml.config.ConfigTracker/CONFIG]: Watching TOML config file F:\user files\Documents\GitHub\minecraft_limonata\MCreatorWorkspaces\limonata\run\config\neoforge-client.toml for changes
[24May2026 18:05:37.164] [modloading-sync-worker/DEBUG] [net.neoforged.fml.config.ConfigTracker/CONFIG]: Loaded TOML config file F:\user files\Documents\GitHub\minecraft_limonata\MCreatorWorkspaces\limonata\run\config\ponder-client.toml
[24May2026 18:05:37.164] [modloading-sync-worker/DEBUG] [net.neoforged.fml.config.ConfigTracker/CONFIG]: Watching TOML config file F:\user files\Documents\GitHub\minecraft_limonata\MCreatorWorkspaces\limonata\run\config\ponder-client.toml for changes
[24May2026 18:05:37.166] [modloading-sync-worker/DEBUG] [net.neoforged.fml.config.ConfigTracker/CONFIG]: Loaded TOML config file F:\user files\Documents\GitHub\minecraft_limonata\MCreatorWorkspaces\limonata\run\config\create-client.toml
[24May2026 18:05:37.166] [modloading-sync-worker/DEBUG] [net.neoforged.fml.config.ConfigTracker/CONFIG]: Watching TOML config file F:\user files\Documents\GitHub\minecraft_limonata\MCreatorWorkspaces\limonata\run\config\create-client.toml for changes
[24May2026 18:05:37.166] [modloading-sync-worker/DEBUG] [net.neoforged.fml.config.ConfigTracker/CONFIG]: Loading configs type COMMON
[24May2026 18:05:37.167] [modloading-sync-worker/DEBUG] [net.neoforged.fml.config.ConfigTracker/CONFIG]: Loaded TOML config file F:\user files\Documents\GitHub\minecraft_limonata\MCreatorWorkspaces\limonata\run\config\farmersdelight-common.toml
[24May2026 18:05:37.167] [modloading-sync-worker/DEBUG] [net.neoforged.fml.config.ConfigTracker/CONFIG]: Watching TOML config file F:\user files\Documents\GitHub\minecraft_limonata\MCreatorWorkspaces\limonata\run\config\farmersdelight-common.toml for changes
[24May2026 18:05:37.168] [modloading-sync-worker/DEBUG] [net.neoforged.neoforge.common.NeoForgeConfig/FORGEMOD]: Loaded NeoForge config file neoforge-common.toml
[24May2026 18:05:37.168] [modloading-sync-worker/DEBUG] [net.neoforged.fml.config.ConfigTracker/CONFIG]: Loaded TOML config file F:\user files\Documents\GitHub\minecraft_limonata\MCreatorWorkspaces\limonata\run\config\neoforge-common.toml
[24May2026 18:05:37.168] [modloading-sync-worker/DEBUG] [net.neoforged.fml.config.ConfigTracker/CONFIG]: Watching TOML config file F:\user files\Documents\GitHub\minecraft_limonata\MCreatorWorkspaces\limonata\run\config\neoforge-common.toml for changes
[24May2026 18:05:37.168] [modloading-sync-worker/DEBUG] [net.neoforged.fml.config.ConfigTracker/CONFIG]: Loaded TOML config file F:\user files\Documents\GitHub\minecraft_limonata\MCreatorWorkspaces\limonata\run\config\create-common.toml
[24May2026 18:05:37.169] [modloading-sync-worker/DEBUG] [net.neoforged.fml.config.ConfigTracker/CONFIG]: Watching TOML config file F:\user files\Documents\GitHub\minecraft_limonata\MCreatorWorkspaces\limonata\run\config\create-common.toml for changes
[24May2026 18:05:37.269] [Render thread/DEBUG] [mixin/]: Mixing accessor.BakedModelManagerAccessor from emi.mixins.json into net.minecraft.client.resources.model.ModelManager
[24May2026 18:05:37.269] [Render thread/DEBUG] [mixin/]: emi.mixins.json:accessor.BakedModelManagerAccessor from mod emi: Class version 65 required is higher than the class version supported by the current version of Mixin (JAVA_17 supports class version 61)
[24May2026 18:05:37.278] [Render thread/DEBUG] [mixin/]: Mixing HideBlockBreakProgressMixin from farmersdelight.mixins.json into net.minecraft.client.renderer.block.BlockRenderDispatcher
[24May2026 18:05:37.279] [Render thread/DEBUG] [mixin/]: farmersdelight.mixins.json:HideBlockBreakProgressMixin from mod farmersdelight->@Inject::hideBlockDamage(Lnet/minecraft/world/level/block/state/BlockState;Lnet/minecraft/core/BlockPos;Lnet/minecraft/world/level/BlockAndTintGetter;Lcom/mojang/blaze3d/vertex/PoseStack;Lcom/mojang/blaze3d/vertex/VertexConsumer;Lnet/neoforged/neoforge/client/model/data/ModelData;Lorg/spongepowered/asm/mixin/injection/callback/CallbackInfo;)V does use it's CallbackInfo
[24May2026 18:05:37.280] [Render thread/DEBUG] [mixin/]: Mixing accessor.EntityRenderDispatcherAccessor from create.mixins.json into net.minecraft.client.renderer.entity.EntityRenderDispatcher
[24May2026 18:05:37.306] [Render thread/DEBUG] [mixin/]: Mixing client.accessor.ParticleEngineAccessor from ponder.mixins.json into net.minecraft.client.particle.ParticleEngine
[24May2026 18:05:37.306] [Render thread/DEBUG] [mixin/]: ponder.mixins.json:client.accessor.ParticleEngineAccessor from mod ponder: Class version 65 required is higher than the class version supported by the current version of Mixin (JAVA_17 supports class version 61)
[24May2026 18:05:37.354] [Render thread/DEBUG] [mixin/]: Mixing client.CameraMixin from create.mixins.json into net.minecraft.client.Camera
[24May2026 18:05:37.361] [Render thread/DEBUG] [mixin/]: Mixing client.accessor.BufferBuilderAccessor from ponder-common.mixins.json into com.mojang.blaze3d.vertex.BufferBuilder
[24May2026 18:05:37.361] [Render thread/DEBUG] [mixin/]: ponder-common.mixins.json:client.accessor.BufferBuilderAccessor from mod ponder: Class version 65 required is higher than the class version supported by the current version of Mixin (JAVA_17 supports class version 61)
[24May2026 18:05:37.375] [Render thread/DEBUG] [mixin/]: Mixing accessor.GuiAccessor from create.mixins.json into net.minecraft.client.gui.Gui
[24May2026 18:05:37.411] [Render thread/INFO] [net.neoforged.neoforge.gametest.GameTestHooks/]: Enabled Gametest Namespaces: []
[24May2026 18:05:37.417] [Render thread/DEBUG] [mixin/]: Mixing accessor.GameTestHelperAccessor from create.mixins.json into net.minecraft.gametest.framework.GameTestHelper
[24May2026 18:05:37.433] [Render thread/DEBUG] [mixin/]: Mixing RecipeBookWidgetMixin from emi.mixins.json into net.minecraft.client.gui.screens.recipebook.RecipeBookComponent
[24May2026 18:05:37.433] [Render thread/DEBUG] [mixin/]: emi.mixins.json:RecipeBookWidgetMixin from mod emi: Class version 65 required is higher than the class version supported by the current version of Mixin (JAVA_17 supports class version 61)
[24May2026 18:05:37.434] [Render thread/DEBUG] [mixin/]: emi.mixins.json:RecipeBookWidgetMixin from mod emi->@Inject::toggleOpen(Lorg/spongepowered/asm/mixin/injection/callback/CallbackInfo;)V does use it's CallbackInfo
[24May2026 18:05:37.466] [Render thread/DEBUG] [mixin/]: Mixing client.PlayerRendererMixin from create.mixins.json into net.minecraft.client.renderer.entity.player.PlayerRenderer
[24May2026 18:05:37.469] [Render thread/DEBUG] [mixin/]: create.mixins.json:client.PlayerRendererMixin from mod create->@Inject::create$onGetArmPose(Lnet/minecraft/client/player/AbstractClientPlayer;Lnet/minecraft/world/InteractionHand;Lorg/spongepowered/asm/mixin/injection/callback/CallbackInfoReturnable;)V does use it's CallbackInfoReturnable
[24May2026 18:05:37.475] [Render thread/DEBUG] [mixin/]: Mixing accessor.HumanoidArmorLayerAccessor from create.mixins.json into net.minecraft.client.renderer.entity.layers.HumanoidArmorLayer
[24May2026 18:05:37.476] [Render thread/DEBUG] [mixin/]: Renaming @Accessor method create$getArmorLocationCache()Ljava/util/Map; to getArmorLocationCache$create_$md$6537da$0 in create.mixins.json:accessor.HumanoidArmorLayerAccessor from mod create
[24May2026 18:05:37.476] [Render thread/DEBUG] [mixin/]: Mixing client.HumanoidArmorLayerMixin from create.mixins.json into net.minecraft.client.renderer.entity.layers.HumanoidArmorLayer
[24May2026 18:05:37.477] [Render thread/DEBUG] [mixin/]: create.mixins.json:client.HumanoidArmorLayerMixin from mod create->@Inject::create$onRenderArmorPiece(Lcom/mojang/blaze3d/vertex/PoseStack;Lnet/minecraft/client/renderer/MultiBufferSource;Lnet/minecraft/world/entity/LivingEntity;Lnet/minecraft/world/entity/EquipmentSlot;ILnet/minecraft/client/model/HumanoidModel;FFFFFFLorg/spongepowered/asm/mixin/injection/callback/CallbackInfo;)V does use it's CallbackInfo
[24May2026 18:05:37.572] [Render thread/DEBUG] [mixin/]: Mixing ModelPartAccessor from flywheel.impl.mixins.json into net.minecraft.client.model.geom.ModelPart
[24May2026 18:05:37.634] [Render thread/INFO] [net.minecraft.server.packs.resources.ReloadableResourceManager/]: Reloading ResourceManager: vanilla, mod_resources, mod/farmersdelight, mod/emi, mod/tagtooltips, mod/jade, mod/appleskin, mod/jei, mod/block_detective, mod/kotlinforforge, mod/fzzy_config, mod/flywheel, mod/ponder, mod/create, mod/neoforge, mod/limonata, mod/emi_loot
[24May2026 18:05:37.648] [Worker-Main-2/DEBUG] [mixin/]: Mixing accessor.FluidInteractionRegistryAccessor from create.mixins.json into net.neoforged.neoforge.fluids.FluidInteractionRegistry
[24May2026 18:05:37.649] [Worker-Main-2/DEBUG] [mixin/]: Renaming @Accessor method getInteractions()Ljava/util/Map; to getInteractions$create_$md$6537da$0 in create.mixins.json:accessor.FluidInteractionRegistryAccessor from mod create
[24May2026 18:05:37.668] [Render thread/DEBUG] [net.neoforged.fml.DeferredWorkQueue/LOADING]: Dispatching synchronous work for work queue Common setup: 3 jobs
[24May2026 18:05:37.685] [Render thread/DEBUG] [net.neoforged.fml.DeferredWorkQueue/LOADING]: Synchronous work queue completed in 16.84 ms
[24May2026 18:05:37.690] [NeoForge Version Check/INFO] [net.neoforged.fml.VersionChecker/]: [block_detective] Starting version check at https://raw.githubusercontent.com/XxRexRaptorxX/Update-Checker/main/BlockDetective_NEO.json
[24May2026 18:05:37.713] [Worker-Main-8/INFO] [net.minecraft.client.gui.font.providers.UnihexProvider/]: Found unifont_all_no_pua-15.1.05.hex, loading
[24May2026 18:05:37.804] [Worker-Main-1/INFO] [net.minecraft.client.gui.font.providers.UnihexProvider/]: Found unifont_jp_patch-15.1.05.hex, loading
[24May2026 18:05:37.943] [Render thread/DEBUG] [Ponder/]: Loaded net.createmod.catnip.platform.NeoForgeClientHooksHelper@4ceb368b for service interface net.createmod.catnip.platform.services.ModClientHooksHelper
[24May2026 18:05:38.047] [Worker-Main-3/WARN] [net.minecraft.client.renderer.texture.SpriteLoader/]: Texture limonata:block/golden_lemonade_top_temp with size 10x10 limits mip level from 2 to 1
[24May2026 18:05:38.103] [Render thread/DEBUG] [net.neoforged.fml.DeferredWorkQueue/LOADING]: Dispatching synchronous work for work queue Sided setup: 1 jobs
[24May2026 18:05:38.104] [Render thread/DEBUG] [net.neoforged.fml.DeferredWorkQueue/LOADING]: Synchronous work queue completed in 260.7 μs
[24May2026 18:05:38.224] [NeoForge Version Check/DEBUG] [net.neoforged.fml.VersionChecker/]: [block_detective] Received version check data:
{
   "homepage": "https://www.curseforge.com/minecraft/mc-mods/block-detective",
  
   "promos": {
    "1.21.5-latest": "4.0.0",
    "1.21.5-recommended": "4.0.0",
      
    "1.21.4-latest": "3.2.0",
    "1.21.4-recommended": "3.2.0",

    "1.21.3-latest": "3.2.0",
    "1.21.3-recommended": "3.2.0",

    "1.21.2-latest": "3.2.0",
    "1.21.2-recommended": "3.2.0",
      
    "1.21.1-latest": "2.1.0",
    "1.21.1-recommended": "2.1.0",
      
    "1.21-latest": "2.1.0",
    "1.21-recommended": "2.1.0",
      
    "1.20.4-latest": "1.2.1",
    "1.20.4-recommended": "1.2.1",

    "1.20.3-latest": "1.2.1",
    "1.20.3-recommended": "1.2.1",
      
    "1.20.2-latest": "1.2.1",
    "1.20.2-recommended": "1.2.1"
  }
}
[24May2026 18:05:38.226] [NeoForge Version Check/INFO] [net.neoforged.fml.VersionChecker/]: [block_detective] Found status: UP_TO_DATE Current: 2.1.0 Target: null
[24May2026 18:05:39.643] [Worker-Main-5/INFO] [snownee.jade.Jade/]: Start loading plugin from snownee.jade.addon.vanilla.VanillaPlugin
[24May2026 18:05:39.666] [Worker-Main-4/INFO] [PonderIndex/]: Registering Ponder Scenes took 50.60 ms
[24May2026 18:05:39.669] [Worker-Main-4/INFO] [PonderIndex/]: Registering Ponder Tags took 2.696 ms
[24May2026 18:05:39.669] [Worker-Main-5/INFO] [snownee.jade.Jade/]: Bootstrapped plugin from snownee.jade.addon.vanilla.VanillaPlugin in 24.01 ms
[24May2026 18:05:39.675] [Worker-Main-5/INFO] [snownee.jade.Jade/]: Loaded plugin from snownee.jade.addon.vanilla.VanillaPlugin in 29.48 ms
[24May2026 18:05:39.675] [Worker-Main-5/INFO] [snownee.jade.Jade/]: Start loading plugin from snownee.jade.addon.universal.UniversalPlugin
[24May2026 18:05:39.679] [Worker-Main-5/INFO] [snownee.jade.Jade/]: Bootstrapped plugin from snownee.jade.addon.universal.UniversalPlugin in 3.214 ms
[24May2026 18:05:39.679] [Worker-Main-5/INFO] [snownee.jade.Jade/]: Loaded plugin from snownee.jade.addon.universal.UniversalPlugin in 3.612 ms
[24May2026 18:05:39.679] [Worker-Main-5/INFO] [snownee.jade.Jade/]: Start loading plugin from snownee.jade.addon.debug.DebugPlugin
[24May2026 18:05:39.681] [Worker-Main-5/INFO] [snownee.jade.Jade/]: Bootstrapped plugin from snownee.jade.addon.debug.DebugPlugin in 1.532 ms
[24May2026 18:05:39.681] [Worker-Main-5/INFO] [snownee.jade.Jade/]: Loaded plugin from snownee.jade.addon.debug.DebugPlugin in 1.733 ms
[24May2026 18:05:39.682] [Worker-Main-5/INFO] [snownee.jade.Jade/]: Start loading plugin from snownee.jade.addon.core.CorePlugin
[24May2026 18:05:39.685] [Worker-Main-5/INFO] [snownee.jade.Jade/]: Bootstrapped plugin from snownee.jade.addon.core.CorePlugin in 2.851 ms
[24May2026 18:05:39.685] [Worker-Main-5/INFO] [snownee.jade.Jade/]: Loaded plugin from snownee.jade.addon.core.CorePlugin in 3.193 ms
[24May2026 18:05:39.685] [Worker-Main-5/INFO] [snownee.jade.Jade/]: Start loading plugin from snownee.jade.addon.access.AccessibilityPlugin
[24May2026 18:05:39.688] [Worker-Main-5/INFO] [snownee.jade.Jade/]: Bootstrapped plugin from snownee.jade.addon.access.AccessibilityPlugin in 2.211 ms
[24May2026 18:05:39.688] [Worker-Main-5/INFO] [snownee.jade.Jade/]: Loaded plugin from snownee.jade.addon.access.AccessibilityPlugin in 2.418 ms
[24May2026 18:05:39.716] [Render thread/DEBUG] [net.neoforged.fml.DeferredWorkQueue/LOADING]: Dispatching synchronous work for work queue Complete loading of 16 mods: 1 jobs
[24May2026 18:05:39.726] [Render thread/DEBUG] [net.neoforged.fml.DeferredWorkQueue/LOADING]: Synchronous work queue completed in 10.44 ms
[24May2026 18:05:39.813] [Render thread/WARN] [net.minecraft.client.sounds.SoundEngine/]: Missing sound for event: minecraft:item.goat_horn.play
[24May2026 18:05:39.813] [Render thread/WARN] [net.minecraft.client.sounds.SoundEngine/]: Missing sound for event: minecraft:entity.goat.screaming.horn_break
[24May2026 18:05:39.936] [Render thread/INFO] [com.mojang.blaze3d.audio.Library/]: OpenAL initialized on device OpenAL Soft on Speakers (Realtek(R) Audio)
[24May2026 18:05:39.937] [Render thread/INFO] [net.minecraft.client.sounds.SoundEngine/SOUNDS]: Sound engine started
[24May2026 18:05:40.024] [Render thread/INFO] [net.minecraft.client.renderer.texture.TextureAtlas/]: Created: 2048x2048x2 minecraft:textures/atlas/blocks.png-atlas
[24May2026 18:05:40.037] [Render thread/INFO] [net.minecraft.client.renderer.texture.TextureAtlas/]: Created: 512x256x2 minecraft:textures/atlas/signs.png-atlas
[24May2026 18:05:40.037] [Render thread/INFO] [net.minecraft.client.renderer.texture.TextureAtlas/]: Created: 512x512x2 minecraft:textures/atlas/shield_patterns.png-atlas
[24May2026 18:05:40.038] [Render thread/INFO] [net.minecraft.client.renderer.texture.TextureAtlas/]: Created: 512x512x2 minecraft:textures/atlas/banner_patterns.png-atlas
[24May2026 18:05:40.038] [Render thread/INFO] [net.minecraft.client.renderer.texture.TextureAtlas/]: Created: 2048x1024x2 minecraft:textures/atlas/armor_trims.png-atlas
[24May2026 18:05:40.044] [Render thread/INFO] [net.minecraft.client.renderer.texture.TextureAtlas/]: Created: 256x256x2 minecraft:textures/atlas/chest.png-atlas
[24May2026 18:05:40.045] [Render thread/INFO] [net.minecraft.client.renderer.texture.TextureAtlas/]: Created: 128x64x2 minecraft:textures/atlas/decorated_pot.png-atlas
[24May2026 18:05:40.045] [Render thread/INFO] [net.minecraft.client.renderer.texture.TextureAtlas/]: Created: 512x256x2 minecraft:textures/atlas/beds.png-atlas
[24May2026 18:05:40.045] [Render thread/INFO] [net.minecraft.client.renderer.texture.TextureAtlas/]: Created: 512x256x2 minecraft:textures/atlas/shulker_boxes.png-atlas
[24May2026 18:05:40.098] [Render thread/INFO] [net.minecraft.client.renderer.texture.TextureAtlas/]: Created: 512x256x0 minecraft:textures/atlas/particles.png-atlas
[24May2026 18:05:40.100] [Render thread/INFO] [net.minecraft.client.renderer.texture.TextureAtlas/]: Created: 512x256x0 minecraft:textures/atlas/paintings.png-atlas
[24May2026 18:05:40.100] [Render thread/INFO] [net.minecraft.client.renderer.texture.TextureAtlas/]: Created: 256x128x0 minecraft:textures/atlas/mob_effects.png-atlas
[24May2026 18:05:40.100] [Render thread/INFO] [net.minecraft.client.renderer.texture.TextureAtlas/]: Created: 64x64x0 minecraft:textures/atlas/map_decorations.png-atlas
[24May2026 18:05:40.101] [Render thread/INFO] [net.minecraft.client.renderer.texture.TextureAtlas/]: Created: 1024x512x0 minecraft:textures/atlas/gui.png-atlas
[24May2026 18:05:40.131] [Render thread/WARN] [net.minecraft.client.renderer.ShaderInstance/]: Shader rendertype_entity_translucent_emissive could not find sampler named Sampler2 in the specified shader program.
[24May2026 18:05:40.198] [Render thread/INFO] [net.minecraft.client.renderer.texture.TextureAtlas/]: Created: 256x256x0 jei:textures/atlas/gui.png-atlas
[24May2026 18:05:40.223] [Render thread/INFO] [flywheel/backend/shaders/]: Loaded 77 shader sources in 19.777 ms
[24May2026 18:05:40.243] [Render thread/INFO] [com.simibubi.create.Create/]: Loaded 58 train hat configurations.
[24May2026 18:05:40.243] [Render thread/INFO] [net.neoforged.neoforge.client.entity.animation.json.AnimationLoader/]: Loaded 0 entity animations
[24May2026 18:05:42.289] [Render thread/DEBUG] [mixin/]: Mixing StringRenderOutputMixin from jade.mixins.json into net.minecraft.client.gui.Font$StringRenderOutput
[24May2026 18:05:42.290] [Render thread/DEBUG] [mixin/]: jade.mixins.json:StringRenderOutputMixin from mod jade: Class version 65 required is higher than the class version supported by the current version of Mixin (JAVA_16 supports class version 60)
[24May2026 18:05:42.294] [Render thread/DEBUG] [mixin/]: jade.mixins.json:StringRenderOutputMixin from mod jade->@Inject::jade$init(Lnet/minecraft/client/gui/Font;Lnet/minecraft/client/renderer/MultiBufferSource;FFIZLorg/joml/Matrix4f;Lnet/minecraft/client/gui/Font$DisplayMode;ILorg/spongepowered/asm/mixin/injection/callback/CallbackInfo;)V doesn't use it's CallbackInfo
[24May2026 18:05:42.294] [Render thread/DEBUG] [mixin/]: jade.mixins.json:StringRenderOutputMixin from mod jade->@Inject::jade$init(Lnet/minecraft/client/gui/Font;Lnet/minecraft/client/renderer/MultiBufferSource;FFIZLorg/joml/Matrix4f;Lnet/minecraft/client/gui/Font$DisplayMode;ILorg/spongepowered/asm/mixin/injection/callback/CallbackInfo;)V has 0 override(s) in child classes
[24May2026 18:05:42.294] [Render thread/DEBUG] [mixin/]: jade.mixins.json:StringRenderOutputMixin from mod jade->@Inject::jade$init(Lnet/minecraft/client/gui/Font;Lnet/minecraft/client/renderer/MultiBufferSource;FFIZLorg/joml/Matrix4f;Lnet/minecraft/client/gui/Font$DisplayMode;ILorg/spongepowered/asm/mixin/injection/callback/CallbackInfo;)V won't be passed a CallbackInfo as a result
[24May2026 18:05:42.294] [Render thread/DEBUG] [mixin/]: jade.mixins.json:StringRenderOutputMixin from mod jade->@Inject::jade$accept(ILnet/minecraft/network/chat/Style;ILorg/spongepowered/asm/mixin/injection/callback/CallbackInfoReturnable;)V does use it's CallbackInfoReturnable
[24May2026 18:05:45.406] [Render thread/INFO] [com.simibubi.create.Create/]: Created 157 recipes which will be injected into the game
[24May2026 18:05:45.410] [Render thread/INFO] [com.simibubi.create.Create/]: Created 0 tags which will be injected into the game
[24May2026 18:05:45.412] [Render thread/DEBUG] [mixin/]: Mixing DataPackContentsMixin from emi_loot.mixins.json into net.minecraft.server.ReloadableServerResources
[24May2026 18:05:45.414] [Render thread/DEBUG] [mixin/]: emi_loot.mixins.json:DataPackContentsMixin from mod emi_loot->@Inject::emi_loot_postProcessBuildersAfterTagReload(Lorg/spongepowered/asm/mixin/injection/callback/CallbackInfo;)V doesn't use it's CallbackInfo
[24May2026 18:05:45.414] [Render thread/DEBUG] [mixin/]: emi_loot.mixins.json:DataPackContentsMixin from mod emi_loot->@Inject::emi_loot_postProcessBuildersAfterTagReload(Lorg/spongepowered/asm/mixin/injection/callback/CallbackInfo;)V has 0 override(s) in child classes
[24May2026 18:05:45.414] [Render thread/DEBUG] [mixin/]: emi_loot.mixins.json:DataPackContentsMixin from mod emi_loot->@Inject::emi_loot_postProcessBuildersAfterTagReload(Lorg/spongepowered/asm/mixin/injection/callback/CallbackInfo;)V won't be passed a CallbackInfo as a result
[24May2026 18:05:45.772] [Render thread/DEBUG] [mixin/]: Mixing ReloadableRegistriesMixin from emi_loot.mixins.json into net.minecraft.server.ReloadableServerRegistries
[24May2026 18:05:45.775] [Render thread/DEBUG] [mixin/]: emi_loot.mixins.json:ReloadableRegistriesMixin from mod emi_loot->@Inject::onLootTablesLoaded(Lnet/minecraft/world/level/storage/loot/LootDataType;Lnet/minecraft/server/packs/resources/ResourceManager;Lnet/minecraft/resources/RegistryOps;Lorg/spongepowered/asm/mixin/injection/callback/CallbackInfoReturnable;)V does use it's CallbackInfoReturnable
[24May2026 18:05:45.942] [Worker-Main-10/INFO] [emi_loot/]: parsing loot tables
[24May2026 18:05:46.000] [Worker-Main-10/INFO] [emi_loot/]: finished parsing loot tables
[24May2026 18:05:46.309] [Render thread/INFO] [net.minecraft.world.item.crafting.RecipeManager/]: Loaded 3126 recipes
[24May2026 18:05:46.485] [Render thread/INFO] [net.minecraft.advancements.AdvancementTree/]: Loaded 2696 advancements
[24May2026 18:05:46.497] [Render thread/WARN] [net.minecraft.core.MappedRegistry/]: Not all defined tags for registry ResourceKey[minecraft:root / minecraft:block] are present in data pack: minecraft:water
[24May2026 18:05:47.190] [Render thread/DEBUG] [mezz.jei.neoforge.startup.StartEventObserver/]: JEI StartEventObserver received class net.neoforged.neoforge.event.TagsUpdatedEvent too early, ignoring
[24May2026 18:05:47.192] [Render thread/INFO] [EMI/]: [EMI] Recipes synchronized, waiting for tags to reload EMI...
[24May2026 18:05:47.197] [Render thread/INFO] [snownee.jade.Jade/]: LootTableMineableCollector took 4.757 ms
[24May2026 18:05:47.234] [Render thread/DEBUG] [net.neoforged.neoforge.common.CommonHooks/WP]: Gathered mod list to write to world save tests
[24May2026 18:05:47.269] [Render thread/DEBUG] [mixin/]: Mixing accessor.BrewingRecipeRegistryAccessor from emi.mixins.json into net.minecraft.world.item.alchemy.PotionBrewing
[24May2026 18:05:47.269] [Render thread/DEBUG] [mixin/]: emi.mixins.json:accessor.BrewingRecipeRegistryAccessor from mod emi: Class version 65 required is higher than the class version supported by the current version of Mixin (JAVA_17 supports class version 61)
[24May2026 18:05:47.269] [Render thread/DEBUG] [mixin/]: Mixing accessor.PotionBrewingAccessor from create.mixins.json into net.minecraft.world.item.alchemy.PotionBrewing
[24May2026 18:05:47.276] [Server thread/INFO] [net.minecraft.client.server.IntegratedServer/]: Starting integrated minecraft server version 1.21.1
[24May2026 18:05:47.276] [Server thread/INFO] [net.minecraft.server.MinecraftServer/]: Generating keypair
[24May2026 18:05:47.341] [Server thread/DEBUG] [net.neoforged.fml.config.ConfigTracker/CONFIG]: Loading configs type SERVER
[24May2026 18:05:47.342] [Server thread/DEBUG] [net.neoforged.fml.config.ConfigTracker/CONFIG]: Loaded TOML config file F:\user files\Documents\GitHub\minecraft_limonata\MCreatorWorkspaces\limonata\run\config\block_detective-server.toml
[24May2026 18:05:47.343] [Server thread/DEBUG] [net.neoforged.fml.config.ConfigTracker/CONFIG]: Watching TOML config file F:\user files\Documents\GitHub\minecraft_limonata\MCreatorWorkspaces\limonata\run\config\block_detective-server.toml for changes
[24May2026 18:05:47.343] [Server thread/DEBUG] [net.neoforged.fml.config.ConfigTracker/CONFIG]: Loaded TOML config file F:\user files\Documents\GitHub\minecraft_limonata\MCreatorWorkspaces\limonata\run\config\jei-server.toml
[24May2026 18:05:47.344] [Server thread/DEBUG] [net.neoforged.fml.config.ConfigTracker/CONFIG]: Watching TOML config file F:\user files\Documents\GitHub\minecraft_limonata\MCreatorWorkspaces\limonata\run\config\jei-server.toml for changes
[24May2026 18:05:47.344] [Server thread/DEBUG] [net.neoforged.neoforge.common.NeoForgeConfig/FORGEMOD]: Loaded NeoForge config file neoforge-server.toml
[24May2026 18:05:47.344] [Server thread/DEBUG] [net.neoforged.fml.config.ConfigTracker/CONFIG]: Loaded TOML config file F:\user files\Documents\GitHub\minecraft_limonata\MCreatorWorkspaces\limonata\run\config\neoforge-server.toml
[24May2026 18:05:47.345] [Server thread/DEBUG] [net.neoforged.fml.config.ConfigTracker/CONFIG]: Watching TOML config file F:\user files\Documents\GitHub\minecraft_limonata\MCreatorWorkspaces\limonata\run\config\neoforge-server.toml for changes
[24May2026 18:05:47.348] [Server thread/DEBUG] [net.neoforged.fml.config.ConfigTracker/CONFIG]: Loaded TOML config file F:\user files\Documents\GitHub\minecraft_limonata\MCreatorWorkspaces\limonata\run\config\create-server.toml
[24May2026 18:05:47.349] [Server thread/DEBUG] [net.neoforged.fml.config.ConfigTracker/CONFIG]: Watching TOML config file F:\user files\Documents\GitHub\minecraft_limonata\MCreatorWorkspaces\limonata\run\config\create-server.toml for changes
[24May2026 18:05:47.374] [Server thread/DEBUG] [mixin/]: Mixing accessor.BiomeManagerAccessor from ponder-common.mixins.json into net.minecraft.world.level.biome.BiomeManager
[24May2026 18:05:47.374] [Server thread/DEBUG] [mixin/]: ponder-common.mixins.json:accessor.BiomeManagerAccessor from mod ponder: Class version 65 required is higher than the class version supported by the current version of Mixin (JAVA_17 supports class version 61)
[24May2026 18:05:47.453] [Server thread/DEBUG] [mixin/]: Mixing light.LightEngineAccessor from flywheel.backend.mixins.json into net.minecraft.world.level.lighting.LightEngine
[24May2026 18:05:47.458] [Server thread/DEBUG] [mixin/]: Mixing light.SkyLightSectionStorageMixin from flywheel.backend.mixins.json into net.minecraft.world.level.lighting.SkyLightSectionStorage
[24May2026 18:05:47.461] [Server thread/DEBUG] [mixin/]: Mixing light.SkyDataLayerStorageMapAccessor from flywheel.backend.mixins.json into net.minecraft.world.level.lighting.SkyLightSectionStorage$SkyDataLayerStorageMap
[24May2026 18:05:47.502] [Server thread/DEBUG] [com.simibubi.create.Create/]: Prepared Redstone Network Space for minecraft:overworld
[24May2026 18:05:47.502] [Server thread/DEBUG] [com.simibubi.create.Create/]: Prepared Kinetic Network Space for minecraft:overworld
[24May2026 18:05:48.014] [Server thread/DEBUG] [com.simibubi.create.Create/]: Prepared Redstone Network Space for minecraft:the_nether
[24May2026 18:05:48.014] [Server thread/DEBUG] [com.simibubi.create.Create/]: Prepared Kinetic Network Space for minecraft:the_nether
[24May2026 18:05:48.024] [Server thread/DEBUG] [com.simibubi.create.Create/]: Prepared Redstone Network Space for minecraft:the_end
[24May2026 18:05:48.024] [Server thread/DEBUG] [com.simibubi.create.Create/]: Prepared Kinetic Network Space for minecraft:the_end
[24May2026 18:05:48.026] [Server thread/INFO] [net.minecraft.server.MinecraftServer/]: Preparing start region for dimension minecraft:overworld
[24May2026 18:05:48.200] [progressListener/INFO] [net.minecraft.server.level.progress.LoggerChunkProgressListener/]: Preparing spawn area: 0%
[24May2026 18:05:48.251] [Server thread/INFO] [net.neoforged.neoforge.server.permission.PermissionAPI/]: Successfully initialized permission handler neoforge:default_handler
[24May2026 18:05:48.256] [progressListener/INFO] [net.minecraft.server.level.progress.LoggerChunkProgressListener/]: Time elapsed: 228 ms
[24May2026 18:05:48.319] [Server thread/INFO] [net.minecraft.client.server.IntegratedServer/]: Changing view distance to 5, from 10
[24May2026 18:05:48.320] [Server thread/INFO] [net.minecraft.client.server.IntegratedServer/]: Changing simulation distance to 12, from 0
[24May2026 18:05:48.333] [entity-deserializer/DEBUG] [mixin/]: Mixing ProjectileUtilMixin from create.mixins.json into net.minecraft.world.entity.projectile.ProjectileUtil
[24May2026 18:05:48.349] [Render thread/DEBUG] [io.netty.channel.MultithreadEventLoopGroup/]: -Dio.netty.eventLoopThreads: 24
[24May2026 18:05:48.357] [Render thread/DEBUG] [io.netty.util.concurrent.GlobalEventExecutor/]: -Dio.netty.globalEventExecutor.quietPeriodSeconds: 1
[24May2026 18:05:48.365] [Render thread/DEBUG] [io.netty.channel.nio.NioEventLoop/]: -Dio.netty.noKeySetOptimization: false
[24May2026 18:05:48.365] [Render thread/DEBUG] [io.netty.channel.nio.NioEventLoop/]: -Dio.netty.selectorAutoRebuildThreshold: 512
[24May2026 18:05:48.369] [Render thread/DEBUG] [io.netty.util.internal.PlatformDependent/]: org.jctools-core.MpscChunkedArrayQueue: available
[24May2026 18:05:48.400] [Render thread/DEBUG] [io.netty.channel.DefaultChannelId/]: -Dio.netty.processId: 12616 (auto-detected)
[24May2026 18:05:48.402] [Render thread/DEBUG] [io.netty.util.NetUtil/]: -Djava.net.preferIPv4Stack: false
[24May2026 18:05:48.402] [Render thread/DEBUG] [io.netty.util.NetUtil/]: -Djava.net.preferIPv6Addresses: system
[24May2026 18:05:48.404] [Render thread/DEBUG] [io.netty.util.NetUtilInitializations/]: Loopback interface: loopback_0 (Software Loopback Interface 1, 0:0:0:0:0:0:0:1)
[24May2026 18:05:48.404] [Render thread/DEBUG] [io.netty.util.NetUtil/]: Failed to get SOMAXCONN from sysctl and file \proc\sys\net\core\somaxconn. Default: 200
[24May2026 18:05:48.405] [Render thread/DEBUG] [io.netty.channel.DefaultChannelId/]: -Dio.netty.machineId: 18:c0:4d:ff:fe:9a:f3:0e (auto-detected)
[24May2026 18:05:48.448] [Render thread/DEBUG] [io.netty.util.Recycler/]: -Dio.netty.recycler.maxCapacityPerThread: 4096
[24May2026 18:05:48.448] [Render thread/DEBUG] [io.netty.util.Recycler/]: -Dio.netty.recycler.ratio: 8
[24May2026 18:05:48.449] [Render thread/DEBUG] [io.netty.util.Recycler/]: -Dio.netty.recycler.chunkSize: 32
[24May2026 18:05:48.449] [Render thread/DEBUG] [io.netty.util.Recycler/]: -Dio.netty.recycler.blocking: false
[24May2026 18:05:48.449] [Render thread/DEBUG] [io.netty.util.Recycler/]: -Dio.netty.recycler.batchFastThreadLocalOnly: true
[24May2026 18:05:48.517] [Netty Server IO #1/DEBUG] [net.neoforged.neoforge.network.filters.NetworkFilters/]: Injected net.neoforged.neoforge.network.filters.GenericPacketSplitter@c0b0bd6 into net.minecraft.network.Connection@e8965d2
[24May2026 18:05:48.529] [Netty Local Client IO #0/DEBUG] [net.neoforged.neoforge.network.filters.NetworkFilters/]: Injected net.neoforged.neoforge.network.filters.GenericPacketSplitter@654f21e0 into net.minecraft.network.Connection@4431e713
[24May2026 18:05:48.567] [Render thread/INFO] [com.simibubi.create.Create/]: Created 157 recipes which will be injected into the game
[24May2026 18:05:48.568] [Render thread/INFO] [com.simibubi.create.Create/]: Created 0 tags which will be injected into the game
[24May2026 18:05:48.630] [Render thread/INFO] [fzzy_config/]: Saved config emi_loot_config to file F:\user files\Documents\GitHub\minecraft_limonata\MCreatorWorkspaces\limonata\run\config\emi_loot_config.toml
[24May2026 18:05:48.697] [Render thread/DEBUG] [mezz.jei.neoforge.startup.StartEventObserver/]: JEI StartEventObserver received event: class net.neoforged.neoforge.event.TagsUpdatedEvent
[24May2026 18:05:48.697] [Render thread/INFO] [EMI/]: [EMI] Recipes synchronized, waiting for tags to reload EMI...
[24May2026 18:05:48.765] [Render thread/DEBUG] [mixin/]: Mixing client.accessor.ClientPacketListenerAccessor from ponder-common.mixins.json into net.minecraft.client.multiplayer.ClientPacketListener
[24May2026 18:05:48.766] [Render thread/DEBUG] [mixin/]: ponder-common.mixins.json:client.accessor.ClientPacketListenerAccessor from mod ponder: Class version 65 required is higher than the class version supported by the current version of Mixin (JAVA_17 supports class version 61)
[24May2026 18:05:48.780] [Render thread/DEBUG] [mixin/]: Mixing SessionSearchTreesMixin from jade.mixins.json into net.minecraft.client.multiplayer.SessionSearchTrees
[24May2026 18:05:48.780] [Render thread/DEBUG] [mixin/]: jade.mixins.json:SessionSearchTreesMixin from mod jade: Class version 65 required is higher than the class version supported by the current version of Mixin (JAVA_16 supports class version 60)
[24May2026 18:05:48.781] [Render thread/DEBUG] [mixin/]: jade.mixins.json:SessionSearchTreesMixin from mod jade->@Inject::jade$preGet(Ljava/util/stream/Stream;Lnet/minecraft/world/item/Item$TooltipContext;Lnet/minecraft/world/item/TooltipFlag;Lorg/spongepowered/asm/mixin/injection/callback/CallbackInfoReturnable;)V doesn't use it's CallbackInfoReturnable
[24May2026 18:05:48.787] [Netty Server IO #1/DEBUG] [net.neoforged.neoforge.network.filters.NetworkFilters/]: Injected net.neoforged.neoforge.network.filters.GenericPacketSplitter@3222b5a7 into net.minecraft.network.Connection@e8965d2
[24May2026 18:05:48.843] [Server thread/INFO] [net.minecraft.server.players.PlayerList/]: Dev[local:E:93e401ae] logged in with entity id 50 at (337.5949633764999, 63.0, 864.2716122052844)
[24May2026 18:05:48.856] [Render thread/DEBUG] [mixin/]: Mixing ClientChunkCacheMixin from flywheel.impl.mixins.json into net.minecraft.client.multiplayer.ClientChunkCache
[24May2026 18:05:48.857] [Render thread/DEBUG] [mixin/]: flywheel.impl.mixins.json:ClientChunkCacheMixin from mod flywheel->@Inject::flywheel$onLightUpdate(Lnet/minecraft/world/level/LightLayer;Lnet/minecraft/core/SectionPos;Lorg/spongepowered/asm/mixin/injection/callback/CallbackInfo;)V doesn't use it's CallbackInfo
[24May2026 18:05:48.857] [Render thread/DEBUG] [mixin/]: flywheel.impl.mixins.json:ClientChunkCacheMixin from mod flywheel->@Inject::flywheel$onLightUpdate(Lnet/minecraft/world/level/LightLayer;Lnet/minecraft/core/SectionPos;Lorg/spongepowered/asm/mixin/injection/callback/CallbackInfo;)V has 0 override(s) in child classes
[24May2026 18:05:48.857] [Render thread/DEBUG] [mixin/]: flywheel.impl.mixins.json:ClientChunkCacheMixin from mod flywheel->@Inject::flywheel$onLightUpdate(Lnet/minecraft/world/level/LightLayer;Lnet/minecraft/core/SectionPos;Lorg/spongepowered/asm/mixin/injection/callback/CallbackInfo;)V won't be passed a CallbackInfo as a result
[24May2026 18:05:48.873] [Render thread/DEBUG] [com.simibubi.create.Create/]: Prepared Redstone Network Space for minecraft:overworld
[24May2026 18:05:48.873] [Render thread/DEBUG] [com.simibubi.create.Create/]: Prepared Kinetic Network Space for minecraft:overworld
[24May2026 18:05:48.877] [Render thread/DEBUG] [mixin/]: Mixing visualmanage.SectionCompilerMixin from flywheel.impl.mixins.json into net.minecraft.client.renderer.chunk.SectionCompiler
[24May2026 18:05:48.879] [Render thread/DEBUG] [mixin/]: flywheel.impl.mixins.json:visualmanage.SectionCompilerMixin from mod flywheel->@Inject::flywheel$tryAddBlockEntity(Ljava/lang/Object;Lnet/minecraft/world/level/block/entity/BlockEntity;Lorg/spongepowered/asm/mixin/injection/callback/CallbackInfo;)V does use it's CallbackInfo
[24May2026 18:05:48.926] [Render thread/INFO] [flywheel/]: Started 6 worker threads
[24May2026 18:05:48.979] [Server thread/INFO] [net.minecraft.server.MinecraftServer/]: Dev joined the game
[24May2026 18:05:49.177] [Render thread/DEBUG] [mezz.jei.neoforge.startup.StartEventObserver/]: JEI StartEventObserver received event: class net.neoforged.neoforge.client.event.RecipesUpdatedEvent
[24May2026 18:05:49.177] [Render thread/DEBUG] [mezz.jei.neoforge.startup.StartEventObserver/]: JEI StartEventObserver transitioning state from LISTENING to JEI_STARTED
[24May2026 18:05:49.177] [Render thread/INFO] [mezz.jei.core.util.LoggedTimer/]: Starting JEI...
[24May2026 18:05:49.183] [Render thread/INFO] [mezz.jei.library.load.PluginCaller/]: Registering item subtypes...
[24May2026 18:05:49.184] [Render thread/DEBUG] [mezz.jei.library.load.PluginCallerTimerRunnable/]: Registering item subtypes: jei:minecraft...
[24May2026 18:05:49.184] [Render thread/DEBUG] [mezz.jei.library.load.PluginCallerTimerRunnable/]: Registering item subtypes: farmersdelight:jei_plugin...
[24May2026 18:05:49.184] [Render thread/DEBUG] [mezz.jei.library.load.PluginCallerTimerRunnable/]: Registering item subtypes: emi:jemi...
[24May2026 18:05:49.184] [Render thread/DEBUG] [mezz.jei.library.load.PluginCallerTimerRunnable/]: Registering item subtypes: jade:main...
[24May2026 18:05:49.184] [Render thread/DEBUG] [mezz.jei.library.load.PluginCallerTimerRunnable/]: Registering item subtypes: jei:neoforge_gui...
[24May2026 18:05:49.184] [Render thread/DEBUG] [mezz.jei.library.load.PluginCallerTimerRunnable/]: Registering item subtypes: jei:debug...
[24May2026 18:05:49.184] [Render thread/DEBUG] [mezz.jei.library.load.PluginCallerTimerRunnable/]: Registering item subtypes: jei:gui...
[24May2026 18:05:49.184] [Render thread/DEBUG] [mezz.jei.library.load.PluginCallerTimerRunnable/]: Registering item subtypes: block_detective:jei_plugin...
[24May2026 18:05:49.184] [Render thread/DEBUG] [mezz.jei.library.load.PluginCallerTimerRunnable/]: Registering item subtypes: create:jei_plugin...
[24May2026 18:05:49.184] [Render thread/DEBUG] [mezz.jei.library.load.PluginCallerTimerRunnable/]: Registering item subtypes: jei:internal...
[24May2026 18:05:49.184] [Render thread/INFO] [mezz.jei.library.load.PluginCaller/]: Registering item subtypes took 800.9 microseconds
[24May2026 18:05:49.184] [Render thread/INFO] [mezz.jei.library.load.PluginCaller/]: Registering fluid subtypes...
[24May2026 18:05:49.185] [Render thread/DEBUG] [mezz.jei.library.load.PluginCallerTimerRunnable/]: Registering fluid subtypes: jei:minecraft...
[24May2026 18:05:49.185] [Render thread/DEBUG] [mezz.jei.library.load.PluginCallerTimerRunnable/]: Registering fluid subtypes: farmersdelight:jei_plugin...
[24May2026 18:05:49.185] [Render thread/DEBUG] [mezz.jei.library.load.PluginCallerTimerRunnable/]: Registering fluid subtypes: emi:jemi...
[24May2026 18:05:49.185] [Render thread/DEBUG] [mezz.jei.library.load.PluginCallerTimerRunnable/]: Registering fluid subtypes: jade:main...
[24May2026 18:05:49.185] [Render thread/DEBUG] [mezz.jei.library.load.PluginCallerTimerRunnable/]: Registering fluid subtypes: jei:neoforge_gui...
[24May2026 18:05:49.185] [Render thread/DEBUG] [mezz.jei.library.load.PluginCallerTimerRunnable/]: Registering fluid subtypes: jei:debug...
[24May2026 18:05:49.186] [Render thread/DEBUG] [mezz.jei.library.load.PluginCallerTimerRunnable/]: Registering fluid subtypes: jei:gui...
[24May2026 18:05:49.186] [Render thread/DEBUG] [mezz.jei.library.load.PluginCallerTimerRunnable/]: Registering fluid subtypes: block_detective:jei_plugin...
[24May2026 18:05:49.186] [Render thread/DEBUG] [mezz.jei.library.load.PluginCallerTimerRunnable/]: Registering fluid subtypes: create:jei_plugin...
[24May2026 18:05:49.186] [Render thread/DEBUG] [mezz.jei.library.load.PluginCallerTimerRunnable/]: Registering fluid subtypes: jei:internal...
[24May2026 18:05:49.186] [Render thread/INFO] [mezz.jei.library.load.PluginCaller/]: Registering fluid subtypes took 1.617 milliseconds
[24May2026 18:05:49.188] [Render thread/INFO] [mezz.jei.library.load.PluginCaller/]: Registering ingredients...
[24May2026 18:05:49.188] [Render thread/DEBUG] [mezz.jei.library.load.PluginCallerTimerRunnable/]: Registering ingredients: jei:minecraft...
[24May2026 18:05:49.205] [Render thread/DEBUG] [mezz.jei.library.plugins.vanilla.ingredients.ItemStackListFactory/]: Added  402/ 402 new items from 'Building Blocks' creative tab's displayItems
[24May2026 18:05:49.211] [Render thread/DEBUG] [mezz.jei.library.plugins.vanilla.ingredients.ItemStackListFactory/]: Added  198/ 198 new items from 'Colored Blocks' creative tab's displayItems
[24May2026 18:05:49.214] [Render thread/DEBUG] [mezz.jei.library.plugins.vanilla.ingredients.ItemStackListFactory/]: Added  201/ 226 new items from 'Natural Blocks' creative tab's displayItems
[24May2026 18:05:49.223] [Render thread/DEBUG] [mezz.jei.library.plugins.vanilla.ingredients.ItemStackListFactory/]: Added   92/ 225 new items from 'Functional Blocks' creative tab's displayItems
[24May2026 18:05:49.223] [Render thread/WARN] [mezz.jei.library.plugins.vanilla.ingredients.ItemStackListFactory/]: 46 duplicate items were found in 'Functional Blocks' creative tab's: displayItems
This may indicate that these types of item need a subtype interpreter added to JEI:
[minecraft:painting]
[24May2026 18:05:49.224] [Render thread/DEBUG] [mezz.jei.library.plugins.vanilla.ingredients.ItemStackListFactory/]: Added   29/  68 new items from 'Redstone Blocks' creative tab's displayItems
[24May2026 18:05:49.224] [Render thread/DEBUG] [mezz.jei.library.plugins.vanilla.ingredients.ItemStackListFactory/]: Skipping creative tab: 'Saved Hotbars' because it is type: HOTBAR
[24May2026 18:05:49.224] [Render thread/DEBUG] [mezz.jei.library.plugins.vanilla.ingredients.ItemStackListFactory/]: Skipping creative tab: 'Search Items' because it is type: SEARCH
[24May2026 18:05:49.229] [Render thread/DEBUG] [mezz.jei.library.plugins.vanilla.ingredients.ItemStackListFactory/]: Added   93/ 114 new items from 'Tools & Utilities' creative tab's displayItems
[24May2026 18:05:49.229] [Render thread/WARN] [mezz.jei.library.plugins.vanilla.ingredients.ItemStackListFactory/]: 9 duplicate items were found in 'Tools & Utilities' creative tab's: displayItems
This may indicate that these types of item need a subtype interpreter added to JEI:
[minecraft:firework_rocket, minecraft:goat_horn]
[24May2026 18:05:49.231] [Render thread/DEBUG] [mezz.jei.library.plugins.vanilla.ingredients.ItemStackListFactory/]: Added   47/ 104 new items from 'Combat' creative tab's displayItems
[24May2026 18:05:49.231] [Render thread/WARN] [mezz.jei.library.plugins.vanilla.ingredients.ItemStackListFactory/]: 45 duplicate items were found in 'Combat' creative tab's: displayItems
This may indicate that these types of item need a subtype interpreter added to JEI:
[minecraft:tipped_arrow]
[24May2026 18:05:49.237] [Render thread/DEBUG] [mezz.jei.library.plugins.vanilla.ingredients.ItemStackListFactory/]: Added   58/ 214 new items from 'Food & Drinks' creative tab's displayItems
[24May2026 18:05:49.237] [Render thread/WARN] [mezz.jei.library.plugins.vanilla.ingredients.ItemStackListFactory/]: 153 duplicate items were found in 'Food & Drinks' creative tab's: displayItems
This may indicate that these types of item need a subtype interpreter added to JEI:
[minecraft:ominous_bottle, minecraft:splash_potion, minecraft:lingering_potion, minecraft:suspicious_stew, minecraft:potion]
[24May2026 18:05:49.243] [Render thread/DEBUG] [mezz.jei.library.plugins.vanilla.ingredients.ItemStackListFactory/]: Added  131/ 189 new items from 'Ingredients' creative tab's displayItems
[24May2026 18:05:49.243] [Render thread/WARN] [mezz.jei.library.plugins.vanilla.ingredients.ItemStackListFactory/]: 44 duplicate items were found in 'Ingredients' creative tab's: displayItems
This may indicate that these types of item need a subtype interpreter added to JEI:
[minecraft:enchanted_book]
[24May2026 18:05:49.243] [Render thread/DEBUG] [mezz.jei.library.plugins.vanilla.ingredients.ItemStackListFactory/]: Added    0/ 278 new items from 'Ingredients' creative tab's searchTabDisplayItems
[24May2026 18:05:49.245] [Render thread/DEBUG] [mezz.jei.library.plugins.vanilla.ingredients.ItemStackListFactory/]: Added   80/  80 new items from 'Spawn Eggs' creative tab's displayItems
[24May2026 18:05:49.245] [Render thread/DEBUG] [mezz.jei.library.plugins.vanilla.ingredients.ItemStackListFactory/]: Item Group has no display items and no search tab display items. Items from this group will be missing from the JEI ingredient list. Operator Utilities
[24May2026 18:05:49.245] [Render thread/DEBUG] [mezz.jei.library.plugins.vanilla.ingredients.ItemStackListFactory/]: Skipping creative tab: 'Survival Inventory' because it is type: INVENTORY
[24May2026 18:05:49.247] [Render thread/DEBUG] [mezz.jei.library.plugins.vanilla.ingredients.ItemStackListFactory/]: Added  177/ 177 new items from 'Farmer's Delight' creative tab's displayItems
[24May2026 18:05:49.253] [Render thread/DEBUG] [mezz.jei.library.plugins.vanilla.ingredients.ItemStackListFactory/]: Added  203/ 203 new items from 'Create' creative tab's displayItems
[24May2026 18:05:49.254] [Render thread/DEBUG] [mezz.jei.library.plugins.vanilla.ingredients.ItemStackListFactory/]: Added   62/ 265 new items from 'Create' creative tab's searchTabDisplayItems
[24May2026 18:05:49.256] [Render thread/DEBUG] [mezz.jei.library.plugins.vanilla.ingredients.ItemStackListFactory/]: Added  377/ 377 new items from 'Create's Building Blocks' creative tab's displayItems
[24May2026 18:05:49.256] [Render thread/DEBUG] [mezz.jei.library.plugins.vanilla.ingredients.ItemStackListFactory/]: Added   15/ 392 new items from 'Create's Building Blocks' creative tab's searchTabDisplayItems
[24May2026 18:05:49.256] [Render thread/DEBUG] [mezz.jei.library.plugins.vanilla.ingredients.ItemStackListFactory/]: Added   15/  31 new items from 'Limonata' creative tab's displayItems
[24May2026 18:05:49.266] [Render thread/INFO] [mezz.jei.library.load.PluginCallerTimerRunnable/]: Registering ingredients: jei:minecraft took 77.31 milliseconds
[24May2026 18:05:49.266] [Render thread/DEBUG] [mezz.jei.library.load.PluginCallerTimerRunnable/]: Registering ingredients: farmersdelight:jei_plugin...
[24May2026 18:05:49.266] [Render thread/DEBUG] [mezz.jei.library.load.PluginCallerTimerRunnable/]: Registering ingredients: emi:jemi...
[24May2026 18:05:49.266] [Render thread/DEBUG] [mezz.jei.library.load.PluginCallerTimerRunnable/]: Registering ingredients: jade:main...
[24May2026 18:05:49.266] [Render thread/DEBUG] [mezz.jei.library.load.PluginCallerTimerRunnable/]: Registering ingredients: jei:neoforge_gui...
[24May2026 18:05:49.266] [Render thread/DEBUG] [mezz.jei.library.load.PluginCallerTimerRunnable/]: Registering ingredients: jei:debug...
[24May2026 18:05:49.266] [Render thread/DEBUG] [mezz.jei.library.load.PluginCallerTimerRunnable/]: Registering ingredients: jei:gui...
[24May2026 18:05:49.266] [Render thread/DEBUG] [mezz.jei.library.load.PluginCallerTimerRunnable/]: Registering ingredients: block_detective:jei_plugin...
[24May2026 18:05:49.266] [Render thread/DEBUG] [mezz.jei.library.load.PluginCallerTimerRunnable/]: Registering ingredients: create:jei_plugin...
[24May2026 18:05:49.266] [Render thread/DEBUG] [mezz.jei.library.load.PluginCallerTimerRunnable/]: Registering ingredients: jei:internal...
[24May2026 18:05:49.266] [Render thread/INFO] [mezz.jei.library.load.PluginCaller/]: Registering ingredients took 78.34 milliseconds
[24May2026 18:05:49.267] [Render thread/INFO] [mezz.jei.library.load.PluginCaller/]: Registering extra ingredients...
[24May2026 18:05:49.267] [Render thread/DEBUG] [mezz.jei.library.load.PluginCallerTimerRunnable/]: Registering extra ingredients: jei:minecraft...
[24May2026 18:05:49.267] [Render thread/DEBUG] [mezz.jei.library.load.PluginCallerTimerRunnable/]: Registering extra ingredients: farmersdelight:jei_plugin...
[24May2026 18:05:49.267] [Render thread/DEBUG] [mezz.jei.library.load.PluginCallerTimerRunnable/]: Registering extra ingredients: emi:jemi...
[24May2026 18:05:49.267] [Render thread/DEBUG] [mezz.jei.library.load.PluginCallerTimerRunnable/]: Registering extra ingredients: jade:main...
[24May2026 18:05:49.267] [Render thread/DEBUG] [mezz.jei.library.load.PluginCallerTimerRunnable/]: Registering extra ingredients: jei:neoforge_gui...
[24May2026 18:05:49.267] [Render thread/DEBUG] [mezz.jei.library.load.PluginCallerTimerRunnable/]: Registering extra ingredients: jei:debug...
[24May2026 18:05:49.267] [Render thread/DEBUG] [mezz.jei.library.load.PluginCallerTimerRunnable/]: Registering extra ingredients: jei:gui...
[24May2026 18:05:49.267] [Render thread/DEBUG] [mezz.jei.library.load.PluginCallerTimerRunnable/]: Registering extra ingredients: block_detective:jei_plugin...
[24May2026 18:05:49.267] [Render thread/DEBUG] [mezz.jei.library.load.PluginCallerTimerRunnable/]: Registering extra ingredients: create:jei_plugin...
[24May2026 18:05:49.269] [Render thread/DEBUG] [mezz.jei.library.load.PluginCallerTimerRunnable/]: Registering extra ingredients: jei:internal...
[24May2026 18:05:49.270] [Render thread/INFO] [mezz.jei.library.load.PluginCaller/]: Registering extra ingredients took 3.230 milliseconds
[24May2026 18:05:49.270] [Render thread/INFO] [mezz.jei.library.load.PluginCaller/]: Registering search ingredient aliases...
[24May2026 18:05:49.270] [Render thread/DEBUG] [mezz.jei.library.load.PluginCallerTimerRunnable/]: Registering search ingredient aliases: jei:minecraft...
[24May2026 18:05:49.270] [Render thread/DEBUG] [mezz.jei.library.load.PluginCallerTimerRunnable/]: Registering search ingredient aliases: farmersdelight:jei_plugin...
[24May2026 18:05:49.271] [Render thread/DEBUG] [mezz.jei.library.load.PluginCallerTimerRunnable/]: Registering search ingredient aliases: emi:jemi...
[24May2026 18:05:49.271] [Render thread/DEBUG] [mezz.jei.library.load.PluginCallerTimerRunnable/]: Registering search ingredient aliases: jade:main...
[24May2026 18:05:49.271] [Render thread/DEBUG] [mezz.jei.library.load.PluginCallerTimerRunnable/]: Registering search ingredient aliases: jei:neoforge_gui...
[24May2026 18:05:49.271] [Render thread/DEBUG] [mezz.jei.library.load.PluginCallerTimerRunnable/]: Registering search ingredient aliases: jei:debug...
[24May2026 18:05:49.271] [Render thread/DEBUG] [mezz.jei.library.load.PluginCallerTimerRunnable/]: Registering search ingredient aliases: jei:gui...
[24May2026 18:05:49.271] [Render thread/DEBUG] [mezz.jei.library.load.PluginCallerTimerRunnable/]: Registering search ingredient aliases: block_detective:jei_plugin...
[24May2026 18:05:49.271] [Render thread/DEBUG] [mezz.jei.library.load.PluginCallerTimerRunnable/]: Registering search ingredient aliases: create:jei_plugin...
[24May2026 18:05:49.271] [Render thread/DEBUG] [mezz.jei.library.load.PluginCallerTimerRunnable/]: Registering search ingredient aliases: jei:internal...
[24May2026 18:05:49.271] [Render thread/INFO] [mezz.jei.library.load.PluginCaller/]: Registering search ingredient aliases took 877.9 microseconds
[24May2026 18:05:49.281] [Render thread/INFO] [mezz.jei.library.load.PluginCaller/]: Registering Mod Info...
[24May2026 18:05:49.281] [Render thread/DEBUG] [mezz.jei.library.load.PluginCallerTimerRunnable/]: Registering Mod Info: jei:minecraft...
[24May2026 18:05:49.282] [Render thread/DEBUG] [mezz.jei.library.load.PluginCallerTimerRunnable/]: Registering Mod Info: farmersdelight:jei_plugin...
[24May2026 18:05:49.282] [Render thread/DEBUG] [mezz.jei.library.load.PluginCallerTimerRunnable/]: Registering Mod Info: emi:jemi...
[24May2026 18:05:49.282] [Render thread/DEBUG] [mezz.jei.library.load.PluginCallerTimerRunnable/]: Registering Mod Info: jade:main...
[24May2026 18:05:49.282] [Render thread/DEBUG] [mezz.jei.library.load.PluginCallerTimerRunnable/]: Registering Mod Info: jei:neoforge_gui...
[24May2026 18:05:49.282] [Render thread/DEBUG] [mezz.jei.library.load.PluginCallerTimerRunnable/]: Registering Mod Info: jei:debug...
[24May2026 18:05:49.282] [Render thread/DEBUG] [mezz.jei.library.load.PluginCallerTimerRunnable/]: Registering Mod Info: jei:gui...
[24May2026 18:05:49.282] [Render thread/DEBUG] [mezz.jei.library.load.PluginCallerTimerRunnable/]: Registering Mod Info: block_detective:jei_plugin...
[24May2026 18:05:49.282] [Render thread/DEBUG] [mezz.jei.library.load.PluginCallerTimerRunnable/]: Registering Mod Info: create:jei_plugin...
[24May2026 18:05:49.282] [Render thread/DEBUG] [mezz.jei.library.load.PluginCallerTimerRunnable/]: Registering Mod Info: jei:internal...
[24May2026 18:05:49.282] [Render thread/INFO] [mezz.jei.library.load.PluginCaller/]: Registering Mod Info took 682.8 microseconds
[24May2026 18:05:49.294] [Render thread/INFO] [mezz.jei.library.load.PluginCaller/]: Registering categories...
[24May2026 18:05:49.295] [Render thread/DEBUG] [mezz.jei.library.load.PluginCallerTimerRunnable/]: Registering categories: jei:minecraft...
[24May2026 18:05:49.304] [Render thread/DEBUG] [mezz.jei.library.load.PluginCallerTimerRunnable/]: Registering categories: farmersdelight:jei_plugin...
[24May2026 18:05:49.307] [Render thread/DEBUG] [mezz.jei.library.load.PluginCallerTimerRunnable/]: Registering categories: emi:jemi...
[24May2026 18:05:49.307] [Render thread/DEBUG] [mezz.jei.library.load.PluginCallerTimerRunnable/]: Registering categories: jade:main...
[24May2026 18:05:49.308] [Render thread/DEBUG] [mezz.jei.library.load.PluginCallerTimerRunnable/]: Registering categories: jei:neoforge_gui...
[24May2026 18:05:49.308] [Render thread/DEBUG] [mezz.jei.library.load.PluginCallerTimerRunnable/]: Registering categories: jei:debug...
[24May2026 18:05:49.308] [Render thread/DEBUG] [mezz.jei.library.load.PluginCallerTimerRunnable/]: Registering categories: jei:gui...
[24May2026 18:05:49.308] [Render thread/DEBUG] [mezz.jei.library.load.PluginCallerTimerRunnable/]: Registering categories: block_detective:jei_plugin...
[24May2026 18:05:49.308] [Render thread/DEBUG] [mezz.jei.library.load.PluginCallerTimerRunnable/]: Registering categories: create:jei_plugin...
[24May2026 18:05:49.335] [Render thread/INFO] [mezz.jei.library.load.PluginCallerTimerRunnable/]: Registering categories: create:jei_plugin took 26.43 milliseconds
[24May2026 18:05:49.335] [Render thread/DEBUG] [mezz.jei.library.load.PluginCallerTimerRunnable/]: Registering categories: jei:internal...
[24May2026 18:05:49.338] [Render thread/INFO] [mezz.jei.library.load.PluginCaller/]: Registering categories took 42.88 milliseconds
[24May2026 18:05:49.338] [Render thread/INFO] [mezz.jei.library.load.PluginCaller/]: Registering vanilla category extensions...
[24May2026 18:05:49.339] [Render thread/DEBUG] [mezz.jei.library.load.PluginCallerTimerRunnable/]: Registering vanilla category extensions: jei:minecraft...
[24May2026 18:05:49.340] [Render thread/DEBUG] [mezz.jei.library.load.PluginCallerTimerRunnable/]: Registering vanilla category extensions: farmersdelight:jei_plugin...
[24May2026 18:05:49.340] [Render thread/DEBUG] [mezz.jei.library.load.PluginCallerTimerRunnable/]: Registering vanilla category extensions: emi:jemi...
[24May2026 18:05:49.340] [Render thread/DEBUG] [mezz.jei.library.load.PluginCallerTimerRunnable/]: Registering vanilla category extensions: jade:main...
[24May2026 18:05:49.340] [Render thread/DEBUG] [mezz.jei.library.load.PluginCallerTimerRunnable/]: Registering vanilla category extensions: jei:neoforge_gui...
[24May2026 18:05:49.340] [Render thread/DEBUG] [mezz.jei.library.load.PluginCallerTimerRunnable/]: Registering vanilla category extensions: jei:debug...
[24May2026 18:05:49.340] [Render thread/DEBUG] [mezz.jei.library.load.PluginCallerTimerRunnable/]: Registering vanilla category extensions: jei:gui...
[24May2026 18:05:49.340] [Render thread/DEBUG] [mezz.jei.library.load.PluginCallerTimerRunnable/]: Registering vanilla category extensions: block_detective:jei_plugin...
[24May2026 18:05:49.340] [Render thread/DEBUG] [mezz.jei.library.load.PluginCallerTimerRunnable/]: Registering vanilla category extensions: create:jei_plugin...
[24May2026 18:05:49.340] [Render thread/DEBUG] [mezz.jei.library.load.PluginCallerTimerRunnable/]: Registering vanilla category extensions: jei:internal...
[24May2026 18:05:49.341] [Render thread/INFO] [mezz.jei.library.load.PluginCaller/]: Registering vanilla category extensions took 2.104 milliseconds
[24May2026 18:05:49.341] [Render thread/INFO] [mezz.jei.library.load.PluginCaller/]: Registering recipe catalysts...
[24May2026 18:05:49.341] [Render thread/DEBUG] [mezz.jei.library.load.PluginCallerTimerRunnable/]: Registering recipe catalysts: jei:minecraft...
[24May2026 18:05:49.341] [Render thread/DEBUG] [mezz.jei.library.load.PluginCallerTimerRunnable/]: Registering recipe catalysts: farmersdelight:jei_plugin...
[24May2026 18:05:49.342] [Render thread/DEBUG] [mezz.jei.library.load.PluginCallerTimerRunnable/]: Registering recipe catalysts: emi:jemi...
[24May2026 18:05:49.342] [Render thread/DEBUG] [mezz.jei.library.load.PluginCallerTimerRunnable/]: Registering recipe catalysts: jade:main...
[24May2026 18:05:49.342] [Render thread/DEBUG] [mezz.jei.library.load.PluginCallerTimerRunnable/]: Registering recipe catalysts: jei:neoforge_gui...
[24May2026 18:05:49.342] [Render thread/DEBUG] [mezz.jei.library.load.PluginCallerTimerRunnable/]: Registering recipe catalysts: jei:debug...
[24May2026 18:05:49.342] [Render thread/DEBUG] [mezz.jei.library.load.PluginCallerTimerRunnable/]: Registering recipe catalysts: jei:gui...
[24May2026 18:05:49.342] [Render thread/DEBUG] [mezz.jei.library.load.PluginCallerTimerRunnable/]: Registering recipe catalysts: block_detective:jei_plugin...
[24May2026 18:05:49.342] [Render thread/DEBUG] [mezz.jei.library.load.PluginCallerTimerRunnable/]: Registering recipe catalysts: create:jei_plugin...
[24May2026 18:05:49.342] [Render thread/DEBUG] [mezz.jei.library.load.PluginCallerTimerRunnable/]: Registering recipe catalysts: jei:internal...
[24May2026 18:05:49.342] [Render thread/INFO] [mezz.jei.library.load.PluginCaller/]: Registering recipe catalysts took 1.199 milliseconds
[24May2026 18:05:49.343] [Render thread/INFO] [mezz.jei.core.util.LoggedTimer/]: Building recipe registry...
[24May2026 18:05:49.350] [Render thread/INFO] [mezz.jei.core.util.LoggedTimer/]: Building recipe registry took 7.447 milliseconds
[24May2026 18:05:49.351] [Render thread/INFO] [mezz.jei.library.load.PluginCaller/]: Registering advanced plugins...
[24May2026 18:05:49.351] [Render thread/DEBUG] [mezz.jei.library.load.PluginCallerTimerRunnable/]: Registering advanced plugins: jei:minecraft...
[24May2026 18:05:49.351] [Render thread/DEBUG] [mezz.jei.library.load.PluginCallerTimerRunnable/]: Registering advanced plugins: farmersdelight:jei_plugin...
[24May2026 18:05:49.352] [Render thread/DEBUG] [mezz.jei.library.load.PluginCallerTimerRunnable/]: Registering advanced plugins: emi:jemi...
[24May2026 18:05:49.352] [Render thread/DEBUG] [mezz.jei.library.load.PluginCallerTimerRunnable/]: Registering advanced plugins: jade:main...
[24May2026 18:05:49.352] [Render thread/DEBUG] [mezz.jei.library.load.PluginCallerTimerRunnable/]: Registering advanced plugins: jei:neoforge_gui...
[24May2026 18:05:49.352] [Render thread/DEBUG] [mezz.jei.library.load.PluginCallerTimerRunnable/]: Registering advanced plugins: jei:debug...
[24May2026 18:05:49.352] [Render thread/DEBUG] [mezz.jei.library.load.PluginCallerTimerRunnable/]: Registering advanced plugins: jei:gui...
[24May2026 18:05:49.352] [Render thread/DEBUG] [mezz.jei.library.load.PluginCallerTimerRunnable/]: Registering advanced plugins: block_detective:jei_plugin...
[24May2026 18:05:49.352] [Render thread/DEBUG] [mezz.jei.library.load.PluginCallerTimerRunnable/]: Registering advanced plugins: create:jei_plugin...
[24May2026 18:05:49.352] [Render thread/DEBUG] [mezz.jei.library.load.PluginCallerTimerRunnable/]: Registering advanced plugins: jei:internal...
[24May2026 18:05:49.352] [Render thread/INFO] [mezz.jei.library.load.PluginCaller/]: Registering advanced plugins took 819.6 microseconds
[24May2026 18:05:49.353] [Render thread/INFO] [mezz.jei.library.load.PluginCaller/]: Registering recipes...
[24May2026 18:05:49.353] [Render thread/DEBUG] [mezz.jei.library.load.PluginCallerTimerRunnable/]: Registering recipes: jei:minecraft...
[24May2026 18:05:49.353] [Render thread/DEBUG] [mezz.jei.library.load.PluginCallerTimerRunnable/]: Registering recipes: farmersdelight:jei_plugin...
[24May2026 18:05:49.353] [Render thread/DEBUG] [mezz.jei.library.recipes.RecipeManagerInternal/]: Adding recipes: RecipeType[uid=farmersdelight:cooking, recipeClass=class net.minecraft.world.item.crafting.RecipeHolder]
[24May2026 18:05:49.359] [Render thread/DEBUG] [mezz.jei.library.recipes.RecipeManagerInternal/]: Adding recipes: RecipeType[uid=farmersdelight:cutting, recipeClass=class net.minecraft.world.item.crafting.RecipeHolder]
[24May2026 18:05:49.380] [Render thread/DEBUG] [mezz.jei.library.recipes.RecipeManagerInternal/]: Adding recipes: RecipeType[uid=farmersdelight:decomposition, recipeClass=class vectorwing.farmersdelight.integration.jei.resource.DecompositionDummy]
[24May2026 18:05:49.380] [Render thread/DEBUG] [mezz.jei.library.recipes.RecipeManagerInternal/]: Adding recipes: RecipeType[uid=minecraft:crafting, recipeClass=class net.minecraft.world.item.crafting.RecipeHolder]
[24May2026 18:05:49.382] [Render thread/DEBUG] [mezz.jei.library.recipes.RecipeManagerInternal/]: Adding recipes: RecipeType[uid=jei:information, recipeClass=interface mezz.jei.api.recipe.vanilla.IJeiIngredientInfoRecipe]
[24May2026 18:05:49.382] [Render thread/DEBUG] [mezz.jei.library.recipes.RecipeManagerInternal/]: Adding recipes: RecipeType[uid=jei:information, recipeClass=interface mezz.jei.api.recipe.vanilla.IJeiIngredientInfoRecipe]
[24May2026 18:05:49.382] [Render thread/DEBUG] [mezz.jei.library.recipes.RecipeManagerInternal/]: Adding recipes: RecipeType[uid=jei:information, recipeClass=interface mezz.jei.api.recipe.vanilla.IJeiIngredientInfoRecipe]
[24May2026 18:05:49.382] [Render thread/DEBUG] [mezz.jei.library.recipes.RecipeManagerInternal/]: Adding recipes: RecipeType[uid=jei:information, recipeClass=interface mezz.jei.api.recipe.vanilla.IJeiIngredientInfoRecipe]
[24May2026 18:05:49.382] [Render thread/DEBUG] [mezz.jei.library.recipes.RecipeManagerInternal/]: Adding recipes: RecipeType[uid=jei:information, recipeClass=interface mezz.jei.api.recipe.vanilla.IJeiIngredientInfoRecipe]
[24May2026 18:05:49.382] [Render thread/DEBUG] [mezz.jei.library.recipes.RecipeManagerInternal/]: Adding recipes: RecipeType[uid=jei:information, recipeClass=interface mezz.jei.api.recipe.vanilla.IJeiIngredientInfoRecipe]
[24May2026 18:05:49.383] [Render thread/DEBUG] [mezz.jei.library.recipes.RecipeManagerInternal/]: Adding recipes: RecipeType[uid=jei:information, recipeClass=interface mezz.jei.api.recipe.vanilla.IJeiIngredientInfoRecipe]
[24May2026 18:05:49.383] [Render thread/DEBUG] [mezz.jei.library.recipes.RecipeManagerInternal/]: Adding recipes: RecipeType[uid=jei:information, recipeClass=interface mezz.jei.api.recipe.vanilla.IJeiIngredientInfoRecipe]
[24May2026 18:05:49.383] [Render thread/DEBUG] [mezz.jei.library.recipes.RecipeManagerInternal/]: Adding recipes: RecipeType[uid=jei:information, recipeClass=interface mezz.jei.api.recipe.vanilla.IJeiIngredientInfoRecipe]
[24May2026 18:05:49.383] [Render thread/DEBUG] [mezz.jei.library.recipes.RecipeManagerInternal/]: Adding recipes: RecipeType[uid=jei:information, recipeClass=interface mezz.jei.api.recipe.vanilla.IJeiIngredientInfoRecipe]
[24May2026 18:05:49.383] [Render thread/DEBUG] [mezz.jei.library.recipes.RecipeManagerInternal/]: Adding recipes: RecipeType[uid=jei:information, recipeClass=interface mezz.jei.api.recipe.vanilla.IJeiIngredientInfoRecipe]
[24May2026 18:05:49.383] [Render thread/DEBUG] [mezz.jei.library.recipes.RecipeManagerInternal/]: Adding recipes: RecipeType[uid=jei:information, recipeClass=interface mezz.jei.api.recipe.vanilla.IJeiIngredientInfoRecipe]
[24May2026 18:05:49.383] [Render thread/DEBUG] [mezz.jei.library.recipes.RecipeManagerInternal/]: Adding recipes: RecipeType[uid=jei:information, recipeClass=interface mezz.jei.api.recipe.vanilla.IJeiIngredientInfoRecipe]
[24May2026 18:05:49.384] [Render thread/DEBUG] [mezz.jei.library.recipes.RecipeManagerInternal/]: Adding recipes: RecipeType[uid=jei:information, recipeClass=interface mezz.jei.api.recipe.vanilla.IJeiIngredientInfoRecipe]
[24May2026 18:05:49.384] [Render thread/DEBUG] [mezz.jei.library.recipes.RecipeManagerInternal/]: Adding recipes: RecipeType[uid=jei:information, recipeClass=interface mezz.jei.api.recipe.vanilla.IJeiIngredientInfoRecipe]
[24May2026 18:05:49.384] [Render thread/DEBUG] [mezz.jei.library.recipes.RecipeManagerInternal/]: Adding recipes: RecipeType[uid=jei:information, recipeClass=interface mezz.jei.api.recipe.vanilla.IJeiIngredientInfoRecipe]
[24May2026 18:05:49.384] [Render thread/INFO] [mezz.jei.library.load.PluginCallerTimerRunnable/]: Registering recipes: farmersdelight:jei_plugin took 31.20 milliseconds
[24May2026 18:05:49.384] [Render thread/DEBUG] [mezz.jei.library.load.PluginCallerTimerRunnable/]: Registering recipes: emi:jemi...
[24May2026 18:05:49.384] [Render thread/DEBUG] [mezz.jei.library.load.PluginCallerTimerRunnable/]: Registering recipes: jade:main...
[24May2026 18:05:49.384] [Render thread/DEBUG] [mezz.jei.library.load.PluginCallerTimerRunnable/]: Registering recipes: jei:neoforge_gui...
[24May2026 18:05:49.384] [Render thread/DEBUG] [mezz.jei.library.load.PluginCallerTimerRunnable/]: Registering recipes: jei:debug...
[24May2026 18:05:49.384] [Render thread/DEBUG] [mezz.jei.library.load.PluginCallerTimerRunnable/]: Registering recipes: jei:gui...
[24May2026 18:05:49.384] [Render thread/DEBUG] [mezz.jei.library.load.PluginCallerTimerRunnable/]: Registering recipes: block_detective:jei_plugin...
[24May2026 18:05:49.386] [Render thread/DEBUG] [mezz.jei.library.recipes.RecipeManagerInternal/]: Adding recipes: RecipeType[uid=jei:information, recipeClass=interface mezz.jei.api.recipe.vanilla.IJeiIngredientInfoRecipe]
[24May2026 18:05:49.386] [Render thread/DEBUG] [mezz.jei.library.recipes.RecipeManagerInternal/]: Adding recipes: RecipeType[uid=jei:information, recipeClass=interface mezz.jei.api.recipe.vanilla.IJeiIngredientInfoRecipe]
[24May2026 18:05:49.386] [Render thread/DEBUG] [mezz.jei.library.recipes.RecipeManagerInternal/]: Adding recipes: RecipeType[uid=jei:information, recipeClass=interface mezz.jei.api.recipe.vanilla.IJeiIngredientInfoRecipe]
[24May2026 18:05:49.386] [Render thread/DEBUG] [mezz.jei.library.recipes.RecipeManagerInternal/]: Adding recipes: RecipeType[uid=jei:information, recipeClass=interface mezz.jei.api.recipe.vanilla.IJeiIngredientInfoRecipe]
[24May2026 18:05:49.386] [Render thread/DEBUG] [mezz.jei.library.recipes.RecipeManagerInternal/]: Adding recipes: RecipeType[uid=jei:information, recipeClass=interface mezz.jei.api.recipe.vanilla.IJeiIngredientInfoRecipe]
[24May2026 18:05:49.387] [Render thread/DEBUG] [mezz.jei.library.recipes.RecipeManagerInternal/]: Adding recipes: RecipeType[uid=jei:information, recipeClass=interface mezz.jei.api.recipe.vanilla.IJeiIngredientInfoRecipe]
[24May2026 18:05:49.387] [Render thread/DEBUG] [mezz.jei.library.recipes.RecipeManagerInternal/]: Adding recipes: RecipeType[uid=jei:information, recipeClass=interface mezz.jei.api.recipe.vanilla.IJeiIngredientInfoRecipe]
[24May2026 18:05:49.387] [Render thread/DEBUG] [mezz.jei.library.recipes.RecipeManagerInternal/]: Adding recipes: RecipeType[uid=jei:information, recipeClass=interface mezz.jei.api.recipe.vanilla.IJeiIngredientInfoRecipe]
[24May2026 18:05:49.387] [Render thread/DEBUG] [mezz.jei.library.recipes.RecipeManagerInternal/]: Adding recipes: RecipeType[uid=jei:information, recipeClass=interface mezz.jei.api.recipe.vanilla.IJeiIngredientInfoRecipe]
[24May2026 18:05:49.387] [Render thread/DEBUG] [mezz.jei.library.recipes.RecipeManagerInternal/]: Adding recipes: RecipeType[uid=jei:information, recipeClass=interface mezz.jei.api.recipe.vanilla.IJeiIngredientInfoRecipe]
[24May2026 18:05:49.388] [Render thread/DEBUG] [mezz.jei.library.recipes.RecipeManagerInternal/]: Adding recipes: RecipeType[uid=jei:information, recipeClass=interface mezz.jei.api.recipe.vanilla.IJeiIngredientInfoRecipe]
[24May2026 18:05:49.388] [Render thread/DEBUG] [mezz.jei.library.recipes.RecipeManagerInternal/]: Adding recipes: RecipeType[uid=jei:information, recipeClass=interface mezz.jei.api.recipe.vanilla.IJeiIngredientInfoRecipe]
[24May2026 18:05:49.389] [Render thread/DEBUG] [mezz.jei.library.recipes.RecipeManagerInternal/]: Adding recipes: RecipeType[uid=jei:information, recipeClass=interface mezz.jei.api.recipe.vanilla.IJeiIngredientInfoRecipe]
[24May2026 18:05:49.389] [Render thread/DEBUG] [mezz.jei.library.recipes.RecipeManagerInternal/]: Adding recipes: RecipeType[uid=jei:information, recipeClass=interface mezz.jei.api.recipe.vanilla.IJeiIngredientInfoRecipe]
[24May2026 18:05:49.389] [Render thread/DEBUG] [mezz.jei.library.recipes.RecipeManagerInternal/]: Adding recipes: RecipeType[uid=jei:information, recipeClass=interface mezz.jei.api.recipe.vanilla.IJeiIngredientInfoRecipe]
[24May2026 18:05:49.389] [Render thread/DEBUG] [mezz.jei.library.recipes.RecipeManagerInternal/]: Adding recipes: RecipeType[uid=jei:information, recipeClass=interface mezz.jei.api.recipe.vanilla.IJeiIngredientInfoRecipe]
[24May2026 18:05:49.389] [Render thread/DEBUG] [mezz.jei.library.recipes.RecipeManagerInternal/]: Adding recipes: RecipeType[uid=jei:information, recipeClass=interface mezz.jei.api.recipe.vanilla.IJeiIngredientInfoRecipe]
[24May2026 18:05:49.390] [Render thread/DEBUG] [mezz.jei.library.recipes.RecipeManagerInternal/]: Adding recipes: RecipeType[uid=jei:information, recipeClass=interface mezz.jei.api.recipe.vanilla.IJeiIngredientInfoRecipe]
[24May2026 18:05:49.390] [Render thread/DEBUG] [mezz.jei.library.recipes.RecipeManagerInternal/]: Adding recipes: RecipeType[uid=jei:information, recipeClass=interface mezz.jei.api.recipe.vanilla.IJeiIngredientInfoRecipe]
[24May2026 18:05:49.390] [Render thread/DEBUG] [mezz.jei.library.recipes.RecipeManagerInternal/]: Adding recipes: RecipeType[uid=jei:information, recipeClass=interface mezz.jei.api.recipe.vanilla.IJeiIngredientInfoRecipe]
[24May2026 18:05:49.390] [Render thread/DEBUG] [mezz.jei.library.recipes.RecipeManagerInternal/]: Adding recipes: RecipeType[uid=jei:information, recipeClass=interface mezz.jei.api.recipe.vanilla.IJeiIngredientInfoRecipe]
[24May2026 18:05:49.390] [Render thread/DEBUG] [mezz.jei.library.recipes.RecipeManagerInternal/]: Adding recipes: RecipeType[uid=jei:information, recipeClass=interface mezz.jei.api.recipe.vanilla.IJeiIngredientInfoRecipe]
[24May2026 18:05:49.391] [Render thread/DEBUG] [mezz.jei.library.recipes.RecipeManagerInternal/]: Adding recipes: RecipeType[uid=jei:information, recipeClass=interface mezz.jei.api.recipe.vanilla.IJeiIngredientInfoRecipe]
[24May2026 18:05:49.391] [Render thread/DEBUG] [mezz.jei.library.recipes.RecipeManagerInternal/]: Adding recipes: RecipeType[uid=jei:information, recipeClass=interface mezz.jei.api.recipe.vanilla.IJeiIngredientInfoRecipe]
[24May2026 18:05:49.391] [Render thread/DEBUG] [mezz.jei.library.recipes.RecipeManagerInternal/]: Adding recipes: RecipeType[uid=jei:information, recipeClass=interface mezz.jei.api.recipe.vanilla.IJeiIngredientInfoRecipe]
[24May2026 18:05:49.391] [Render thread/DEBUG] [mezz.jei.library.recipes.RecipeManagerInternal/]: Adding recipes: RecipeType[uid=jei:information, recipeClass=interface mezz.jei.api.recipe.vanilla.IJeiIngredientInfoRecipe]
[24May2026 18:05:49.392] [Render thread/DEBUG] [mezz.jei.library.recipes.RecipeManagerInternal/]: Adding recipes: RecipeType[uid=jei:information, recipeClass=interface mezz.jei.api.recipe.vanilla.IJeiIngredientInfoRecipe]
[24May2026 18:05:49.392] [Render thread/DEBUG] [mezz.jei.library.recipes.RecipeManagerInternal/]: Adding recipes: RecipeType[uid=jei:information, recipeClass=interface mezz.jei.api.recipe.vanilla.IJeiIngredientInfoRecipe]
[24May2026 18:05:49.392] [Render thread/DEBUG] [mezz.jei.library.recipes.RecipeManagerInternal/]: Adding recipes: RecipeType[uid=jei:information, recipeClass=interface mezz.jei.api.recipe.vanilla.IJeiIngredientInfoRecipe]
[24May2026 18:05:49.392] [Render thread/DEBUG] [mezz.jei.library.recipes.RecipeManagerInternal/]: Adding recipes: RecipeType[uid=jei:information, recipeClass=interface mezz.jei.api.recipe.vanilla.IJeiIngredientInfoRecipe]
[24May2026 18:05:49.392] [Render thread/DEBUG] [mezz.jei.library.recipes.RecipeManagerInternal/]: Adding recipes: RecipeType[uid=jei:information, recipeClass=interface mezz.jei.api.recipe.vanilla.IJeiIngredientInfoRecipe]
[24May2026 18:05:49.393] [Render thread/DEBUG] [mezz.jei.library.recipes.RecipeManagerInternal/]: Adding recipes: RecipeType[uid=jei:information, recipeClass=interface mezz.jei.api.recipe.vanilla.IJeiIngredientInfoRecipe]
[24May2026 18:05:49.393] [Render thread/DEBUG] [mezz.jei.library.recipes.RecipeManagerInternal/]: Adding recipes: RecipeType[uid=jei:information, recipeClass=interface mezz.jei.api.recipe.vanilla.IJeiIngredientInfoRecipe]
[24May2026 18:05:49.393] [Render thread/DEBUG] [mezz.jei.library.recipes.RecipeManagerInternal/]: Adding recipes: RecipeType[uid=jei:information, recipeClass=interface mezz.jei.api.recipe.vanilla.IJeiIngredientInfoRecipe]
[24May2026 18:05:49.393] [Render thread/DEBUG] [mezz.jei.library.recipes.RecipeManagerInternal/]: Adding recipes: RecipeType[uid=jei:information, recipeClass=interface mezz.jei.api.recipe.vanilla.IJeiIngredientInfoRecipe]
[24May2026 18:05:49.393] [Render thread/DEBUG] [mezz.jei.library.recipes.RecipeManagerInternal/]: Adding recipes: RecipeType[uid=jei:information, recipeClass=interface mezz.jei.api.recipe.vanilla.IJeiIngredientInfoRecipe]
[24May2026 18:05:49.393] [Render thread/DEBUG] [mezz.jei.library.recipes.RecipeManagerInternal/]: Adding recipes: RecipeType[uid=jei:information, recipeClass=interface mezz.jei.api.recipe.vanilla.IJeiIngredientInfoRecipe]
[24May2026 18:05:49.394] [Render thread/DEBUG] [mezz.jei.library.recipes.RecipeManagerInternal/]: Adding recipes: RecipeType[uid=jei:information, recipeClass=interface mezz.jei.api.recipe.vanilla.IJeiIngredientInfoRecipe]
[24May2026 18:05:49.394] [Render thread/DEBUG] [mezz.jei.library.recipes.RecipeManagerInternal/]: Adding recipes: RecipeType[uid=jei:information, recipeClass=interface mezz.jei.api.recipe.vanilla.IJeiIngredientInfoRecipe]
[24May2026 18:05:49.394] [Render thread/DEBUG] [mezz.jei.library.recipes.RecipeManagerInternal/]: Adding recipes: RecipeType[uid=jei:information, recipeClass=interface mezz.jei.api.recipe.vanilla.IJeiIngredientInfoRecipe]
[24May2026 18:05:49.394] [Render thread/DEBUG] [mezz.jei.library.recipes.RecipeManagerInternal/]: Adding recipes: RecipeType[uid=jei:information, recipeClass=interface mezz.jei.api.recipe.vanilla.IJeiIngredientInfoRecipe]
[24May2026 18:05:49.395] [Render thread/DEBUG] [mezz.jei.library.recipes.RecipeManagerInternal/]: Adding recipes: RecipeType[uid=jei:information, recipeClass=interface mezz.jei.api.recipe.vanilla.IJeiIngredientInfoRecipe]
[24May2026 18:05:49.395] [Render thread/DEBUG] [mezz.jei.library.recipes.RecipeManagerInternal/]: Adding recipes: RecipeType[uid=jei:information, recipeClass=interface mezz.jei.api.recipe.vanilla.IJeiIngredientInfoRecipe]
[24May2026 18:05:49.395] [Render thread/DEBUG] [mezz.jei.library.recipes.RecipeManagerInternal/]: Adding recipes: RecipeType[uid=jei:information, recipeClass=interface mezz.jei.api.recipe.vanilla.IJeiIngredientInfoRecipe]
[24May2026 18:05:49.395] [Render thread/DEBUG] [mezz.jei.library.recipes.RecipeManagerInternal/]: Adding recipes: RecipeType[uid=jei:information, recipeClass=interface mezz.jei.api.recipe.vanilla.IJeiIngredientInfoRecipe]
[24May2026 18:05:49.395] [Render thread/DEBUG] [mezz.jei.library.recipes.RecipeManagerInternal/]: Adding recipes: RecipeType[uid=jei:information, recipeClass=interface mezz.jei.api.recipe.vanilla.IJeiIngredientInfoRecipe]
[24May2026 18:05:49.396] [Render thread/DEBUG] [mezz.jei.library.recipes.RecipeManagerInternal/]: Adding recipes: RecipeType[uid=jei:information, recipeClass=interface mezz.jei.api.recipe.vanilla.IJeiIngredientInfoRecipe]
[24May2026 18:05:49.396] [Render thread/DEBUG] [mezz.jei.library.recipes.RecipeManagerInternal/]: Adding recipes: RecipeType[uid=jei:information, recipeClass=interface mezz.jei.api.recipe.vanilla.IJeiIngredientInfoRecipe]
[24May2026 18:05:49.396] [Render thread/DEBUG] [mezz.jei.library.recipes.RecipeManagerInternal/]: Adding recipes: RecipeType[uid=jei:information, recipeClass=interface mezz.jei.api.recipe.vanilla.IJeiIngredientInfoRecipe]
[24May2026 18:05:49.396] [Render thread/DEBUG] [mezz.jei.library.recipes.RecipeManagerInternal/]: Adding recipes: RecipeType[uid=jei:information, recipeClass=interface mezz.jei.api.recipe.vanilla.IJeiIngredientInfoRecipe]
[24May2026 18:05:49.396] [Render thread/DEBUG] [mezz.jei.library.recipes.RecipeManagerInternal/]: Adding recipes: RecipeType[uid=jei:information, recipeClass=interface mezz.jei.api.recipe.vanilla.IJeiIngredientInfoRecipe]
[24May2026 18:05:49.397] [Render thread/DEBUG] [mezz.jei.library.recipes.RecipeManagerInternal/]: Adding recipes: RecipeType[uid=jei:information, recipeClass=interface mezz.jei.api.recipe.vanilla.IJeiIngredientInfoRecipe]
[24May2026 18:05:49.397] [Render thread/DEBUG] [mezz.jei.library.recipes.RecipeManagerInternal/]: Adding recipes: RecipeType[uid=jei:information, recipeClass=interface mezz.jei.api.recipe.vanilla.IJeiIngredientInfoRecipe]
[24May2026 18:05:49.397] [Render thread/DEBUG] [mezz.jei.library.recipes.RecipeManagerInternal/]: Adding recipes: RecipeType[uid=jei:information, recipeClass=interface mezz.jei.api.recipe.vanilla.IJeiIngredientInfoRecipe]
[24May2026 18:05:49.397] [Render thread/DEBUG] [mezz.jei.library.recipes.RecipeManagerInternal/]: Adding recipes: RecipeType[uid=jei:information, recipeClass=interface mezz.jei.api.recipe.vanilla.IJeiIngredientInfoRecipe]
[24May2026 18:05:49.397] [Render thread/DEBUG] [mezz.jei.library.recipes.RecipeManagerInternal/]: Adding recipes: RecipeType[uid=jei:information, recipeClass=interface mezz.jei.api.recipe.vanilla.IJeiIngredientInfoRecipe]
[24May2026 18:05:49.397] [Render thread/DEBUG] [mezz.jei.library.recipes.RecipeManagerInternal/]: Adding recipes: RecipeType[uid=jei:information, recipeClass=interface mezz.jei.api.recipe.vanilla.IJeiIngredientInfoRecipe]
[24May2026 18:05:49.397] [Render thread/DEBUG] [mezz.jei.library.recipes.RecipeManagerInternal/]: Adding recipes: RecipeType[uid=jei:information, recipeClass=interface mezz.jei.api.recipe.vanilla.IJeiIngredientInfoRecipe]
[24May2026 18:05:49.398] [Render thread/DEBUG] [mezz.jei.library.recipes.RecipeManagerInternal/]: Adding recipes: RecipeType[uid=jei:information, recipeClass=interface mezz.jei.api.recipe.vanilla.IJeiIngredientInfoRecipe]
[24May2026 18:05:49.398] [Render thread/DEBUG] [mezz.jei.library.recipes.RecipeManagerInternal/]: Adding recipes: RecipeType[uid=jei:information, recipeClass=interface mezz.jei.api.recipe.vanilla.IJeiIngredientInfoRecipe]
[24May2026 18:05:49.398] [Render thread/DEBUG] [mezz.jei.library.recipes.RecipeManagerInternal/]: Adding recipes: RecipeType[uid=jei:information, recipeClass=interface mezz.jei.api.recipe.vanilla.IJeiIngredientInfoRecipe]
[24May2026 18:05:49.398] [Render thread/DEBUG] [mezz.jei.library.recipes.RecipeManagerInternal/]: Adding recipes: RecipeType[uid=jei:information, recipeClass=interface mezz.jei.api.recipe.vanilla.IJeiIngredientInfoRecipe]
[24May2026 18:05:49.398] [Render thread/DEBUG] [mezz.jei.library.recipes.RecipeManagerInternal/]: Adding recipes: RecipeType[uid=jei:information, recipeClass=interface mezz.jei.api.recipe.vanilla.IJeiIngredientInfoRecipe]
[24May2026 18:05:49.399] [Render thread/DEBUG] [mezz.jei.library.recipes.RecipeManagerInternal/]: Adding recipes: RecipeType[uid=jei:information, recipeClass=interface mezz.jei.api.recipe.vanilla.IJeiIngredientInfoRecipe]
[24May2026 18:05:49.399] [Render thread/DEBUG] [mezz.jei.library.recipes.RecipeManagerInternal/]: Adding recipes: RecipeType[uid=jei:information, recipeClass=interface mezz.jei.api.recipe.vanilla.IJeiIngredientInfoRecipe]
[24May2026 18:05:49.399] [Render thread/DEBUG] [mezz.jei.library.recipes.RecipeManagerInternal/]: Adding recipes: RecipeType[uid=jei:information, recipeClass=interface mezz.jei.api.recipe.vanilla.IJeiIngredientInfoRecipe]
[24May2026 18:05:49.399] [Render thread/DEBUG] [mezz.jei.library.recipes.RecipeManagerInternal/]: Adding recipes: RecipeType[uid=jei:information, recipeClass=interface mezz.jei.api.recipe.vanilla.IJeiIngredientInfoRecipe]
[24May2026 18:05:49.399] [Render thread/DEBUG] [mezz.jei.library.recipes.RecipeManagerInternal/]: Adding recipes: RecipeType[uid=jei:information, recipeClass=interface mezz.jei.api.recipe.vanilla.IJeiIngredientInfoRecipe]
[24May2026 18:05:49.399] [Render thread/DEBUG] [mezz.jei.library.recipes.RecipeManagerInternal/]: Adding recipes: RecipeType[uid=jei:information, recipeClass=interface mezz.jei.api.recipe.vanilla.IJeiIngredientInfoRecipe]
[24May2026 18:05:49.400] [Render thread/DEBUG] [mezz.jei.library.recipes.RecipeManagerInternal/]: Adding recipes: RecipeType[uid=jei:information, recipeClass=interface mezz.jei.api.recipe.vanilla.IJeiIngredientInfoRecipe]
[24May2026 18:05:49.400] [Render thread/DEBUG] [mezz.jei.library.recipes.RecipeManagerInternal/]: Adding recipes: RecipeType[uid=jei:information, recipeClass=interface mezz.jei.api.recipe.vanilla.IJeiIngredientInfoRecipe]
[24May2026 18:05:49.400] [Render thread/DEBUG] [mezz.jei.library.recipes.RecipeManagerInternal/]: Adding recipes: RecipeType[uid=jei:information, recipeClass=interface mezz.jei.api.recipe.vanilla.IJeiIngredientInfoRecipe]
[24May2026 18:05:49.400] [Render thread/DEBUG] [mezz.jei.library.recipes.RecipeManagerInternal/]: Adding recipes: RecipeType[uid=jei:information, recipeClass=interface mezz.jei.api.recipe.vanilla.IJeiIngredientInfoRecipe]
[24May2026 18:05:49.400] [Render thread/DEBUG] [mezz.jei.library.recipes.RecipeManagerInternal/]: Adding recipes: RecipeType[uid=jei:information, recipeClass=interface mezz.jei.api.recipe.vanilla.IJeiIngredientInfoRecipe]
[24May2026 18:05:49.401] [Render thread/DEBUG] [mezz.jei.library.recipes.RecipeManagerInternal/]: Adding recipes: RecipeType[uid=jei:information, recipeClass=interface mezz.jei.api.recipe.vanilla.IJeiIngredientInfoRecipe]
[24May2026 18:05:49.401] [Render thread/DEBUG] [mezz.jei.library.recipes.RecipeManagerInternal/]: Adding recipes: RecipeType[uid=jei:information, recipeClass=interface mezz.jei.api.recipe.vanilla.IJeiIngredientInfoRecipe]
[24May2026 18:05:49.401] [Render thread/DEBUG] [mezz.jei.library.recipes.RecipeManagerInternal/]: Adding recipes: RecipeType[uid=jei:information, recipeClass=interface mezz.jei.api.recipe.vanilla.IJeiIngredientInfoRecipe]
[24May2026 18:05:49.401] [Render thread/DEBUG] [mezz.jei.library.recipes.RecipeManagerInternal/]: Adding recipes: RecipeType[uid=jei:information, recipeClass=interface mezz.jei.api.recipe.vanilla.IJeiIngredientInfoRecipe]
[24May2026 18:05:49.401] [Render thread/DEBUG] [mezz.jei.library.recipes.RecipeManagerInternal/]: Adding recipes: RecipeType[uid=jei:information, recipeClass=interface mezz.jei.api.recipe.vanilla.IJeiIngredientInfoRecipe]
[24May2026 18:05:49.401] [Render thread/DEBUG] [mezz.jei.library.recipes.RecipeManagerInternal/]: Adding recipes: RecipeType[uid=jei:information, recipeClass=interface mezz.jei.api.recipe.vanilla.IJeiIngredientInfoRecipe]
[24May2026 18:05:49.402] [Render thread/DEBUG] [mezz.jei.library.recipes.RecipeManagerInternal/]: Adding recipes: RecipeType[uid=jei:information, recipeClass=interface mezz.jei.api.recipe.vanilla.IJeiIngredientInfoRecipe]
[24May2026 18:05:49.402] [Render thread/DEBUG] [mezz.jei.library.recipes.RecipeManagerInternal/]: Adding recipes: RecipeType[uid=jei:information, recipeClass=interface mezz.jei.api.recipe.vanilla.IJeiIngredientInfoRecipe]
[24May2026 18:05:49.402] [Render thread/DEBUG] [mezz.jei.library.recipes.RecipeManagerInternal/]: Adding recipes: RecipeType[uid=jei:information, recipeClass=interface mezz.jei.api.recipe.vanilla.IJeiIngredientInfoRecipe]
[24May2026 18:05:49.402] [Render thread/DEBUG] [mezz.jei.library.recipes.RecipeManagerInternal/]: Adding recipes: RecipeType[uid=jei:information, recipeClass=interface mezz.jei.api.recipe.vanilla.IJeiIngredientInfoRecipe]
[24May2026 18:05:49.402] [Render thread/DEBUG] [mezz.jei.library.recipes.RecipeManagerInternal/]: Adding recipes: RecipeType[uid=jei:information, recipeClass=interface mezz.jei.api.recipe.vanilla.IJeiIngredientInfoRecipe]
[24May2026 18:05:49.403] [Render thread/DEBUG] [mezz.jei.library.recipes.RecipeManagerInternal/]: Adding recipes: RecipeType[uid=jei:information, recipeClass=interface mezz.jei.api.recipe.vanilla.IJeiIngredientInfoRecipe]
[24May2026 18:05:49.403] [Render thread/DEBUG] [mezz.jei.library.recipes.RecipeManagerInternal/]: Adding recipes: RecipeType[uid=jei:information, recipeClass=interface mezz.jei.api.recipe.vanilla.IJeiIngredientInfoRecipe]
[24May2026 18:05:49.403] [Render thread/DEBUG] [mezz.jei.library.recipes.RecipeManagerInternal/]: Adding recipes: RecipeType[uid=jei:information, recipeClass=interface mezz.jei.api.recipe.vanilla.IJeiIngredientInfoRecipe]
[24May2026 18:05:49.403] [Render thread/DEBUG] [mezz.jei.library.recipes.RecipeManagerInternal/]: Adding recipes: RecipeType[uid=jei:information, recipeClass=interface mezz.jei.api.recipe.vanilla.IJeiIngredientInfoRecipe]
[24May2026 18:05:49.403] [Render thread/DEBUG] [mezz.jei.library.recipes.RecipeManagerInternal/]: Adding recipes: RecipeType[uid=jei:information, recipeClass=interface mezz.jei.api.recipe.vanilla.IJeiIngredientInfoRecipe]
[24May2026 18:05:49.404] [Render thread/DEBUG] [mezz.jei.library.recipes.RecipeManagerInternal/]: Adding recipes: RecipeType[uid=jei:information, recipeClass=interface mezz.jei.api.recipe.vanilla.IJeiIngredientInfoRecipe]
[24May2026 18:05:49.404] [Render thread/DEBUG] [mezz.jei.library.recipes.RecipeManagerInternal/]: Adding recipes: RecipeType[uid=jei:information, recipeClass=interface mezz.jei.api.recipe.vanilla.IJeiIngredientInfoRecipe]
[24May2026 18:05:49.404] [Render thread/DEBUG] [mezz.jei.library.recipes.RecipeManagerInternal/]: Adding recipes: RecipeType[uid=jei:information, recipeClass=interface mezz.jei.api.recipe.vanilla.IJeiIngredientInfoRecipe]
[24May2026 18:05:49.404] [Render thread/DEBUG] [mezz.jei.library.recipes.RecipeManagerInternal/]: Adding recipes: RecipeType[uid=jei:information, recipeClass=interface mezz.jei.api.recipe.vanilla.IJeiIngredientInfoRecipe]
[24May2026 18:05:49.404] [Render thread/DEBUG] [mezz.jei.library.recipes.RecipeManagerInternal/]: Adding recipes: RecipeType[uid=jei:information, recipeClass=interface mezz.jei.api.recipe.vanilla.IJeiIngredientInfoRecipe]
[24May2026 18:05:49.405] [Render thread/DEBUG] [mezz.jei.library.recipes.RecipeManagerInternal/]: Adding recipes: RecipeType[uid=jei:information, recipeClass=interface mezz.jei.api.recipe.vanilla.IJeiIngredientInfoRecipe]
[24May2026 18:05:49.405] [Render thread/DEBUG] [mezz.jei.library.recipes.RecipeManagerInternal/]: Adding recipes: RecipeType[uid=jei:information, recipeClass=interface mezz.jei.api.recipe.vanilla.IJeiIngredientInfoRecipe]
[24May2026 18:05:49.405] [Render thread/DEBUG] [mezz.jei.library.recipes.RecipeManagerInternal/]: Adding recipes: RecipeType[uid=jei:information, recipeClass=interface mezz.jei.api.recipe.vanilla.IJeiIngredientInfoRecipe]
[24May2026 18:05:49.405] [Render thread/DEBUG] [mezz.jei.library.recipes.RecipeManagerInternal/]: Adding recipes: RecipeType[uid=jei:information, recipeClass=interface mezz.jei.api.recipe.vanilla.IJeiIngredientInfoRecipe]
[24May2026 18:05:49.405] [Render thread/DEBUG] [mezz.jei.library.recipes.RecipeManagerInternal/]: Adding recipes: RecipeType[uid=jei:information, recipeClass=interface mezz.jei.api.recipe.vanilla.IJeiIngredientInfoRecipe]
[24May2026 18:05:49.405] [Render thread/DEBUG] [mezz.jei.library.recipes.RecipeManagerInternal/]: Adding recipes: RecipeType[uid=jei:information, recipeClass=interface mezz.jei.api.recipe.vanilla.IJeiIngredientInfoRecipe]
[24May2026 18:05:49.406] [Render thread/DEBUG] [mezz.jei.library.recipes.RecipeManagerInternal/]: Adding recipes: RecipeType[uid=jei:information, recipeClass=interface mezz.jei.api.recipe.vanilla.IJeiIngredientInfoRecipe]
[24May2026 18:05:49.406] [Render thread/DEBUG] [mezz.jei.library.recipes.RecipeManagerInternal/]: Adding recipes: RecipeType[uid=jei:information, recipeClass=interface mezz.jei.api.recipe.vanilla.IJeiIngredientInfoRecipe]
[24May2026 18:05:49.406] [Render thread/DEBUG] [mezz.jei.library.recipes.RecipeManagerInternal/]: Adding recipes: RecipeType[uid=jei:information, recipeClass=interface mezz.jei.api.recipe.vanilla.IJeiIngredientInfoRecipe]
[24May2026 18:05:49.406] [Render thread/DEBUG] [mezz.jei.library.recipes.RecipeManagerInternal/]: Adding recipes: RecipeType[uid=jei:information, recipeClass=interface mezz.jei.api.recipe.vanilla.IJeiIngredientInfoRecipe]
[24May2026 18:05:49.406] [Render thread/DEBUG] [mezz.jei.library.recipes.RecipeManagerInternal/]: Adding recipes: RecipeType[uid=jei:information, recipeClass=interface mezz.jei.api.recipe.vanilla.IJeiIngredientInfoRecipe]
[24May2026 18:05:49.407] [Render thread/DEBUG] [mezz.jei.library.recipes.RecipeManagerInternal/]: Adding recipes: RecipeType[uid=jei:information, recipeClass=interface mezz.jei.api.recipe.vanilla.IJeiIngredientInfoRecipe]
[24May2026 18:05:49.407] [Render thread/DEBUG] [mezz.jei.library.recipes.RecipeManagerInternal/]: Adding recipes: RecipeType[uid=jei:information, recipeClass=interface mezz.jei.api.recipe.vanilla.IJeiIngredientInfoRecipe]
[24May2026 18:05:49.407] [Render thread/DEBUG] [mezz.jei.library.recipes.RecipeManagerInternal/]: Adding recipes: RecipeType[uid=jei:information, recipeClass=interface mezz.jei.api.recipe.vanilla.IJeiIngredientInfoRecipe]
[24May2026 18:05:49.407] [Render thread/DEBUG] [mezz.jei.library.recipes.RecipeManagerInternal/]: Adding recipes: RecipeType[uid=jei:information, recipeClass=interface mezz.jei.api.recipe.vanilla.IJeiIngredientInfoRecipe]
[24May2026 18:05:49.408] [Render thread/DEBUG] [mezz.jei.library.recipes.RecipeManagerInternal/]: Adding recipes: RecipeType[uid=jei:information, recipeClass=interface mezz.jei.api.recipe.vanilla.IJeiIngredientInfoRecipe]
[24May2026 18:05:49.408] [Render thread/DEBUG] [mezz.jei.library.recipes.RecipeManagerInternal/]: Adding recipes: RecipeType[uid=jei:information, recipeClass=interface mezz.jei.api.recipe.vanilla.IJeiIngredientInfoRecipe]
[24May2026 18:05:49.408] [Render thread/DEBUG] [mezz.jei.library.recipes.RecipeManagerInternal/]: Adding recipes: RecipeType[uid=jei:information, recipeClass=interface mezz.jei.api.recipe.vanilla.IJeiIngredientInfoRecipe]
[24May2026 18:05:49.409] [Render thread/DEBUG] [mezz.jei.library.recipes.RecipeManagerInternal/]: Adding recipes: RecipeType[uid=jei:information, recipeClass=interface mezz.jei.api.recipe.vanilla.IJeiIngredientInfoRecipe]
[24May2026 18:05:49.409] [Render thread/DEBUG] [mezz.jei.library.recipes.RecipeManagerInternal/]: Adding recipes: RecipeType[uid=jei:information, recipeClass=interface mezz.jei.api.recipe.vanilla.IJeiIngredientInfoRecipe]
[24May2026 18:05:49.409] [Render thread/DEBUG] [mezz.jei.library.recipes.RecipeManagerInternal/]: Adding recipes: RecipeType[uid=jei:information, recipeClass=interface mezz.jei.api.recipe.vanilla.IJeiIngredientInfoRecipe]
[24May2026 18:05:49.409] [Render thread/DEBUG] [mezz.jei.library.recipes.RecipeManagerInternal/]: Adding recipes: RecipeType[uid=jei:information, recipeClass=interface mezz.jei.api.recipe.vanilla.IJeiIngredientInfoRecipe]
[24May2026 18:05:49.409] [Render thread/DEBUG] [mezz.jei.library.recipes.RecipeManagerInternal/]: Adding recipes: RecipeType[uid=jei:information, recipeClass=interface mezz.jei.api.recipe.vanilla.IJeiIngredientInfoRecipe]
[24May2026 18:05:49.409] [Render thread/DEBUG] [mezz.jei.library.recipes.RecipeManagerInternal/]: Adding recipes: RecipeType[uid=jei:information, recipeClass=interface mezz.jei.api.recipe.vanilla.IJeiIngredientInfoRecipe]
[24May2026 18:05:49.410] [Render thread/DEBUG] [mezz.jei.library.recipes.RecipeManagerInternal/]: Adding recipes: RecipeType[uid=jei:information, recipeClass=interface mezz.jei.api.recipe.vanilla.IJeiIngredientInfoRecipe]
[24May2026 18:05:49.410] [Render thread/DEBUG] [mezz.jei.library.recipes.RecipeManagerInternal/]: Adding recipes: RecipeType[uid=jei:information, recipeClass=interface mezz.jei.api.recipe.vanilla.IJeiIngredientInfoRecipe]
[24May2026 18:05:49.410] [Render thread/DEBUG] [mezz.jei.library.recipes.RecipeManagerInternal/]: Adding recipes: RecipeType[uid=jei:information, recipeClass=interface mezz.jei.api.recipe.vanilla.IJeiIngredientInfoRecipe]
[24May2026 18:05:49.410] [Render thread/DEBUG] [mezz.jei.library.recipes.RecipeManagerInternal/]: Adding recipes: RecipeType[uid=jei:information, recipeClass=interface mezz.jei.api.recipe.vanilla.IJeiIngredientInfoRecipe]
[24May2026 18:05:49.410] [Render thread/DEBUG] [mezz.jei.library.recipes.RecipeManagerInternal/]: Adding recipes: RecipeType[uid=jei:information, recipeClass=interface mezz.jei.api.recipe.vanilla.IJeiIngredientInfoRecipe]
[24May2026 18:05:49.410] [Render thread/DEBUG] [mezz.jei.library.recipes.RecipeManagerInternal/]: Adding recipes: RecipeType[uid=jei:information, recipeClass=interface mezz.jei.api.recipe.vanilla.IJeiIngredientInfoRecipe]
[24May2026 18:05:49.411] [Render thread/DEBUG] [mezz.jei.library.recipes.RecipeManagerInternal/]: Adding recipes: RecipeType[uid=jei:information, recipeClass=interface mezz.jei.api.recipe.vanilla.IJeiIngredientInfoRecipe]
[24May2026 18:05:49.411] [Render thread/DEBUG] [mezz.jei.library.recipes.RecipeManagerInternal/]: Adding recipes: RecipeType[uid=jei:information, recipeClass=interface mezz.jei.api.recipe.vanilla.IJeiIngredientInfoRecipe]
[24May2026 18:05:49.411] [Render thread/DEBUG] [mezz.jei.library.recipes.RecipeManagerInternal/]: Adding recipes: RecipeType[uid=jei:information, recipeClass=interface mezz.jei.api.recipe.vanilla.IJeiIngredientInfoRecipe]
[24May2026 18:05:49.411] [Render thread/DEBUG] [mezz.jei.library.recipes.RecipeManagerInternal/]: Adding recipes: RecipeType[uid=jei:information, recipeClass=interface mezz.jei.api.recipe.vanilla.IJeiIngredientInfoRecipe]
[24May2026 18:05:49.411] [Render thread/DEBUG] [mezz.jei.library.recipes.RecipeManagerInternal/]: Adding recipes: RecipeType[uid=jei:information, recipeClass=interface mezz.jei.api.recipe.vanilla.IJeiIngredientInfoRecipe]
[24May2026 18:05:49.412] [Render thread/DEBUG] [mezz.jei.library.recipes.RecipeManagerInternal/]: Adding recipes: RecipeType[uid=jei:information, recipeClass=interface mezz.jei.api.recipe.vanilla.IJeiIngredientInfoRecipe]
[24May2026 18:05:49.412] [Render thread/DEBUG] [mezz.jei.library.recipes.RecipeManagerInternal/]: Adding recipes: RecipeType[uid=jei:information, recipeClass=interface mezz.jei.api.recipe.vanilla.IJeiIngredientInfoRecipe]
[24May2026 18:05:49.412] [Render thread/DEBUG] [mezz.jei.library.recipes.RecipeManagerInternal/]: Adding recipes: RecipeType[uid=jei:information, recipeClass=interface mezz.jei.api.recipe.vanilla.IJeiIngredientInfoRecipe]
[24May2026 18:05:49.412] [Render thread/DEBUG] [mezz.jei.library.recipes.RecipeManagerInternal/]: Adding recipes: RecipeType[uid=jei:information, recipeClass=interface mezz.jei.api.recipe.vanilla.IJeiIngredientInfoRecipe]
[24May2026 18:05:49.413] [Render thread/DEBUG] [mezz.jei.library.recipes.RecipeManagerInternal/]: Adding recipes: RecipeType[uid=jei:information, recipeClass=interface mezz.jei.api.recipe.vanilla.IJeiIngredientInfoRecipe]
[24May2026 18:05:49.413] [Render thread/DEBUG] [mezz.jei.library.recipes.RecipeManagerInternal/]: Adding recipes: RecipeType[uid=jei:information, recipeClass=interface mezz.jei.api.recipe.vanilla.IJeiIngredientInfoRecipe]
[24May2026 18:05:49.413] [Render thread/DEBUG] [mezz.jei.library.recipes.RecipeManagerInternal/]: Adding recipes: RecipeType[uid=jei:information, recipeClass=interface mezz.jei.api.recipe.vanilla.IJeiIngredientInfoRecipe]
[24May2026 18:05:49.413] [Render thread/DEBUG] [mezz.jei.library.recipes.RecipeManagerInternal/]: Adding recipes: RecipeType[uid=jei:information, recipeClass=interface mezz.jei.api.recipe.vanilla.IJeiIngredientInfoRecipe]
[24May2026 18:05:49.413] [Render thread/DEBUG] [mezz.jei.library.recipes.RecipeManagerInternal/]: Adding recipes: RecipeType[uid=jei:information, recipeClass=interface mezz.jei.api.recipe.vanilla.IJeiIngredientInfoRecipe]
[24May2026 18:05:49.413] [Render thread/DEBUG] [mezz.jei.library.recipes.RecipeManagerInternal/]: Adding recipes: RecipeType[uid=jei:information, recipeClass=interface mezz.jei.api.recipe.vanilla.IJeiIngredientInfoRecipe]
[24May2026 18:05:49.414] [Render thread/DEBUG] [mezz.jei.library.recipes.RecipeManagerInternal/]: Adding recipes: RecipeType[uid=jei:information, recipeClass=interface mezz.jei.api.recipe.vanilla.IJeiIngredientInfoRecipe]
[24May2026 18:05:49.414] [Render thread/DEBUG] [mezz.jei.library.recipes.RecipeManagerInternal/]: Adding recipes: RecipeType[uid=jei:information, recipeClass=interface mezz.jei.api.recipe.vanilla.IJeiIngredientInfoRecipe]
[24May2026 18:05:49.414] [Render thread/DEBUG] [mezz.jei.library.recipes.RecipeManagerInternal/]: Adding recipes: RecipeType[uid=jei:information, recipeClass=interface mezz.jei.api.recipe.vanilla.IJeiIngredientInfoRecipe]
[24May2026 18:05:49.414] [Render thread/DEBUG] [mezz.jei.library.recipes.RecipeManagerInternal/]: Adding recipes: RecipeType[uid=jei:information, recipeClass=interface mezz.jei.api.recipe.vanilla.IJeiIngredientInfoRecipe]
[24May2026 18:05:49.415] [Render thread/DEBUG] [mezz.jei.library.recipes.RecipeManagerInternal/]: Adding recipes: RecipeType[uid=jei:information, recipeClass=interface mezz.jei.api.recipe.vanilla.IJeiIngredientInfoRecipe]
[24May2026 18:05:49.415] [Render thread/DEBUG] [mezz.jei.library.recipes.RecipeManagerInternal/]: Adding recipes: RecipeType[uid=jei:information, recipeClass=interface mezz.jei.api.recipe.vanilla.IJeiIngredientInfoRecipe]
[24May2026 18:05:49.415] [Render thread/DEBUG] [mezz.jei.library.recipes.RecipeManagerInternal/]: Adding recipes: RecipeType[uid=jei:information, recipeClass=interface mezz.jei.api.recipe.vanilla.IJeiIngredientInfoRecipe]
[24May2026 18:05:49.416] [Render thread/DEBUG] [mezz.jei.library.recipes.RecipeManagerInternal/]: Adding recipes: RecipeType[uid=jei:information, recipeClass=interface mezz.jei.api.recipe.vanilla.IJeiIngredientInfoRecipe]
[24May2026 18:05:49.416] [Render thread/DEBUG] [mezz.jei.library.recipes.RecipeManagerInternal/]: Adding recipes: RecipeType[uid=jei:information, recipeClass=interface mezz.jei.api.recipe.vanilla.IJeiIngredientInfoRecipe]
[24May2026 18:05:49.416] [Render thread/DEBUG] [mezz.jei.library.recipes.RecipeManagerInternal/]: Adding recipes: RecipeType[uid=jei:information, recipeClass=interface mezz.jei.api.recipe.vanilla.IJeiIngredientInfoRecipe]
[24May2026 18:05:49.416] [Render thread/DEBUG] [mezz.jei.library.recipes.RecipeManagerInternal/]: Adding recipes: RecipeType[uid=jei:information, recipeClass=interface mezz.jei.api.recipe.vanilla.IJeiIngredientInfoRecipe]
[24May2026 18:05:49.416] [Render thread/DEBUG] [mezz.jei.library.recipes.RecipeManagerInternal/]: Adding recipes: RecipeType[uid=jei:information, recipeClass=interface mezz.jei.api.recipe.vanilla.IJeiIngredientInfoRecipe]
[24May2026 18:05:49.417] [Render thread/DEBUG] [mezz.jei.library.recipes.RecipeManagerInternal/]: Adding recipes: RecipeType[uid=jei:information, recipeClass=interface mezz.jei.api.recipe.vanilla.IJeiIngredientInfoRecipe]
[24May2026 18:05:49.417] [Render thread/DEBUG] [mezz.jei.library.recipes.RecipeManagerInternal/]: Adding recipes: RecipeType[uid=jei:information, recipeClass=interface mezz.jei.api.recipe.vanilla.IJeiIngredientInfoRecipe]
[24May2026 18:05:49.417] [Render thread/DEBUG] [mezz.jei.library.recipes.RecipeManagerInternal/]: Adding recipes: RecipeType[uid=jei:information, recipeClass=interface mezz.jei.api.recipe.vanilla.IJeiIngredientInfoRecipe]
[24May2026 18:05:49.417] [Render thread/DEBUG] [mezz.jei.library.recipes.RecipeManagerInternal/]: Adding recipes: RecipeType[uid=jei:information, recipeClass=interface mezz.jei.api.recipe.vanilla.IJeiIngredientInfoRecipe]
[24May2026 18:05:49.417] [Render thread/DEBUG] [mezz.jei.library.recipes.RecipeManagerInternal/]: Adding recipes: RecipeType[uid=jei:information, recipeClass=interface mezz.jei.api.recipe.vanilla.IJeiIngredientInfoRecipe]
[24May2026 18:05:49.417] [Render thread/DEBUG] [mezz.jei.library.recipes.RecipeManagerInternal/]: Adding recipes: RecipeType[uid=jei:information, recipeClass=interface mezz.jei.api.recipe.vanilla.IJeiIngredientInfoRecipe]
[24May2026 18:05:49.417] [Render thread/DEBUG] [mezz.jei.library.recipes.RecipeManagerInternal/]: Adding recipes: RecipeType[uid=jei:information, recipeClass=interface mezz.jei.api.recipe.vanilla.IJeiIngredientInfoRecipe]
[24May2026 18:05:49.417] [Render thread/DEBUG] [mezz.jei.library.recipes.RecipeManagerInternal/]: Adding recipes: RecipeType[uid=jei:information, recipeClass=interface mezz.jei.api.recipe.vanilla.IJeiIngredientInfoRecipe]
[24May2026 18:05:49.417] [Render thread/DEBUG] [mezz.jei.library.recipes.RecipeManagerInternal/]: Adding recipes: RecipeType[uid=jei:information, recipeClass=interface mezz.jei.api.recipe.vanilla.IJeiIngredientInfoRecipe]
[24May2026 18:05:49.418] [Render thread/DEBUG] [mezz.jei.library.recipes.RecipeManagerInternal/]: Adding recipes: RecipeType[uid=jei:information, recipeClass=interface mezz.jei.api.recipe.vanilla.IJeiIngredientInfoRecipe]
[24May2026 18:05:49.418] [Render thread/DEBUG] [mezz.jei.library.recipes.RecipeManagerInternal/]: Adding recipes: RecipeType[uid=jei:information, recipeClass=interface mezz.jei.api.recipe.vanilla.IJeiIngredientInfoRecipe]
[24May2026 18:05:49.418] [Render thread/DEBUG] [mezz.jei.library.recipes.RecipeManagerInternal/]: Adding recipes: RecipeType[uid=jei:information, recipeClass=interface mezz.jei.api.recipe.vanilla.IJeiIngredientInfoRecipe]
[24May2026 18:05:49.418] [Render thread/DEBUG] [mezz.jei.library.recipes.RecipeManagerInternal/]: Adding recipes: RecipeType[uid=jei:information, recipeClass=interface mezz.jei.api.recipe.vanilla.IJeiIngredientInfoRecipe]
[24May2026 18:05:49.418] [Render thread/DEBUG] [mezz.jei.library.recipes.RecipeManagerInternal/]: Adding recipes: RecipeType[uid=jei:information, recipeClass=interface mezz.jei.api.recipe.vanilla.IJeiIngredientInfoRecipe]
[24May2026 18:05:49.418] [Render thread/DEBUG] [mezz.jei.library.recipes.RecipeManagerInternal/]: Adding recipes: RecipeType[uid=jei:information, recipeClass=interface mezz.jei.api.recipe.vanilla.IJeiIngredientInfoRecipe]
[24May2026 18:05:49.419] [Render thread/DEBUG] [mezz.jei.library.recipes.RecipeManagerInternal/]: Adding recipes: RecipeType[uid=jei:information, recipeClass=interface mezz.jei.api.recipe.vanilla.IJeiIngredientInfoRecipe]
[24May2026 18:05:49.419] [Render thread/DEBUG] [mezz.jei.library.recipes.RecipeManagerInternal/]: Adding recipes: RecipeType[uid=jei:information, recipeClass=interface mezz.jei.api.recipe.vanilla.IJeiIngredientInfoRecipe]
[24May2026 18:05:49.419] [Render thread/DEBUG] [mezz.jei.library.recipes.RecipeManagerInternal/]: Adding recipes: RecipeType[uid=jei:information, recipeClass=interface mezz.jei.api.recipe.vanilla.IJeiIngredientInfoRecipe]
[24May2026 18:05:49.419] [Render thread/DEBUG] [mezz.jei.library.recipes.RecipeManagerInternal/]: Adding recipes: RecipeType[uid=jei:information, recipeClass=interface mezz.jei.api.recipe.vanilla.IJeiIngredientInfoRecipe]
[24May2026 18:05:49.419] [Render thread/DEBUG] [mezz.jei.library.recipes.RecipeManagerInternal/]: Adding recipes: RecipeType[uid=jei:information, recipeClass=interface mezz.jei.api.recipe.vanilla.IJeiIngredientInfoRecipe]
[24May2026 18:05:49.420] [Render thread/DEBUG] [mezz.jei.library.recipes.RecipeManagerInternal/]: Adding recipes: RecipeType[uid=jei:information, recipeClass=interface mezz.jei.api.recipe.vanilla.IJeiIngredientInfoRecipe]
[24May2026 18:05:49.420] [Render thread/DEBUG] [mezz.jei.library.recipes.RecipeManagerInternal/]: Adding recipes: RecipeType[uid=jei:information, recipeClass=interface mezz.jei.api.recipe.vanilla.IJeiIngredientInfoRecipe]
[24May2026 18:05:49.420] [Render thread/DEBUG] [mezz.jei.library.recipes.RecipeManagerInternal/]: Adding recipes: RecipeType[uid=jei:information, recipeClass=interface mezz.jei.api.recipe.vanilla.IJeiIngredientInfoRecipe]
[24May2026 18:05:49.420] [Render thread/DEBUG] [mezz.jei.library.recipes.RecipeManagerInternal/]: Adding recipes: RecipeType[uid=jei:information, recipeClass=interface mezz.jei.api.recipe.vanilla.IJeiIngredientInfoRecipe]
[24May2026 18:05:49.420] [Render thread/DEBUG] [mezz.jei.library.recipes.RecipeManagerInternal/]: Adding recipes: RecipeType[uid=jei:information, recipeClass=interface mezz.jei.api.recipe.vanilla.IJeiIngredientInfoRecipe]
[24May2026 18:05:49.421] [Render thread/DEBUG] [mezz.jei.library.recipes.RecipeManagerInternal/]: Adding recipes: RecipeType[uid=jei:information, recipeClass=interface mezz.jei.api.recipe.vanilla.IJeiIngredientInfoRecipe]
[24May2026 18:05:49.421] [Render thread/DEBUG] [mezz.jei.library.recipes.RecipeManagerInternal/]: Adding recipes: RecipeType[uid=jei:information, recipeClass=interface mezz.jei.api.recipe.vanilla.IJeiIngredientInfoRecipe]
[24May2026 18:05:49.421] [Render thread/DEBUG] [mezz.jei.library.recipes.RecipeManagerInternal/]: Adding recipes: RecipeType[uid=jei:information, recipeClass=interface mezz.jei.api.recipe.vanilla.IJeiIngredientInfoRecipe]
[24May2026 18:05:49.421] [Render thread/DEBUG] [mezz.jei.library.recipes.RecipeManagerInternal/]: Adding recipes: RecipeType[uid=jei:information, recipeClass=interface mezz.jei.api.recipe.vanilla.IJeiIngredientInfoRecipe]
[24May2026 18:05:49.421] [Render thread/DEBUG] [mezz.jei.library.recipes.RecipeManagerInternal/]: Adding recipes: RecipeType[uid=jei:information, recipeClass=interface mezz.jei.api.recipe.vanilla.IJeiIngredientInfoRecipe]
[24May2026 18:05:49.422] [Render thread/DEBUG] [mezz.jei.library.recipes.RecipeManagerInternal/]: Adding recipes: RecipeType[uid=jei:information, recipeClass=interface mezz.jei.api.recipe.vanilla.IJeiIngredientInfoRecipe]
[24May2026 18:05:49.422] [Render thread/DEBUG] [mezz.jei.library.recipes.RecipeManagerInternal/]: Adding recipes: RecipeType[uid=jei:information, recipeClass=interface mezz.jei.api.recipe.vanilla.IJeiIngredientInfoRecipe]
[24May2026 18:05:49.422] [Render thread/DEBUG] [mezz.jei.library.recipes.RecipeManagerInternal/]: Adding recipes: RecipeType[uid=jei:information, recipeClass=interface mezz.jei.api.recipe.vanilla.IJeiIngredientInfoRecipe]
[24May2026 18:05:49.422] [Render thread/DEBUG] [mezz.jei.library.recipes.RecipeManagerInternal/]: Adding recipes: RecipeType[uid=jei:information, recipeClass=interface mezz.jei.api.recipe.vanilla.IJeiIngredientInfoRecipe]
[24May2026 18:05:49.423] [Render thread/DEBUG] [mezz.jei.library.recipes.RecipeManagerInternal/]: Adding recipes: RecipeType[uid=jei:information, recipeClass=interface mezz.jei.api.recipe.vanilla.IJeiIngredientInfoRecipe]
[24May2026 18:05:49.423] [Render thread/DEBUG] [mezz.jei.library.recipes.RecipeManagerInternal/]: Adding recipes: RecipeType[uid=jei:information, recipeClass=interface mezz.jei.api.recipe.vanilla.IJeiIngredientInfoRecipe]
[24May2026 18:05:49.423] [Render thread/DEBUG] [mezz.jei.library.recipes.RecipeManagerInternal/]: Adding recipes: RecipeType[uid=jei:information, recipeClass=interface mezz.jei.api.recipe.vanilla.IJeiIngredientInfoRecipe]
[24May2026 18:05:49.423] [Render thread/DEBUG] [mezz.jei.library.recipes.RecipeManagerInternal/]: Adding recipes: RecipeType[uid=jei:information, recipeClass=interface mezz.jei.api.recipe.vanilla.IJeiIngredientInfoRecipe]
[24May2026 18:05:49.423] [Render thread/DEBUG] [mezz.jei.library.recipes.RecipeManagerInternal/]: Adding recipes: RecipeType[uid=jei:information, recipeClass=interface mezz.jei.api.recipe.vanilla.IJeiIngredientInfoRecipe]
[24May2026 18:05:49.424] [Render thread/DEBUG] [mezz.jei.library.recipes.RecipeManagerInternal/]: Adding recipes: RecipeType[uid=jei:information, recipeClass=interface mezz.jei.api.recipe.vanilla.IJeiIngredientInfoRecipe]
[24May2026 18:05:49.424] [Render thread/DEBUG] [mezz.jei.library.recipes.RecipeManagerInternal/]: Adding recipes: RecipeType[uid=jei:information, recipeClass=interface mezz.jei.api.recipe.vanilla.IJeiIngredientInfoRecipe]
[24May2026 18:05:49.424] [Render thread/DEBUG] [mezz.jei.library.recipes.RecipeManagerInternal/]: Adding recipes: RecipeType[uid=jei:information, recipeClass=interface mezz.jei.api.recipe.vanilla.IJeiIngredientInfoRecipe]
[24May2026 18:05:49.424] [Render thread/DEBUG] [mezz.jei.library.recipes.RecipeManagerInternal/]: Adding recipes: RecipeType[uid=jei:information, recipeClass=interface mezz.jei.api.recipe.vanilla.IJeiIngredientInfoRecipe]
[24May2026 18:05:49.424] [Render thread/DEBUG] [mezz.jei.library.recipes.RecipeManagerInternal/]: Adding recipes: RecipeType[uid=jei:information, recipeClass=interface mezz.jei.api.recipe.vanilla.IJeiIngredientInfoRecipe]
[24May2026 18:05:49.425] [Render thread/DEBUG] [mezz.jei.library.recipes.RecipeManagerInternal/]: Adding recipes: RecipeType[uid=jei:information, recipeClass=interface mezz.jei.api.recipe.vanilla.IJeiIngredientInfoRecipe]
[24May2026 18:05:49.425] [Render thread/DEBUG] [mezz.jei.library.recipes.RecipeManagerInternal/]: Adding recipes: RecipeType[uid=jei:information, recipeClass=interface mezz.jei.api.recipe.vanilla.IJeiIngredientInfoRecipe]
[24May2026 18:05:49.425] [Render thread/DEBUG] [mezz.jei.library.recipes.RecipeManagerInternal/]: Adding recipes: RecipeType[uid=jei:information, recipeClass=interface mezz.jei.api.recipe.vanilla.IJeiIngredientInfoRecipe]
[24May2026 18:05:49.425] [Render thread/DEBUG] [mezz.jei.library.recipes.RecipeManagerInternal/]: Adding recipes: RecipeType[uid=jei:information, recipeClass=interface mezz.jei.api.recipe.vanilla.IJeiIngredientInfoRecipe]
[24May2026 18:05:49.425] [Render thread/DEBUG] [mezz.jei.library.recipes.RecipeManagerInternal/]: Adding recipes: RecipeType[uid=jei:information, recipeClass=interface mezz.jei.api.recipe.vanilla.IJeiIngredientInfoRecipe]
[24May2026 18:05:49.426] [Render thread/DEBUG] [mezz.jei.library.recipes.RecipeManagerInternal/]: Adding recipes: RecipeType[uid=jei:information, recipeClass=interface mezz.jei.api.recipe.vanilla.IJeiIngredientInfoRecipe]
[24May2026 18:05:49.426] [Render thread/DEBUG] [mezz.jei.library.recipes.RecipeManagerInternal/]: Adding recipes: RecipeType[uid=jei:information, recipeClass=interface mezz.jei.api.recipe.vanilla.IJeiIngredientInfoRecipe]
[24May2026 18:05:49.426] [Render thread/DEBUG] [mezz.jei.library.recipes.RecipeManagerInternal/]: Adding recipes: RecipeType[uid=jei:information, recipeClass=interface mezz.jei.api.recipe.vanilla.IJeiIngredientInfoRecipe]
[24May2026 18:05:49.426] [Render thread/DEBUG] [mezz.jei.library.recipes.RecipeManagerInternal/]: Adding recipes: RecipeType[uid=jei:information, recipeClass=interface mezz.jei.api.recipe.vanilla.IJeiIngredientInfoRecipe]
[24May2026 18:05:49.426] [Render thread/DEBUG] [mezz.jei.library.recipes.RecipeManagerInternal/]: Adding recipes: RecipeType[uid=jei:information, recipeClass=interface mezz.jei.api.recipe.vanilla.IJeiIngredientInfoRecipe]
[24May2026 18:05:49.427] [Render thread/DEBUG] [mezz.jei.library.recipes.RecipeManagerInternal/]: Adding recipes: RecipeType[uid=jei:information, recipeClass=interface mezz.jei.api.recipe.vanilla.IJeiIngredientInfoRecipe]
[24May2026 18:05:49.427] [Render thread/DEBUG] [mezz.jei.library.recipes.RecipeManagerInternal/]: Adding recipes: RecipeType[uid=jei:information, recipeClass=interface mezz.jei.api.recipe.vanilla.IJeiIngredientInfoRecipe]
[24May2026 18:05:49.427] [Render thread/DEBUG] [mezz.jei.library.recipes.RecipeManagerInternal/]: Adding recipes: RecipeType[uid=jei:information, recipeClass=interface mezz.jei.api.recipe.vanilla.IJeiIngredientInfoRecipe]
[24May2026 18:05:49.427] [Render thread/DEBUG] [mezz.jei.library.recipes.RecipeManagerInternal/]: Adding recipes: RecipeType[uid=jei:information, recipeClass=interface mezz.jei.api.recipe.vanilla.IJeiIngredientInfoRecipe]
[24May2026 18:05:49.427] [Render thread/DEBUG] [mezz.jei.library.recipes.RecipeManagerInternal/]: Adding recipes: RecipeType[uid=jei:information, recipeClass=interface mezz.jei.api.recipe.vanilla.IJeiIngredientInfoRecipe]
[24May2026 18:05:49.427] [Render thread/DEBUG] [mezz.jei.library.recipes.RecipeManagerInternal/]: Adding recipes: RecipeType[uid=jei:information, recipeClass=interface mezz.jei.api.recipe.vanilla.IJeiIngredientInfoRecipe]
[24May2026 18:05:49.428] [Render thread/DEBUG] [mezz.jei.library.recipes.RecipeManagerInternal/]: Adding recipes: RecipeType[uid=jei:information, recipeClass=interface mezz.jei.api.recipe.vanilla.IJeiIngredientInfoRecipe]
[24May2026 18:05:49.428] [Render thread/DEBUG] [mezz.jei.library.recipes.RecipeManagerInternal/]: Adding recipes: RecipeType[uid=jei:information, recipeClass=interface mezz.jei.api.recipe.vanilla.IJeiIngredientInfoRecipe]
[24May2026 18:05:49.429] [Render thread/DEBUG] [mezz.jei.library.recipes.RecipeManagerInternal/]: Adding recipes: RecipeType[uid=jei:information, recipeClass=interface mezz.jei.api.recipe.vanilla.IJeiIngredientInfoRecipe]
[24May2026 18:05:49.429] [Render thread/DEBUG] [mezz.jei.library.recipes.RecipeManagerInternal/]: Adding recipes: RecipeType[uid=jei:information, recipeClass=interface mezz.jei.api.recipe.vanilla.IJeiIngredientInfoRecipe]
[24May2026 18:05:49.429] [Render thread/DEBUG] [mezz.jei.library.recipes.RecipeManagerInternal/]: Adding recipes: RecipeType[uid=jei:information, recipeClass=interface mezz.jei.api.recipe.vanilla.IJeiIngredientInfoRecipe]
[24May2026 18:05:49.429] [Render thread/DEBUG] [mezz.jei.library.recipes.RecipeManagerInternal/]: Adding recipes: RecipeType[uid=jei:information, recipeClass=interface mezz.jei.api.recipe.vanilla.IJeiIngredientInfoRecipe]
[24May2026 18:05:49.429] [Render thread/DEBUG] [mezz.jei.library.recipes.RecipeManagerInternal/]: Adding recipes: RecipeType[uid=jei:information, recipeClass=interface mezz.jei.api.recipe.vanilla.IJeiIngredientInfoRecipe]
[24May2026 18:05:49.430] [Render thread/DEBUG] [mezz.jei.library.recipes.RecipeManagerInternal/]: Adding recipes: RecipeType[uid=jei:information, recipeClass=interface mezz.jei.api.recipe.vanilla.IJeiIngredientInfoRecipe]
[24May2026 18:05:49.430] [Render thread/DEBUG] [mezz.jei.library.recipes.RecipeManagerInternal/]: Adding recipes: RecipeType[uid=jei:information, recipeClass=interface mezz.jei.api.recipe.vanilla.IJeiIngredientInfoRecipe]
[24May2026 18:05:49.430] [Render thread/DEBUG] [mezz.jei.library.recipes.RecipeManagerInternal/]: Adding recipes: RecipeType[uid=jei:information, recipeClass=interface mezz.jei.api.recipe.vanilla.IJeiIngredientInfoRecipe]
[24May2026 18:05:49.430] [Render thread/DEBUG] [mezz.jei.library.recipes.RecipeManagerInternal/]: Adding recipes: RecipeType[uid=jei:information, recipeClass=interface mezz.jei.api.recipe.vanilla.IJeiIngredientInfoRecipe]
[24May2026 18:05:49.430] [Render thread/DEBUG] [mezz.jei.library.recipes.RecipeManagerInternal/]: Adding recipes: RecipeType[uid=jei:information, recipeClass=interface mezz.jei.api.recipe.vanilla.IJeiIngredientInfoRecipe]
[24May2026 18:05:49.430] [Render thread/DEBUG] [mezz.jei.library.recipes.RecipeManagerInternal/]: Adding recipes: RecipeType[uid=jei:information, recipeClass=interface mezz.jei.api.recipe.vanilla.IJeiIngredientInfoRecipe]
[24May2026 18:05:49.431] [Render thread/DEBUG] [mezz.jei.library.recipes.RecipeManagerInternal/]: Adding recipes: RecipeType[uid=jei:information, recipeClass=interface mezz.jei.api.recipe.vanilla.IJeiIngredientInfoRecipe]
[24May2026 18:05:49.431] [Render thread/DEBUG] [mezz.jei.library.recipes.RecipeManagerInternal/]: Adding recipes: RecipeType[uid=jei:information, recipeClass=interface mezz.jei.api.recipe.vanilla.IJeiIngredientInfoRecipe]
[24May2026 18:05:49.431] [Render thread/DEBUG] [mezz.jei.library.recipes.RecipeManagerInternal/]: Adding recipes: RecipeType[uid=jei:information, recipeClass=interface mezz.jei.api.recipe.vanilla.IJeiIngredientInfoRecipe]
[24May2026 18:05:49.431] [Render thread/DEBUG] [mezz.jei.library.recipes.RecipeManagerInternal/]: Adding recipes: RecipeType[uid=jei:information, recipeClass=interface mezz.jei.api.recipe.vanilla.IJeiIngredientInfoRecipe]
[24May2026 18:05:49.432] [Render thread/DEBUG] [mezz.jei.library.recipes.RecipeManagerInternal/]: Adding recipes: RecipeType[uid=jei:information, recipeClass=interface mezz.jei.api.recipe.vanilla.IJeiIngredientInfoRecipe]
[24May2026 18:05:49.432] [Render thread/DEBUG] [mezz.jei.library.recipes.RecipeManagerInternal/]: Adding recipes: RecipeType[uid=jei:information, recipeClass=interface mezz.jei.api.recipe.vanilla.IJeiIngredientInfoRecipe]
[24May2026 18:05:49.432] [Render thread/DEBUG] [mezz.jei.library.recipes.RecipeManagerInternal/]: Adding recipes: RecipeType[uid=jei:information, recipeClass=interface mezz.jei.api.recipe.vanilla.IJeiIngredientInfoRecipe]
[24May2026 18:05:49.432] [Render thread/DEBUG] [mezz.jei.library.recipes.RecipeManagerInternal/]: Adding recipes: RecipeType[uid=jei:information, recipeClass=interface mezz.jei.api.recipe.vanilla.IJeiIngredientInfoRecipe]
[24May2026 18:05:49.433] [Render thread/DEBUG] [mezz.jei.library.recipes.RecipeManagerInternal/]: Adding recipes: RecipeType[uid=jei:information, recipeClass=interface mezz.jei.api.recipe.vanilla.IJeiIngredientInfoRecipe]
[24May2026 18:05:49.433] [Render thread/DEBUG] [mezz.jei.library.recipes.RecipeManagerInternal/]: Adding recipes: RecipeType[uid=jei:information, recipeClass=interface mezz.jei.api.recipe.vanilla.IJeiIngredientInfoRecipe]
[24May2026 18:05:49.433] [Render thread/DEBUG] [mezz.jei.library.recipes.RecipeManagerInternal/]: Adding recipes: RecipeType[uid=jei:information, recipeClass=interface mezz.jei.api.recipe.vanilla.IJeiIngredientInfoRecipe]
[24May2026 18:05:49.433] [Render thread/DEBUG] [mezz.jei.library.recipes.RecipeManagerInternal/]: Adding recipes: RecipeType[uid=jei:information, recipeClass=interface mezz.jei.api.recipe.vanilla.IJeiIngredientInfoRecipe]
[24May2026 18:05:49.433] [Render thread/DEBUG] [mezz.jei.library.recipes.RecipeManagerInternal/]: Adding recipes: RecipeType[uid=jei:information, recipeClass=interface mezz.jei.api.recipe.vanilla.IJeiIngredientInfoRecipe]
[24May2026 18:05:49.433] [Render thread/DEBUG] [mezz.jei.library.recipes.RecipeManagerInternal/]: Adding recipes: RecipeType[uid=jei:information, recipeClass=interface mezz.jei.api.recipe.vanilla.IJeiIngredientInfoRecipe]
[24May2026 18:05:49.434] [Render thread/DEBUG] [mezz.jei.library.recipes.RecipeManagerInternal/]: Adding recipes: RecipeType[uid=jei:information, recipeClass=interface mezz.jei.api.recipe.vanilla.IJeiIngredientInfoRecipe]
[24May2026 18:05:49.434] [Render thread/DEBUG] [mezz.jei.library.recipes.RecipeManagerInternal/]: Adding recipes: RecipeType[uid=jei:information, recipeClass=interface mezz.jei.api.recipe.vanilla.IJeiIngredientInfoRecipe]
[24May2026 18:05:49.434] [Render thread/DEBUG] [mezz.jei.library.recipes.RecipeManagerInternal/]: Adding recipes: RecipeType[uid=jei:information, recipeClass=interface mezz.jei.api.recipe.vanilla.IJeiIngredientInfoRecipe]
[24May2026 18:05:49.434] [Render thread/DEBUG] [mezz.jei.library.recipes.RecipeManagerInternal/]: Adding recipes: RecipeType[uid=jei:information, recipeClass=interface mezz.jei.api.recipe.vanilla.IJeiIngredientInfoRecipe]
[24May2026 18:05:49.434] [Render thread/DEBUG] [mezz.jei.library.recipes.RecipeManagerInternal/]: Adding recipes: RecipeType[uid=jei:information, recipeClass=interface mezz.jei.api.recipe.vanilla.IJeiIngredientInfoRecipe]
[24May2026 18:05:49.435] [Render thread/DEBUG] [mezz.jei.library.recipes.RecipeManagerInternal/]: Adding recipes: RecipeType[uid=jei:information, recipeClass=interface mezz.jei.api.recipe.vanilla.IJeiIngredientInfoRecipe]
[24May2026 18:05:49.435] [Render thread/DEBUG] [mezz.jei.library.recipes.RecipeManagerInternal/]: Adding recipes: RecipeType[uid=jei:information, recipeClass=interface mezz.jei.api.recipe.vanilla.IJeiIngredientInfoRecipe]
[24May2026 18:05:49.435] [Render thread/DEBUG] [mezz.jei.library.recipes.RecipeManagerInternal/]: Adding recipes: RecipeType[uid=jei:information, recipeClass=interface mezz.jei.api.recipe.vanilla.IJeiIngredientInfoRecipe]
[24May2026 18:05:49.435] [Render thread/DEBUG] [mezz.jei.library.recipes.RecipeManagerInternal/]: Adding recipes: RecipeType[uid=jei:information, recipeClass=interface mezz.jei.api.recipe.vanilla.IJeiIngredientInfoRecipe]
[24May2026 18:05:49.435] [Render thread/DEBUG] [mezz.jei.library.recipes.RecipeManagerInternal/]: Adding recipes: RecipeType[uid=jei:information, recipeClass=interface mezz.jei.api.recipe.vanilla.IJeiIngredientInfoRecipe]
[24May2026 18:05:49.435] [Render thread/DEBUG] [mezz.jei.library.recipes.RecipeManagerInternal/]: Adding recipes: RecipeType[uid=jei:information, recipeClass=interface mezz.jei.api.recipe.vanilla.IJeiIngredientInfoRecipe]
[24May2026 18:05:49.436] [Render thread/DEBUG] [mezz.jei.library.recipes.RecipeManagerInternal/]: Adding recipes: RecipeType[uid=jei:information, recipeClass=interface mezz.jei.api.recipe.vanilla.IJeiIngredientInfoRecipe]
[24May2026 18:05:49.436] [Render thread/DEBUG] [mezz.jei.library.recipes.RecipeManagerInternal/]: Adding recipes: RecipeType[uid=jei:information, recipeClass=interface mezz.jei.api.recipe.vanilla.IJeiIngredientInfoRecipe]
[24May2026 18:05:49.436] [Render thread/DEBUG] [mezz.jei.library.recipes.RecipeManagerInternal/]: Adding recipes: RecipeType[uid=jei:information, recipeClass=interface mezz.jei.api.recipe.vanilla.IJeiIngredientInfoRecipe]
[24May2026 18:05:49.436] [Render thread/DEBUG] [mezz.jei.library.recipes.RecipeManagerInternal/]: Adding recipes: RecipeType[uid=jei:information, recipeClass=interface mezz.jei.api.recipe.vanilla.IJeiIngredientInfoRecipe]
[24May2026 18:05:49.436] [Render thread/DEBUG] [mezz.jei.library.recipes.RecipeManagerInternal/]: Adding recipes: RecipeType[uid=jei:information, recipeClass=interface mezz.jei.api.recipe.vanilla.IJeiIngredientInfoRecipe]
[24May2026 18:05:49.436] [Render thread/DEBUG] [mezz.jei.library.recipes.RecipeManagerInternal/]: Adding recipes: RecipeType[uid=jei:information, recipeClass=interface mezz.jei.api.recipe.vanilla.IJeiIngredientInfoRecipe]
[24May2026 18:05:49.436] [Render thread/DEBUG] [mezz.jei.library.recipes.RecipeManagerInternal/]: Adding recipes: RecipeType[uid=jei:information, recipeClass=interface mezz.jei.api.recipe.vanilla.IJeiIngredientInfoRecipe]
[24May2026 18:05:49.437] [Render thread/DEBUG] [mezz.jei.library.recipes.RecipeManagerInternal/]: Adding recipes: RecipeType[uid=jei:information, recipeClass=interface mezz.jei.api.recipe.vanilla.IJeiIngredientInfoRecipe]
[24May2026 18:05:49.437] [Render thread/DEBUG] [mezz.jei.library.recipes.RecipeManagerInternal/]: Adding recipes: RecipeType[uid=jei:information, recipeClass=interface mezz.jei.api.recipe.vanilla.IJeiIngredientInfoRecipe]
[24May2026 18:05:49.437] [Render thread/DEBUG] [mezz.jei.library.recipes.RecipeManagerInternal/]: Adding recipes: RecipeType[uid=jei:information, recipeClass=interface mezz.jei.api.recipe.vanilla.IJeiIngredientInfoRecipe]
[24May2026 18:05:49.437] [Render thread/DEBUG] [mezz.jei.library.recipes.RecipeManagerInternal/]: Adding recipes: RecipeType[uid=jei:information, recipeClass=interface mezz.jei.api.recipe.vanilla.IJeiIngredientInfoRecipe]
[24May2026 18:05:49.437] [Render thread/DEBUG] [mezz.jei.library.recipes.RecipeManagerInternal/]: Adding recipes: RecipeType[uid=jei:information, recipeClass=interface mezz.jei.api.recipe.vanilla.IJeiIngredientInfoRecipe]
[24May2026 18:05:49.437] [Render thread/DEBUG] [mezz.jei.library.recipes.RecipeManagerInternal/]: Adding recipes: RecipeType[uid=jei:information, recipeClass=interface mezz.jei.api.recipe.vanilla.IJeiIngredientInfoRecipe]
[24May2026 18:05:49.437] [Render thread/DEBUG] [mezz.jei.library.recipes.RecipeManagerInternal/]: Adding recipes: RecipeType[uid=jei:information, recipeClass=interface mezz.jei.api.recipe.vanilla.IJeiIngredientInfoRecipe]
[24May2026 18:05:49.437] [Render thread/DEBUG] [mezz.jei.library.recipes.RecipeManagerInternal/]: Adding recipes: RecipeType[uid=jei:information, recipeClass=interface mezz.jei.api.recipe.vanilla.IJeiIngredientInfoRecipe]
[24May2026 18:05:49.437] [Render thread/DEBUG] [mezz.jei.library.recipes.RecipeManagerInternal/]: Adding recipes: RecipeType[uid=jei:information, recipeClass=interface mezz.jei.api.recipe.vanilla.IJeiIngredientInfoRecipe]
[24May2026 18:05:49.437] [Render thread/DEBUG] [mezz.jei.library.recipes.RecipeManagerInternal/]: Adding recipes: RecipeType[uid=jei:information, recipeClass=interface mezz.jei.api.recipe.vanilla.IJeiIngredientInfoRecipe]
[24May2026 18:05:49.438] [Render thread/DEBUG] [mezz.jei.library.recipes.RecipeManagerInternal/]: Adding recipes: RecipeType[uid=jei:information, recipeClass=interface mezz.jei.api.recipe.vanilla.IJeiIngredientInfoRecipe]
[24May2026 18:05:49.438] [Render thread/DEBUG] [mezz.jei.library.recipes.RecipeManagerInternal/]: Adding recipes: RecipeType[uid=jei:information, recipeClass=interface mezz.jei.api.recipe.vanilla.IJeiIngredientInfoRecipe]
[24May2026 18:05:49.438] [Render thread/DEBUG] [mezz.jei.library.recipes.RecipeManagerInternal/]: Adding recipes: RecipeType[uid=jei:information, recipeClass=interface mezz.jei.api.recipe.vanilla.IJeiIngredientInfoRecipe]
[24May2026 18:05:49.439] [Render thread/DEBUG] [mezz.jei.library.recipes.RecipeManagerInternal/]: Adding recipes: RecipeType[uid=jei:information, recipeClass=interface mezz.jei.api.recipe.vanilla.IJeiIngredientInfoRecipe]
[24May2026 18:05:49.439] [Render thread/DEBUG] [mezz.jei.library.recipes.RecipeManagerInternal/]: Adding recipes: RecipeType[uid=jei:information, recipeClass=interface mezz.jei.api.recipe.vanilla.IJeiIngredientInfoRecipe]
[24May2026 18:05:49.439] [Render thread/DEBUG] [mezz.jei.library.recipes.RecipeManagerInternal/]: Adding recipes: RecipeType[uid=jei:information, recipeClass=interface mezz.jei.api.recipe.vanilla.IJeiIngredientInfoRecipe]
[24May2026 18:05:49.439] [Render thread/DEBUG] [mezz.jei.library.recipes.RecipeManagerInternal/]: Adding recipes: RecipeType[uid=jei:information, recipeClass=interface mezz.jei.api.recipe.vanilla.IJeiIngredientInfoRecipe]
[24May2026 18:05:49.440] [Render thread/DEBUG] [mezz.jei.library.recipes.RecipeManagerInternal/]: Adding recipes: RecipeType[uid=jei:information, recipeClass=interface mezz.jei.api.recipe.vanilla.IJeiIngredientInfoRecipe]
[24May2026 18:05:49.440] [Render thread/DEBUG] [mezz.jei.library.recipes.RecipeManagerInternal/]: Adding recipes: RecipeType[uid=jei:information, recipeClass=interface mezz.jei.api.recipe.vanilla.IJeiIngredientInfoRecipe]
[24May2026 18:05:49.440] [Render thread/DEBUG] [mezz.jei.library.recipes.RecipeManagerInternal/]: Adding recipes: RecipeType[uid=jei:information, recipeClass=interface mezz.jei.api.recipe.vanilla.IJeiIngredientInfoRecipe]
[24May2026 18:05:49.440] [Render thread/DEBUG] [mezz.jei.library.recipes.RecipeManagerInternal/]: Adding recipes: RecipeType[uid=jei:information, recipeClass=interface mezz.jei.api.recipe.vanilla.IJeiIngredientInfoRecipe]
[24May2026 18:05:49.440] [Render thread/DEBUG] [mezz.jei.library.recipes.RecipeManagerInternal/]: Adding recipes: RecipeType[uid=jei:information, recipeClass=interface mezz.jei.api.recipe.vanilla.IJeiIngredientInfoRecipe]
[24May2026 18:05:49.440] [Render thread/DEBUG] [mezz.jei.library.recipes.RecipeManagerInternal/]: Adding recipes: RecipeType[uid=jei:information, recipeClass=interface mezz.jei.api.recipe.vanilla.IJeiIngredientInfoRecipe]
[24May2026 18:05:49.441] [Render thread/DEBUG] [mezz.jei.library.recipes.RecipeManagerInternal/]: Adding recipes: RecipeType[uid=jei:information, recipeClass=interface mezz.jei.api.recipe.vanilla.IJeiIngredientInfoRecipe]
[24May2026 18:05:49.441] [Render thread/DEBUG] [mezz.jei.library.recipes.RecipeManagerInternal/]: Adding recipes: RecipeType[uid=jei:information, recipeClass=interface mezz.jei.api.recipe.vanilla.IJeiIngredientInfoRecipe]
[24May2026 18:05:49.441] [Render thread/DEBUG] [mezz.jei.library.recipes.RecipeManagerInternal/]: Adding recipes: RecipeType[uid=jei:information, recipeClass=interface mezz.jei.api.recipe.vanilla.IJeiIngredientInfoRecipe]
[24May2026 18:05:49.441] [Render thread/DEBUG] [mezz.jei.library.recipes.RecipeManagerInternal/]: Adding recipes: RecipeType[uid=jei:information, recipeClass=interface mezz.jei.api.recipe.vanilla.IJeiIngredientInfoRecipe]
[24May2026 18:05:49.441] [Render thread/DEBUG] [mezz.jei.library.recipes.RecipeManagerInternal/]: Adding recipes: RecipeType[uid=jei:information, recipeClass=interface mezz.jei.api.recipe.vanilla.IJeiIngredientInfoRecipe]
[24May2026 18:05:49.442] [Render thread/DEBUG] [mezz.jei.library.recipes.RecipeManagerInternal/]: Adding recipes: RecipeType[uid=jei:information, recipeClass=interface mezz.jei.api.recipe.vanilla.IJeiIngredientInfoRecipe]
[24May2026 18:05:49.442] [Render thread/DEBUG] [mezz.jei.library.recipes.RecipeManagerInternal/]: Adding recipes: RecipeType[uid=jei:information, recipeClass=interface mezz.jei.api.recipe.vanilla.IJeiIngredientInfoRecipe]
[24May2026 18:05:49.442] [Render thread/DEBUG] [mezz.jei.library.recipes.RecipeManagerInternal/]: Adding recipes: RecipeType[uid=jei:information, recipeClass=interface mezz.jei.api.recipe.vanilla.IJeiIngredientInfoRecipe]
[24May2026 18:05:49.442] [Render thread/DEBUG] [mezz.jei.library.recipes.RecipeManagerInternal/]: Adding recipes: RecipeType[uid=jei:information, recipeClass=interface mezz.jei.api.recipe.vanilla.IJeiIngredientInfoRecipe]
[24May2026 18:05:49.442] [Render thread/DEBUG] [mezz.jei.library.recipes.RecipeManagerInternal/]: Adding recipes: RecipeType[uid=jei:information, recipeClass=interface mezz.jei.api.recipe.vanilla.IJeiIngredientInfoRecipe]
[24May2026 18:05:49.442] [Render thread/DEBUG] [mezz.jei.library.recipes.RecipeManagerInternal/]: Adding recipes: RecipeType[uid=jei:information, recipeClass=interface mezz.jei.api.recipe.vanilla.IJeiIngredientInfoRecipe]
[24May2026 18:05:49.442] [Render thread/DEBUG] [mezz.jei.library.recipes.RecipeManagerInternal/]: Adding recipes: RecipeType[uid=jei:information, recipeClass=interface mezz.jei.api.recipe.vanilla.IJeiIngredientInfoRecipe]
[24May2026 18:05:49.443] [Render thread/DEBUG] [mezz.jei.library.recipes.RecipeManagerInternal/]: Adding recipes: RecipeType[uid=jei:information, recipeClass=interface mezz.jei.api.recipe.vanilla.IJeiIngredientInfoRecipe]
[24May2026 18:05:49.443] [Render thread/DEBUG] [mezz.jei.library.recipes.RecipeManagerInternal/]: Adding recipes: RecipeType[uid=jei:information, recipeClass=interface mezz.jei.api.recipe.vanilla.IJeiIngredientInfoRecipe]
[24May2026 18:05:49.443] [Render thread/DEBUG] [mezz.jei.library.recipes.RecipeManagerInternal/]: Adding recipes: RecipeType[uid=jei:information, recipeClass=interface mezz.jei.api.recipe.vanilla.IJeiIngredientInfoRecipe]
[24May2026 18:05:49.443] [Render thread/DEBUG] [mezz.jei.library.recipes.RecipeManagerInternal/]: Adding recipes: RecipeType[uid=jei:information, recipeClass=interface mezz.jei.api.recipe.vanilla.IJeiIngredientInfoRecipe]
[24May2026 18:05:49.443] [Render thread/DEBUG] [mezz.jei.library.recipes.RecipeManagerInternal/]: Adding recipes: RecipeType[uid=jei:information, recipeClass=interface mezz.jei.api.recipe.vanilla.IJeiIngredientInfoRecipe]
[24May2026 18:05:49.443] [Render thread/DEBUG] [mezz.jei.library.recipes.RecipeManagerInternal/]: Adding recipes: RecipeType[uid=jei:information, recipeClass=interface mezz.jei.api.recipe.vanilla.IJeiIngredientInfoRecipe]
[24May2026 18:05:49.444] [Render thread/DEBUG] [mezz.jei.library.recipes.RecipeManagerInternal/]: Adding recipes: RecipeType[uid=jei:information, recipeClass=interface mezz.jei.api.recipe.vanilla.IJeiIngredientInfoRecipe]
[24May2026 18:05:49.444] [Render thread/DEBUG] [mezz.jei.library.recipes.RecipeManagerInternal/]: Adding recipes: RecipeType[uid=jei:information, recipeClass=interface mezz.jei.api.recipe.vanilla.IJeiIngredientInfoRecipe]
[24May2026 18:05:49.444] [Render thread/DEBUG] [mezz.jei.library.recipes.RecipeManagerInternal/]: Adding recipes: RecipeType[uid=jei:information, recipeClass=interface mezz.jei.api.recipe.vanilla.IJeiIngredientInfoRecipe]
[24May2026 18:05:49.444] [Render thread/DEBUG] [mezz.jei.library.recipes.RecipeManagerInternal/]: Adding recipes: RecipeType[uid=jei:information, recipeClass=interface mezz.jei.api.recipe.vanilla.IJeiIngredientInfoRecipe]
[24May2026 18:05:49.444] [Render thread/DEBUG] [mezz.jei.library.recipes.RecipeManagerInternal/]: Adding recipes: RecipeType[uid=jei:information, recipeClass=interface mezz.jei.api.recipe.vanilla.IJeiIngredientInfoRecipe]
[24May2026 18:05:49.445] [Render thread/DEBUG] [mezz.jei.library.recipes.RecipeManagerInternal/]: Adding recipes: RecipeType[uid=jei:information, recipeClass=interface mezz.jei.api.recipe.vanilla.IJeiIngredientInfoRecipe]
[24May2026 18:05:49.445] [Render thread/DEBUG] [mezz.jei.library.recipes.RecipeManagerInternal/]: Adding recipes: RecipeType[uid=jei:information, recipeClass=interface mezz.jei.api.recipe.vanilla.IJeiIngredientInfoRecipe]
[24May2026 18:05:49.445] [Render thread/DEBUG] [mezz.jei.library.recipes.RecipeManagerInternal/]: Adding recipes: RecipeType[uid=jei:information, recipeClass=interface mezz.jei.api.recipe.vanilla.IJeiIngredientInfoRecipe]
[24May2026 18:05:49.445] [Render thread/DEBUG] [mezz.jei.library.recipes.RecipeManagerInternal/]: Adding recipes: RecipeType[uid=jei:information, recipeClass=interface mezz.jei.api.recipe.vanilla.IJeiIngredientInfoRecipe]
[24May2026 18:05:49.445] [Render thread/DEBUG] [mezz.jei.library.recipes.RecipeManagerInternal/]: Adding recipes: RecipeType[uid=jei:information, recipeClass=interface mezz.jei.api.recipe.vanilla.IJeiIngredientInfoRecipe]
[24May2026 18:05:49.445] [Render thread/DEBUG] [mezz.jei.library.recipes.RecipeManagerInternal/]: Adding recipes: RecipeType[uid=jei:information, recipeClass=interface mezz.jei.api.recipe.vanilla.IJeiIngredientInfoRecipe]
[24May2026 18:05:49.446] [Render thread/DEBUG] [mezz.jei.library.recipes.RecipeManagerInternal/]: Adding recipes: RecipeType[uid=jei:information, recipeClass=interface mezz.jei.api.recipe.vanilla.IJeiIngredientInfoRecipe]
[24May2026 18:05:49.446] [Render thread/DEBUG] [mezz.jei.library.recipes.RecipeManagerInternal/]: Adding recipes: RecipeType[uid=jei:information, recipeClass=interface mezz.jei.api.recipe.vanilla.IJeiIngredientInfoRecipe]
[24May2026 18:05:49.446] [Render thread/DEBUG] [mezz.jei.library.recipes.RecipeManagerInternal/]: Adding recipes: RecipeType[uid=jei:information, recipeClass=interface mezz.jei.api.recipe.vanilla.IJeiIngredientInfoRecipe]
[24May2026 18:05:49.447] [Render thread/DEBUG] [mezz.jei.library.recipes.RecipeManagerInternal/]: Adding recipes: RecipeType[uid=jei:information, recipeClass=interface mezz.jei.api.recipe.vanilla.IJeiIngredientInfoRecipe]
[24May2026 18:05:49.447] [Render thread/DEBUG] [mezz.jei.library.recipes.RecipeManagerInternal/]: Adding recipes: RecipeType[uid=jei:information, recipeClass=interface mezz.jei.api.recipe.vanilla.IJeiIngredientInfoRecipe]
[24May2026 18:05:49.447] [Render thread/DEBUG] [mezz.jei.library.recipes.RecipeManagerInternal/]: Adding recipes: RecipeType[uid=jei:information, recipeClass=interface mezz.jei.api.recipe.vanilla.IJeiIngredientInfoRecipe]
[24May2026 18:05:49.447] [Render thread/DEBUG] [mezz.jei.library.recipes.RecipeManagerInternal/]: Adding recipes: RecipeType[uid=jei:information, recipeClass=interface mezz.jei.api.recipe.vanilla.IJeiIngredientInfoRecipe]
[24May2026 18:05:49.447] [Render thread/DEBUG] [mezz.jei.library.recipes.RecipeManagerInternal/]: Adding recipes: RecipeType[uid=jei:information, recipeClass=interface mezz.jei.api.recipe.vanilla.IJeiIngredientInfoRecipe]
[24May2026 18:05:49.447] [Render thread/DEBUG] [mezz.jei.library.recipes.RecipeManagerInternal/]: Adding recipes: RecipeType[uid=jei:information, recipeClass=interface mezz.jei.api.recipe.vanilla.IJeiIngredientInfoRecipe]
[24May2026 18:05:49.447] [Render thread/DEBUG] [mezz.jei.library.recipes.RecipeManagerInternal/]: Adding recipes: RecipeType[uid=jei:information, recipeClass=interface mezz.jei.api.recipe.vanilla.IJeiIngredientInfoRecipe]
[24May2026 18:05:49.447] [Render thread/DEBUG] [mezz.jei.library.recipes.RecipeManagerInternal/]: Adding recipes: RecipeType[uid=jei:information, recipeClass=interface mezz.jei.api.recipe.vanilla.IJeiIngredientInfoRecipe]
[24May2026 18:05:49.448] [Render thread/DEBUG] [mezz.jei.library.recipes.RecipeManagerInternal/]: Adding recipes: RecipeType[uid=jei:information, recipeClass=interface mezz.jei.api.recipe.vanilla.IJeiIngredientInfoRecipe]
[24May2026 18:05:49.448] [Render thread/DEBUG] [mezz.jei.library.recipes.RecipeManagerInternal/]: Adding recipes: RecipeType[uid=jei:information, recipeClass=interface mezz.jei.api.recipe.vanilla.IJeiIngredientInfoRecipe]
[24May2026 18:05:49.448] [Render thread/DEBUG] [mezz.jei.library.recipes.RecipeManagerInternal/]: Adding recipes: RecipeType[uid=jei:information, recipeClass=interface mezz.jei.api.recipe.vanilla.IJeiIngredientInfoRecipe]
[24May2026 18:05:49.448] [Render thread/DEBUG] [mezz.jei.library.recipes.RecipeManagerInternal/]: Adding recipes: RecipeType[uid=jei:information, recipeClass=interface mezz.jei.api.recipe.vanilla.IJeiIngredientInfoRecipe]
[24May2026 18:05:49.448] [Render thread/DEBUG] [mezz.jei.library.recipes.RecipeManagerInternal/]: Adding recipes: RecipeType[uid=jei:information, recipeClass=interface mezz.jei.api.recipe.vanilla.IJeiIngredientInfoRecipe]
[24May2026 18:05:49.449] [Render thread/DEBUG] [mezz.jei.library.recipes.RecipeManagerInternal/]: Adding recipes: RecipeType[uid=jei:information, recipeClass=interface mezz.jei.api.recipe.vanilla.IJeiIngredientInfoRecipe]
[24May2026 18:05:49.449] [Render thread/DEBUG] [mezz.jei.library.recipes.RecipeManagerInternal/]: Adding recipes: RecipeType[uid=jei:information, recipeClass=interface mezz.jei.api.recipe.vanilla.IJeiIngredientInfoRecipe]
[24May2026 18:05:49.449] [Render thread/DEBUG] [mezz.jei.library.recipes.RecipeManagerInternal/]: Adding recipes: RecipeType[uid=jei:information, recipeClass=interface mezz.jei.api.recipe.vanilla.IJeiIngredientInfoRecipe]
[24May2026 18:05:49.449] [Render thread/DEBUG] [mezz.jei.library.recipes.RecipeManagerInternal/]: Adding recipes: RecipeType[uid=jei:information, recipeClass=interface mezz.jei.api.recipe.vanilla.IJeiIngredientInfoRecipe]
[24May2026 18:05:49.449] [Render thread/DEBUG] [mezz.jei.library.recipes.RecipeManagerInternal/]: Adding recipes: RecipeType[uid=jei:information, recipeClass=interface mezz.jei.api.recipe.vanilla.IJeiIngredientInfoRecipe]
[24May2026 18:05:49.449] [Render thread/DEBUG] [mezz.jei.library.recipes.RecipeManagerInternal/]: Adding recipes: RecipeType[uid=jei:information, recipeClass=interface mezz.jei.api.recipe.vanilla.IJeiIngredientInfoRecipe]
[24May2026 18:05:49.450] [Render thread/DEBUG] [mezz.jei.library.recipes.RecipeManagerInternal/]: Adding recipes: RecipeType[uid=jei:information, recipeClass=interface mezz.jei.api.recipe.vanilla.IJeiIngredientInfoRecipe]
[24May2026 18:05:49.450] [Render thread/DEBUG] [mezz.jei.library.recipes.RecipeManagerInternal/]: Adding recipes: RecipeType[uid=jei:information, recipeClass=interface mezz.jei.api.recipe.vanilla.IJeiIngredientInfoRecipe]
[24May2026 18:05:49.450] [Render thread/DEBUG] [mezz.jei.library.recipes.RecipeManagerInternal/]: Adding recipes: RecipeType[uid=jei:information, recipeClass=interface mezz.jei.api.recipe.vanilla.IJeiIngredientInfoRecipe]
[24May2026 18:05:49.450] [Render thread/DEBUG] [mezz.jei.library.recipes.RecipeManagerInternal/]: Adding recipes: RecipeType[uid=jei:information, recipeClass=interface mezz.jei.api.recipe.vanilla.IJeiIngredientInfoRecipe]
[24May2026 18:05:49.450] [Render thread/DEBUG] [mezz.jei.library.recipes.RecipeManagerInternal/]: Adding recipes: RecipeType[uid=jei:information, recipeClass=interface mezz.jei.api.recipe.vanilla.IJeiIngredientInfoRecipe]
[24May2026 18:05:49.450] [Render thread/DEBUG] [mezz.jei.library.recipes.RecipeManagerInternal/]: Adding recipes: RecipeType[uid=jei:information, recipeClass=interface mezz.jei.api.recipe.vanilla.IJeiIngredientInfoRecipe]
[24May2026 18:05:49.451] [Render thread/DEBUG] [mezz.jei.library.recipes.RecipeManagerInternal/]: Adding recipes: RecipeType[uid=jei:information, recipeClass=interface mezz.jei.api.recipe.vanilla.IJeiIngredientInfoRecipe]
[24May2026 18:05:49.451] [Render thread/DEBUG] [mezz.jei.library.recipes.RecipeManagerInternal/]: Adding recipes: RecipeType[uid=jei:information, recipeClass=interface mezz.jei.api.recipe.vanilla.IJeiIngredientInfoRecipe]
[24May2026 18:05:49.451] [Render thread/DEBUG] [mezz.jei.library.recipes.RecipeManagerInternal/]: Adding recipes: RecipeType[uid=jei:information, recipeClass=interface mezz.jei.api.recipe.vanilla.IJeiIngredientInfoRecipe]
[24May2026 18:05:49.451] [Render thread/DEBUG] [mezz.jei.library.recipes.RecipeManagerInternal/]: Adding recipes: RecipeType[uid=jei:information, recipeClass=interface mezz.jei.api.recipe.vanilla.IJeiIngredientInfoRecipe]
[24May2026 18:05:49.451] [Render thread/DEBUG] [mezz.jei.library.recipes.RecipeManagerInternal/]: Adding recipes: RecipeType[uid=jei:information, recipeClass=interface mezz.jei.api.recipe.vanilla.IJeiIngredientInfoRecipe]
[24May2026 18:05:49.451] [Render thread/DEBUG] [mezz.jei.library.recipes.RecipeManagerInternal/]: Adding recipes: RecipeType[uid=jei:information, recipeClass=interface mezz.jei.api.recipe.vanilla.IJeiIngredientInfoRecipe]
[24May2026 18:05:49.451] [Render thread/DEBUG] [mezz.jei.library.recipes.RecipeManagerInternal/]: Adding recipes: RecipeType[uid=jei:information, recipeClass=interface mezz.jei.api.recipe.vanilla.IJeiIngredientInfoRecipe]
[24May2026 18:05:49.452] [Render thread/DEBUG] [mezz.jei.library.recipes.RecipeManagerInternal/]: Adding recipes: RecipeType[uid=jei:information, recipeClass=interface mezz.jei.api.recipe.vanilla.IJeiIngredientInfoRecipe]
[24May2026 18:05:49.452] [Render thread/DEBUG] [mezz.jei.library.recipes.RecipeManagerInternal/]: Adding recipes: RecipeType[uid=jei:information, recipeClass=interface mezz.jei.api.recipe.vanilla.IJeiIngredientInfoRecipe]
[24May2026 18:05:49.452] [Render thread/DEBUG] [mezz.jei.library.recipes.RecipeManagerInternal/]: Adding recipes: RecipeType[uid=jei:information, recipeClass=interface mezz.jei.api.recipe.vanilla.IJeiIngredientInfoRecipe]
[24May2026 18:05:49.452] [Render thread/DEBUG] [mezz.jei.library.recipes.RecipeManagerInternal/]: Adding recipes: RecipeType[uid=jei:information, recipeClass=interface mezz.jei.api.recipe.vanilla.IJeiIngredientInfoRecipe]
[24May2026 18:05:49.452] [Render thread/DEBUG] [mezz.jei.library.recipes.RecipeManagerInternal/]: Adding recipes: RecipeType[uid=jei:information, recipeClass=interface mezz.jei.api.recipe.vanilla.IJeiIngredientInfoRecipe]
[24May2026 18:05:49.452] [Render thread/DEBUG] [mezz.jei.library.recipes.RecipeManagerInternal/]: Adding recipes: RecipeType[uid=jei:information, recipeClass=interface mezz.jei.api.recipe.vanilla.IJeiIngredientInfoRecipe]
[24May2026 18:05:49.452] [Render thread/DEBUG] [mezz.jei.library.recipes.RecipeManagerInternal/]: Adding recipes: RecipeType[uid=jei:information, recipeClass=interface mezz.jei.api.recipe.vanilla.IJeiIngredientInfoRecipe]
[24May2026 18:05:49.453] [Render thread/DEBUG] [mezz.jei.library.recipes.RecipeManagerInternal/]: Adding recipes: RecipeType[uid=jei:information, recipeClass=interface mezz.jei.api.recipe.vanilla.IJeiIngredientInfoRecipe]
[24May2026 18:05:49.453] [Render thread/DEBUG] [mezz.jei.library.recipes.RecipeManagerInternal/]: Adding recipes: RecipeType[uid=jei:information, recipeClass=interface mezz.jei.api.recipe.vanilla.IJeiIngredientInfoRecipe]
[24May2026 18:05:49.453] [Render thread/DEBUG] [mezz.jei.library.recipes.RecipeManagerInternal/]: Adding recipes: RecipeType[uid=jei:information, recipeClass=interface mezz.jei.api.recipe.vanilla.IJeiIngredientInfoRecipe]
[24May2026 18:05:49.453] [Render thread/DEBUG] [mezz.jei.library.recipes.RecipeManagerInternal/]: Adding recipes: RecipeType[uid=jei:information, recipeClass=interface mezz.jei.api.recipe.vanilla.IJeiIngredientInfoRecipe]
[24May2026 18:05:49.453] [Render thread/DEBUG] [mezz.jei.library.recipes.RecipeManagerInternal/]: Adding recipes: RecipeType[uid=jei:information, recipeClass=interface mezz.jei.api.recipe.vanilla.IJeiIngredientInfoRecipe]
[24May2026 18:05:49.453] [Render thread/DEBUG] [mezz.jei.library.recipes.RecipeManagerInternal/]: Adding recipes: RecipeType[uid=jei:information, recipeClass=interface mezz.jei.api.recipe.vanilla.IJeiIngredientInfoRecipe]
[24May2026 18:05:49.454] [Render thread/DEBUG] [mezz.jei.library.recipes.RecipeManagerInternal/]: Adding recipes: RecipeType[uid=jei:information, recipeClass=interface mezz.jei.api.recipe.vanilla.IJeiIngredientInfoRecipe]
[24May2026 18:05:49.454] [Render thread/DEBUG] [mezz.jei.library.recipes.RecipeManagerInternal/]: Adding recipes: RecipeType[uid=jei:information, recipeClass=interface mezz.jei.api.recipe.vanilla.IJeiIngredientInfoRecipe]
[24May2026 18:05:49.454] [Render thread/DEBUG] [mezz.jei.library.recipes.RecipeManagerInternal/]: Adding recipes: RecipeType[uid=jei:information, recipeClass=interface mezz.jei.api.recipe.vanilla.IJeiIngredientInfoRecipe]
[24May2026 18:05:49.454] [Render thread/DEBUG] [mezz.jei.library.recipes.RecipeManagerInternal/]: Adding recipes: RecipeType[uid=jei:information, recipeClass=interface mezz.jei.api.recipe.vanilla.IJeiIngredientInfoRecipe]
[24May2026 18:05:49.454] [Render thread/DEBUG] [mezz.jei.library.recipes.RecipeManagerInternal/]: Adding recipes: RecipeType[uid=jei:information, recipeClass=interface mezz.jei.api.recipe.vanilla.IJeiIngredientInfoRecipe]
[24May2026 18:05:49.454] [Render thread/DEBUG] [mezz.jei.library.recipes.RecipeManagerInternal/]: Adding recipes: RecipeType[uid=jei:information, recipeClass=interface mezz.jei.api.recipe.vanilla.IJeiIngredientInfoRecipe]
[24May2026 18:05:49.454] [Render thread/DEBUG] [mezz.jei.library.recipes.RecipeManagerInternal/]: Adding recipes: RecipeType[uid=jei:information, recipeClass=interface mezz.jei.api.recipe.vanilla.IJeiIngredientInfoRecipe]
[24May2026 18:05:49.454] [Render thread/DEBUG] [mezz.jei.library.recipes.RecipeManagerInternal/]: Adding recipes: RecipeType[uid=jei:information, recipeClass=interface mezz.jei.api.recipe.vanilla.IJeiIngredientInfoRecipe]
[24May2026 18:05:49.454] [Render thread/DEBUG] [mezz.jei.library.recipes.RecipeManagerInternal/]: Adding recipes: RecipeType[uid=jei:information, recipeClass=interface mezz.jei.api.recipe.vanilla.IJeiIngredientInfoRecipe]
[24May2026 18:05:49.455] [Render thread/DEBUG] [mezz.jei.library.recipes.RecipeManagerInternal/]: Adding recipes: RecipeType[uid=jei:information, recipeClass=interface mezz.jei.api.recipe.vanilla.IJeiIngredientInfoRecipe]
[24May2026 18:05:49.455] [Render thread/DEBUG] [mezz.jei.library.recipes.RecipeManagerInternal/]: Adding recipes: RecipeType[uid=jei:information, recipeClass=interface mezz.jei.api.recipe.vanilla.IJeiIngredientInfoRecipe]
[24May2026 18:05:49.455] [Render thread/DEBUG] [mezz.jei.library.recipes.RecipeManagerInternal/]: Adding recipes: RecipeType[uid=jei:information, recipeClass=interface mezz.jei.api.recipe.vanilla.IJeiIngredientInfoRecipe]
[24May2026 18:05:49.455] [Render thread/DEBUG] [mezz.jei.library.recipes.RecipeManagerInternal/]: Adding recipes: RecipeType[uid=jei:information, recipeClass=interface mezz.jei.api.recipe.vanilla.IJeiIngredientInfoRecipe]
[24May2026 18:05:49.455] [Render thread/DEBUG] [mezz.jei.library.recipes.RecipeManagerInternal/]: Adding recipes: RecipeType[uid=jei:information, recipeClass=interface mezz.jei.api.recipe.vanilla.IJeiIngredientInfoRecipe]
[24May2026 18:05:49.455] [Render thread/DEBUG] [mezz.jei.library.recipes.RecipeManagerInternal/]: Adding recipes: RecipeType[uid=jei:information, recipeClass=interface mezz.jei.api.recipe.vanilla.IJeiIngredientInfoRecipe]
[24May2026 18:05:49.455] [Render thread/DEBUG] [mezz.jei.library.recipes.RecipeManagerInternal/]: Adding recipes: RecipeType[uid=jei:information, recipeClass=interface mezz.jei.api.recipe.vanilla.IJeiIngredientInfoRecipe]
[24May2026 18:05:49.456] [Render thread/DEBUG] [mezz.jei.library.recipes.RecipeManagerInternal/]: Adding recipes: RecipeType[uid=jei:information, recipeClass=interface mezz.jei.api.recipe.vanilla.IJeiIngredientInfoRecipe]
[24May2026 18:05:49.456] [Render thread/DEBUG] [mezz.jei.library.recipes.RecipeManagerInternal/]: Adding recipes: RecipeType[uid=jei:information, recipeClass=interface mezz.jei.api.recipe.vanilla.IJeiIngredientInfoRecipe]
[24May2026 18:05:49.456] [Render thread/DEBUG] [mezz.jei.library.recipes.RecipeManagerInternal/]: Adding recipes: RecipeType[uid=jei:information, recipeClass=interface mezz.jei.api.recipe.vanilla.IJeiIngredientInfoRecipe]
[24May2026 18:05:49.456] [Render thread/DEBUG] [mezz.jei.library.recipes.RecipeManagerInternal/]: Adding recipes: RecipeType[uid=jei:information, recipeClass=interface mezz.jei.api.recipe.vanilla.IJeiIngredientInfoRecipe]
[24May2026 18:05:49.456] [Render thread/DEBUG] [mezz.jei.library.recipes.RecipeManagerInternal/]: Adding recipes: RecipeType[uid=jei:information, recipeClass=interface mezz.jei.api.recipe.vanilla.IJeiIngredientInfoRecipe]
[24May2026 18:05:49.456] [Render thread/DEBUG] [mezz.jei.library.recipes.RecipeManagerInternal/]: Adding recipes: RecipeType[uid=jei:information, recipeClass=interface mezz.jei.api.recipe.vanilla.IJeiIngredientInfoRecipe]
[24May2026 18:05:49.456] [Render thread/DEBUG] [mezz.jei.library.recipes.RecipeManagerInternal/]: Adding recipes: RecipeType[uid=jei:information, recipeClass=interface mezz.jei.api.recipe.vanilla.IJeiIngredientInfoRecipe]
[24May2026 18:05:49.456] [Render thread/DEBUG] [mezz.jei.library.recipes.RecipeManagerInternal/]: Adding recipes: RecipeType[uid=jei:information, recipeClass=interface mezz.jei.api.recipe.vanilla.IJeiIngredientInfoRecipe]
[24May2026 18:05:49.457] [Render thread/DEBUG] [mezz.jei.library.recipes.RecipeManagerInternal/]: Adding recipes: RecipeType[uid=jei:information, recipeClass=interface mezz.jei.api.recipe.vanilla.IJeiIngredientInfoRecipe]
[24May2026 18:05:49.457] [Render thread/DEBUG] [mezz.jei.library.recipes.RecipeManagerInternal/]: Adding recipes: RecipeType[uid=jei:information, recipeClass=interface mezz.jei.api.recipe.vanilla.IJeiIngredientInfoRecipe]
[24May2026 18:05:49.457] [Render thread/DEBUG] [mezz.jei.library.recipes.RecipeManagerInternal/]: Adding recipes: RecipeType[uid=jei:information, recipeClass=interface mezz.jei.api.recipe.vanilla.IJeiIngredientInfoRecipe]
[24May2026 18:05:49.457] [Render thread/DEBUG] [mezz.jei.library.recipes.RecipeManagerInternal/]: Adding recipes: RecipeType[uid=jei:information, recipeClass=interface mezz.jei.api.recipe.vanilla.IJeiIngredientInfoRecipe]
[24May2026 18:05:49.457] [Render thread/DEBUG] [mezz.jei.library.recipes.RecipeManagerInternal/]: Adding recipes: RecipeType[uid=jei:information, recipeClass=interface mezz.jei.api.recipe.vanilla.IJeiIngredientInfoRecipe]
[24May2026 18:05:49.457] [Render thread/DEBUG] [mezz.jei.library.recipes.RecipeManagerInternal/]: Adding recipes: RecipeType[uid=jei:information, recipeClass=interface mezz.jei.api.recipe.vanilla.IJeiIngredientInfoRecipe]
[24May2026 18:05:49.457] [Render thread/DEBUG] [mezz.jei.library.recipes.RecipeManagerInternal/]: Adding recipes: RecipeType[uid=jei:information, recipeClass=interface mezz.jei.api.recipe.vanilla.IJeiIngredientInfoRecipe]
[24May2026 18:05:49.458] [Render thread/DEBUG] [mezz.jei.library.recipes.RecipeManagerInternal/]: Adding recipes: RecipeType[uid=jei:information, recipeClass=interface mezz.jei.api.recipe.vanilla.IJeiIngredientInfoRecipe]
[24May2026 18:05:49.458] [Render thread/DEBUG] [mezz.jei.library.recipes.RecipeManagerInternal/]: Adding recipes: RecipeType[uid=jei:information, recipeClass=interface mezz.jei.api.recipe.vanilla.IJeiIngredientInfoRecipe]
[24May2026 18:05:49.459] [Render thread/DEBUG] [mezz.jei.library.recipes.RecipeManagerInternal/]: Adding recipes: RecipeType[uid=jei:information, recipeClass=interface mezz.jei.api.recipe.vanilla.IJeiIngredientInfoRecipe]
[24May2026 18:05:49.459] [Render thread/DEBUG] [mezz.jei.library.recipes.RecipeManagerInternal/]: Adding recipes: RecipeType[uid=jei:information, recipeClass=interface mezz.jei.api.recipe.vanilla.IJeiIngredientInfoRecipe]
[24May2026 18:05:49.459] [Render thread/DEBUG] [mezz.jei.library.recipes.RecipeManagerInternal/]: Adding recipes: RecipeType[uid=jei:information, recipeClass=interface mezz.jei.api.recipe.vanilla.IJeiIngredientInfoRecipe]
[24May2026 18:05:49.459] [Render thread/DEBUG] [mezz.jei.library.recipes.RecipeManagerInternal/]: Adding recipes: RecipeType[uid=jei:information, recipeClass=interface mezz.jei.api.recipe.vanilla.IJeiIngredientInfoRecipe]
[24May2026 18:05:49.459] [Render thread/DEBUG] [mezz.jei.library.recipes.RecipeManagerInternal/]: Adding recipes: RecipeType[uid=jei:information, recipeClass=interface mezz.jei.api.recipe.vanilla.IJeiIngredientInfoRecipe]
[24May2026 18:05:49.459] [Render thread/DEBUG] [mezz.jei.library.recipes.RecipeManagerInternal/]: Adding recipes: RecipeType[uid=jei:information, recipeClass=interface mezz.jei.api.recipe.vanilla.IJeiIngredientInfoRecipe]
[24May2026 18:05:49.460] [Render thread/DEBUG] [mezz.jei.library.recipes.RecipeManagerInternal/]: Adding recipes: RecipeType[uid=jei:information, recipeClass=interface mezz.jei.api.recipe.vanilla.IJeiIngredientInfoRecipe]
[24May2026 18:05:49.460] [Render thread/DEBUG] [mezz.jei.library.recipes.RecipeManagerInternal/]: Adding recipes: RecipeType[uid=jei:information, recipeClass=interface mezz.jei.api.recipe.vanilla.IJeiIngredientInfoRecipe]
[24May2026 18:05:49.460] [Render thread/DEBUG] [mezz.jei.library.recipes.RecipeManagerInternal/]: Adding recipes: RecipeType[uid=jei:information, recipeClass=interface mezz.jei.api.recipe.vanilla.IJeiIngredientInfoRecipe]
[24May2026 18:05:49.460] [Render thread/DEBUG] [mezz.jei.library.recipes.RecipeManagerInternal/]: Adding recipes: RecipeType[uid=jei:information, recipeClass=interface mezz.jei.api.recipe.vanilla.IJeiIngredientInfoRecipe]
[24May2026 18:05:49.460] [Render thread/DEBUG] [mezz.jei.library.recipes.RecipeManagerInternal/]: Adding recipes: RecipeType[uid=jei:information, recipeClass=interface mezz.jei.api.recipe.vanilla.IJeiIngredientInfoRecipe]
[24May2026 18:05:49.460] [Render thread/DEBUG] [mezz.jei.library.recipes.RecipeManagerInternal/]: Adding recipes: RecipeType[uid=jei:information, recipeClass=interface mezz.jei.api.recipe.vanilla.IJeiIngredientInfoRecipe]
[24May2026 18:05:49.461] [Render thread/DEBUG] [mezz.jei.library.recipes.RecipeManagerInternal/]: Adding recipes: RecipeType[uid=jei:information, recipeClass=interface mezz.jei.api.recipe.vanilla.IJeiIngredientInfoRecipe]
[24May2026 18:05:49.461] [Render thread/DEBUG] [mezz.jei.library.recipes.RecipeManagerInternal/]: Adding recipes: RecipeType[uid=jei:information, recipeClass=interface mezz.jei.api.recipe.vanilla.IJeiIngredientInfoRecipe]
[24May2026 18:05:49.461] [Render thread/DEBUG] [mezz.jei.library.recipes.RecipeManagerInternal/]: Adding recipes: RecipeType[uid=jei:information, recipeClass=interface mezz.jei.api.recipe.vanilla.IJeiIngredientInfoRecipe]
[24May2026 18:05:49.461] [Render thread/DEBUG] [mezz.jei.library.recipes.RecipeManagerInternal/]: Adding recipes: RecipeType[uid=jei:information, recipeClass=interface mezz.jei.api.recipe.vanilla.IJeiIngredientInfoRecipe]
[24May2026 18:05:49.461] [Render thread/DEBUG] [mezz.jei.library.recipes.RecipeManagerInternal/]: Adding recipes: RecipeType[uid=jei:information, recipeClass=interface mezz.jei.api.recipe.vanilla.IJeiIngredientInfoRecipe]
[24May2026 18:05:49.461] [Render thread/DEBUG] [mezz.jei.library.recipes.RecipeManagerInternal/]: Adding recipes: RecipeType[uid=jei:information, recipeClass=interface mezz.jei.api.recipe.vanilla.IJeiIngredientInfoRecipe]
[24May2026 18:05:49.462] [Render thread/DEBUG] [mezz.jei.library.recipes.RecipeManagerInternal/]: Adding recipes: RecipeType[uid=jei:information, recipeClass=interface mezz.jei.api.recipe.vanilla.IJeiIngredientInfoRecipe]
[24May2026 18:05:49.462] [Render thread/DEBUG] [mezz.jei.library.recipes.RecipeManagerInternal/]: Adding recipes: RecipeType[uid=jei:information, recipeClass=interface mezz.jei.api.recipe.vanilla.IJeiIngredientInfoRecipe]
[24May2026 18:05:49.462] [Render thread/DEBUG] [mezz.jei.library.recipes.RecipeManagerInternal/]: Adding recipes: RecipeType[uid=jei:information, recipeClass=interface mezz.jei.api.recipe.vanilla.IJeiIngredientInfoRecipe]
[24May2026 18:05:49.462] [Render thread/DEBUG] [mezz.jei.library.recipes.RecipeManagerInternal/]: Adding recipes: RecipeType[uid=jei:information, recipeClass=interface mezz.jei.api.recipe.vanilla.IJeiIngredientInfoRecipe]
[24May2026 18:05:49.462] [Render thread/DEBUG] [mezz.jei.library.recipes.RecipeManagerInternal/]: Adding recipes: RecipeType[uid=jei:information, recipeClass=interface mezz.jei.api.recipe.vanilla.IJeiIngredientInfoRecipe]
[24May2026 18:05:49.462] [Render thread/DEBUG] [mezz.jei.library.recipes.RecipeManagerInternal/]: Adding recipes: RecipeType[uid=jei:information, recipeClass=interface mezz.jei.api.recipe.vanilla.IJeiIngredientInfoRecipe]
[24May2026 18:05:49.462] [Render thread/DEBUG] [mezz.jei.library.recipes.RecipeManagerInternal/]: Adding recipes: RecipeType[uid=jei:information, recipeClass=interface mezz.jei.api.recipe.vanilla.IJeiIngredientInfoRecipe]
[24May2026 18:05:49.463] [Render thread/DEBUG] [mezz.jei.library.recipes.RecipeManagerInternal/]: Adding recipes: RecipeType[uid=jei:information, recipeClass=interface mezz.jei.api.recipe.vanilla.IJeiIngredientInfoRecipe]
[24May2026 18:05:49.463] [Render thread/DEBUG] [mezz.jei.library.recipes.RecipeManagerInternal/]: Adding recipes: RecipeType[uid=jei:information, recipeClass=interface mezz.jei.api.recipe.vanilla.IJeiIngredientInfoRecipe]
[24May2026 18:05:49.463] [Render thread/DEBUG] [mezz.jei.library.recipes.RecipeManagerInternal/]: Adding recipes: RecipeType[uid=jei:information, recipeClass=interface mezz.jei.api.recipe.vanilla.IJeiIngredientInfoRecipe]
[24May2026 18:05:49.463] [Render thread/DEBUG] [mezz.jei.library.recipes.RecipeManagerInternal/]: Adding recipes: RecipeType[uid=jei:information, recipeClass=interface mezz.jei.api.recipe.vanilla.IJeiIngredientInfoRecipe]
[24May2026 18:05:49.463] [Render thread/DEBUG] [mezz.jei.library.recipes.RecipeManagerInternal/]: Adding recipes: RecipeType[uid=jei:information, recipeClass=interface mezz.jei.api.recipe.vanilla.IJeiIngredientInfoRecipe]
[24May2026 18:05:49.463] [Render thread/DEBUG] [mezz.jei.library.recipes.RecipeManagerInternal/]: Adding recipes: RecipeType[uid=jei:information, recipeClass=interface mezz.jei.api.recipe.vanilla.IJeiIngredientInfoRecipe]
[24May2026 18:05:49.463] [Render thread/DEBUG] [mezz.jei.library.recipes.RecipeManagerInternal/]: Adding recipes: RecipeType[uid=jei:information, recipeClass=interface mezz.jei.api.recipe.vanilla.IJeiIngredientInfoRecipe]
[24May2026 18:05:49.464] [Render thread/DEBUG] [mezz.jei.library.recipes.RecipeManagerInternal/]: Adding recipes: RecipeType[uid=jei:information, recipeClass=interface mezz.jei.api.recipe.vanilla.IJeiIngredientInfoRecipe]
[24May2026 18:05:49.464] [Render thread/DEBUG] [mezz.jei.library.recipes.RecipeManagerInternal/]: Adding recipes: RecipeType[uid=jei:information, recipeClass=interface mezz.jei.api.recipe.vanilla.IJeiIngredientInfoRecipe]
[24May2026 18:05:49.464] [Render thread/DEBUG] [mezz.jei.library.recipes.RecipeManagerInternal/]: Adding recipes: RecipeType[uid=jei:information, recipeClass=interface mezz.jei.api.recipe.vanilla.IJeiIngredientInfoRecipe]
[24May2026 18:05:49.464] [Render thread/DEBUG] [mezz.jei.library.recipes.RecipeManagerInternal/]: Adding recipes: RecipeType[uid=jei:information, recipeClass=interface mezz.jei.api.recipe.vanilla.IJeiIngredientInfoRecipe]
[24May2026 18:05:49.464] [Render thread/DEBUG] [mezz.jei.library.recipes.RecipeManagerInternal/]: Adding recipes: RecipeType[uid=jei:information, recipeClass=interface mezz.jei.api.recipe.vanilla.IJeiIngredientInfoRecipe]
[24May2026 18:05:49.464] [Render thread/DEBUG] [mezz.jei.library.recipes.RecipeManagerInternal/]: Adding recipes: RecipeType[uid=jei:information, recipeClass=interface mezz.jei.api.recipe.vanilla.IJeiIngredientInfoRecipe]
[24May2026 18:05:49.465] [Render thread/DEBUG] [mezz.jei.library.recipes.RecipeManagerInternal/]: Adding recipes: RecipeType[uid=jei:information, recipeClass=interface mezz.jei.api.recipe.vanilla.IJeiIngredientInfoRecipe]
[24May2026 18:05:49.465] [Render thread/DEBUG] [mezz.jei.library.recipes.RecipeManagerInternal/]: Adding recipes: RecipeType[uid=jei:information, recipeClass=interface mezz.jei.api.recipe.vanilla.IJeiIngredientInfoRecipe]
[24May2026 18:05:49.465] [Render thread/DEBUG] [mezz.jei.library.recipes.RecipeManagerInternal/]: Adding recipes: RecipeType[uid=jei:information, recipeClass=interface mezz.jei.api.recipe.vanilla.IJeiIngredientInfoRecipe]
[24May2026 18:05:49.465] [Render thread/DEBUG] [mezz.jei.library.recipes.RecipeManagerInternal/]: Adding recipes: RecipeType[uid=jei:information, recipeClass=interface mezz.jei.api.recipe.vanilla.IJeiIngredientInfoRecipe]
[24May2026 18:05:49.465] [Render thread/DEBUG] [mezz.jei.library.recipes.RecipeManagerInternal/]: Adding recipes: RecipeType[uid=jei:information, recipeClass=interface mezz.jei.api.recipe.vanilla.IJeiIngredientInfoRecipe]
[24May2026 18:05:49.465] [Render thread/DEBUG] [mezz.jei.library.recipes.RecipeManagerInternal/]: Adding recipes: RecipeType[uid=jei:information, recipeClass=interface mezz.jei.api.recipe.vanilla.IJeiIngredientInfoRecipe]
[24May2026 18:05:49.466] [Render thread/DEBUG] [mezz.jei.library.recipes.RecipeManagerInternal/]: Adding recipes: RecipeType[uid=jei:information, recipeClass=interface mezz.jei.api.recipe.vanilla.IJeiIngredientInfoRecipe]
[24May2026 18:05:49.466] [Render thread/DEBUG] [mezz.jei.library.recipes.RecipeManagerInternal/]: Adding recipes: RecipeType[uid=jei:information, recipeClass=interface mezz.jei.api.recipe.vanilla.IJeiIngredientInfoRecipe]
[24May2026 18:05:49.466] [Render thread/DEBUG] [mezz.jei.library.recipes.RecipeManagerInternal/]: Adding recipes: RecipeType[uid=jei:information, recipeClass=interface mezz.jei.api.recipe.vanilla.IJeiIngredientInfoRecipe]
[24May2026 18:05:49.467] [Render thread/DEBUG] [mezz.jei.library.recipes.RecipeManagerInternal/]: Adding recipes: RecipeType[uid=jei:information, recipeClass=interface mezz.jei.api.recipe.vanilla.IJeiIngredientInfoRecipe]
[24May2026 18:05:49.467] [Render thread/DEBUG] [mezz.jei.library.recipes.RecipeManagerInternal/]: Adding recipes: RecipeType[uid=jei:information, recipeClass=interface mezz.jei.api.recipe.vanilla.IJeiIngredientInfoRecipe]
[24May2026 18:05:49.467] [Render thread/DEBUG] [mezz.jei.library.recipes.RecipeManagerInternal/]: Adding recipes: RecipeType[uid=jei:information, recipeClass=interface mezz.jei.api.recipe.vanilla.IJeiIngredientInfoRecipe]
[24May2026 18:05:49.467] [Render thread/DEBUG] [mezz.jei.library.recipes.RecipeManagerInternal/]: Adding recipes: RecipeType[uid=jei:information, recipeClass=interface mezz.jei.api.recipe.vanilla.IJeiIngredientInfoRecipe]
[24May2026 18:05:49.467] [Render thread/DEBUG] [mezz.jei.library.recipes.RecipeManagerInternal/]: Adding recipes: RecipeType[uid=jei:information, recipeClass=interface mezz.jei.api.recipe.vanilla.IJeiIngredientInfoRecipe]
[24May2026 18:05:49.467] [Render thread/DEBUG] [mezz.jei.library.recipes.RecipeManagerInternal/]: Adding recipes: RecipeType[uid=jei:information, recipeClass=interface mezz.jei.api.recipe.vanilla.IJeiIngredientInfoRecipe]
[24May2026 18:05:49.467] [Render thread/DEBUG] [mezz.jei.library.recipes.RecipeManagerInternal/]: Adding recipes: RecipeType[uid=jei:information, recipeClass=interface mezz.jei.api.recipe.vanilla.IJeiIngredientInfoRecipe]
[24May2026 18:05:49.467] [Render thread/DEBUG] [mezz.jei.library.recipes.RecipeManagerInternal/]: Adding recipes: RecipeType[uid=jei:information, recipeClass=interface mezz.jei.api.recipe.vanilla.IJeiIngredientInfoRecipe]
[24May2026 18:05:49.468] [Render thread/DEBUG] [mezz.jei.library.recipes.RecipeManagerInternal/]: Adding recipes: RecipeType[uid=jei:information, recipeClass=interface mezz.jei.api.recipe.vanilla.IJeiIngredientInfoRecipe]
[24May2026 18:05:49.468] [Render thread/DEBUG] [mezz.jei.library.recipes.RecipeManagerInternal/]: Adding recipes: RecipeType[uid=jei:information, recipeClass=interface mezz.jei.api.recipe.vanilla.IJeiIngredientInfoRecipe]
[24May2026 18:05:49.468] [Render thread/DEBUG] [mezz.jei.library.recipes.RecipeManagerInternal/]: Adding recipes: RecipeType[uid=jei:information, recipeClass=interface mezz.jei.api.recipe.vanilla.IJeiIngredientInfoRecipe]
[24May2026 18:05:49.468] [Render thread/DEBUG] [mezz.jei.library.recipes.RecipeManagerInternal/]: Adding recipes: RecipeType[uid=jei:information, recipeClass=interface mezz.jei.api.recipe.vanilla.IJeiIngredientInfoRecipe]
[24May2026 18:05:49.468] [Render thread/DEBUG] [mezz.jei.library.recipes.RecipeManagerInternal/]: Adding recipes: RecipeType[uid=jei:information, recipeClass=interface mezz.jei.api.recipe.vanilla.IJeiIngredientInfoRecipe]
[24May2026 18:05:49.468] [Render thread/DEBUG] [mezz.jei.library.recipes.RecipeManagerInternal/]: Adding recipes: RecipeType[uid=jei:information, recipeClass=interface mezz.jei.api.recipe.vanilla.IJeiIngredientInfoRecipe]
[24May2026 18:05:49.469] [Render thread/DEBUG] [mezz.jei.library.recipes.RecipeManagerInternal/]: Adding recipes: RecipeType[uid=jei:information, recipeClass=interface mezz.jei.api.recipe.vanilla.IJeiIngredientInfoRecipe]
[24May2026 18:05:49.469] [Render thread/DEBUG] [mezz.jei.library.recipes.RecipeManagerInternal/]: Adding recipes: RecipeType[uid=jei:information, recipeClass=interface mezz.jei.api.recipe.vanilla.IJeiIngredientInfoRecipe]
[24May2026 18:05:49.469] [Render thread/DEBUG] [mezz.jei.library.recipes.RecipeManagerInternal/]: Adding recipes: RecipeType[uid=jei:information, recipeClass=interface mezz.jei.api.recipe.vanilla.IJeiIngredientInfoRecipe]
[24May2026 18:05:49.469] [Render thread/DEBUG] [mezz.jei.library.recipes.RecipeManagerInternal/]: Adding recipes: RecipeType[uid=jei:information, recipeClass=interface mezz.jei.api.recipe.vanilla.IJeiIngredientInfoRecipe]
[24May2026 18:05:49.469] [Render thread/DEBUG] [mezz.jei.library.recipes.RecipeManagerInternal/]: Adding recipes: RecipeType[uid=jei:information, recipeClass=interface mezz.jei.api.recipe.vanilla.IJeiIngredientInfoRecipe]
[24May2026 18:05:49.469] [Render thread/DEBUG] [mezz.jei.library.recipes.RecipeManagerInternal/]: Adding recipes: RecipeType[uid=jei:information, recipeClass=interface mezz.jei.api.recipe.vanilla.IJeiIngredientInfoRecipe]
[24May2026 18:05:49.469] [Render thread/DEBUG] [mezz.jei.library.recipes.RecipeManagerInternal/]: Adding recipes: RecipeType[uid=jei:information, recipeClass=interface mezz.jei.api.recipe.vanilla.IJeiIngredientInfoRecipe]
[24May2026 18:05:49.470] [Render thread/DEBUG] [mezz.jei.library.recipes.RecipeManagerInternal/]: Adding recipes: RecipeType[uid=jei:information, recipeClass=interface mezz.jei.api.recipe.vanilla.IJeiIngredientInfoRecipe]
[24May2026 18:05:49.470] [Render thread/DEBUG] [mezz.jei.library.recipes.RecipeManagerInternal/]: Adding recipes: RecipeType[uid=jei:information, recipeClass=interface mezz.jei.api.recipe.vanilla.IJeiIngredientInfoRecipe]
[24May2026 18:05:49.470] [Render thread/DEBUG] [mezz.jei.library.recipes.RecipeManagerInternal/]: Adding recipes: RecipeType[uid=jei:information, recipeClass=interface mezz.jei.api.recipe.vanilla.IJeiIngredientInfoRecipe]
[24May2026 18:05:49.470] [Render thread/DEBUG] [mezz.jei.library.recipes.RecipeManagerInternal/]: Adding recipes: RecipeType[uid=jei:information, recipeClass=interface mezz.jei.api.recipe.vanilla.IJeiIngredientInfoRecipe]
[24May2026 18:05:49.470] [Render thread/DEBUG] [mezz.jei.library.recipes.RecipeManagerInternal/]: Adding recipes: RecipeType[uid=jei:information, recipeClass=interface mezz.jei.api.recipe.vanilla.IJeiIngredientInfoRecipe]
[24May2026 18:05:49.470] [Render thread/DEBUG] [mezz.jei.library.recipes.RecipeManagerInternal/]: Adding recipes: RecipeType[uid=jei:information, recipeClass=interface mezz.jei.api.recipe.vanilla.IJeiIngredientInfoRecipe]
[24May2026 18:05:49.471] [Render thread/DEBUG] [mezz.jei.library.recipes.RecipeManagerInternal/]: Adding recipes: RecipeType[uid=jei:information, recipeClass=interface mezz.jei.api.recipe.vanilla.IJeiIngredientInfoRecipe]
[24May2026 18:05:49.471] [Render thread/DEBUG] [mezz.jei.library.recipes.RecipeManagerInternal/]: Adding recipes: RecipeType[uid=jei:information, recipeClass=interface mezz.jei.api.recipe.vanilla.IJeiIngredientInfoRecipe]
[24May2026 18:05:49.471] [Render thread/DEBUG] [mezz.jei.library.recipes.RecipeManagerInternal/]: Adding recipes: RecipeType[uid=jei:information, recipeClass=interface mezz.jei.api.recipe.vanilla.IJeiIngredientInfoRecipe]
[24May2026 18:05:49.471] [Render thread/DEBUG] [mezz.jei.library.recipes.RecipeManagerInternal/]: Adding recipes: RecipeType[uid=jei:information, recipeClass=interface mezz.jei.api.recipe.vanilla.IJeiIngredientInfoRecipe]
[24May2026 18:05:49.471] [Render thread/DEBUG] [mezz.jei.library.recipes.RecipeManagerInternal/]: Adding recipes: RecipeType[uid=jei:information, recipeClass=interface mezz.jei.api.recipe.vanilla.IJeiIngredientInfoRecipe]
[24May2026 18:05:49.471] [Render thread/DEBUG] [mezz.jei.library.recipes.RecipeManagerInternal/]: Adding recipes: RecipeType[uid=jei:information, recipeClass=interface mezz.jei.api.recipe.vanilla.IJeiIngredientInfoRecipe]
[24May2026 18:05:49.472] [Render thread/DEBUG] [mezz.jei.library.recipes.RecipeManagerInternal/]: Adding recipes: RecipeType[uid=jei:information, recipeClass=interface mezz.jei.api.recipe.vanilla.IJeiIngredientInfoRecipe]
[24May2026 18:05:49.472] [Render thread/DEBUG] [mezz.jei.library.recipes.RecipeManagerInternal/]: Adding recipes: RecipeType[uid=jei:information, recipeClass=interface mezz.jei.api.recipe.vanilla.IJeiIngredientInfoRecipe]
[24May2026 18:05:49.472] [Render thread/DEBUG] [mezz.jei.library.recipes.RecipeManagerInternal/]: Adding recipes: RecipeType[uid=jei:information, recipeClass=interface mezz.jei.api.recipe.vanilla.IJeiIngredientInfoRecipe]
[24May2026 18:05:49.472] [Render thread/DEBUG] [mezz.jei.library.recipes.RecipeManagerInternal/]: Adding recipes: RecipeType[uid=jei:information, recipeClass=interface mezz.jei.api.recipe.vanilla.IJeiIngredientInfoRecipe]
[24May2026 18:05:49.473] [Render thread/DEBUG] [mezz.jei.library.recipes.RecipeManagerInternal/]: Adding recipes: RecipeType[uid=jei:information, recipeClass=interface mezz.jei.api.recipe.vanilla.IJeiIngredientInfoRecipe]
[24May2026 18:05:49.473] [Render thread/DEBUG] [mezz.jei.library.recipes.RecipeManagerInternal/]: Adding recipes: RecipeType[uid=jei:information, recipeClass=interface mezz.jei.api.recipe.vanilla.IJeiIngredientInfoRecipe]
[24May2026 18:05:49.473] [Render thread/DEBUG] [mezz.jei.library.recipes.RecipeManagerInternal/]: Adding recipes: RecipeType[uid=jei:information, recipeClass=interface mezz.jei.api.recipe.vanilla.IJeiIngredientInfoRecipe]
[24May2026 18:05:49.473] [Render thread/DEBUG] [mezz.jei.library.recipes.RecipeManagerInternal/]: Adding recipes: RecipeType[uid=jei:information, recipeClass=interface mezz.jei.api.recipe.vanilla.IJeiIngredientInfoRecipe]
[24May2026 18:05:49.473] [Render thread/DEBUG] [mezz.jei.library.recipes.RecipeManagerInternal/]: Adding recipes: RecipeType[uid=jei:information, recipeClass=interface mezz.jei.api.recipe.vanilla.IJeiIngredientInfoRecipe]
[24May2026 18:05:49.473] [Render thread/DEBUG] [mezz.jei.library.recipes.RecipeManagerInternal/]: Adding recipes: RecipeType[uid=jei:information, recipeClass=interface mezz.jei.api.recipe.vanilla.IJeiIngredientInfoRecipe]
[24May2026 18:05:49.474] [Render thread/DEBUG] [mezz.jei.library.recipes.RecipeManagerInternal/]: Adding recipes: RecipeType[uid=jei:information, recipeClass=interface mezz.jei.api.recipe.vanilla.IJeiIngredientInfoRecipe]
[24May2026 18:05:49.474] [Render thread/DEBUG] [mezz.jei.library.recipes.RecipeManagerInternal/]: Adding recipes: RecipeType[uid=jei:information, recipeClass=interface mezz.jei.api.recipe.vanilla.IJeiIngredientInfoRecipe]
[24May2026 18:05:49.474] [Render thread/DEBUG] [mezz.jei.library.recipes.RecipeManagerInternal/]: Adding recipes: RecipeType[uid=jei:information, recipeClass=interface mezz.jei.api.recipe.vanilla.IJeiIngredientInfoRecipe]
[24May2026 18:05:49.474] [Render thread/DEBUG] [mezz.jei.library.recipes.RecipeManagerInternal/]: Adding recipes: RecipeType[uid=jei:information, recipeClass=interface mezz.jei.api.recipe.vanilla.IJeiIngredientInfoRecipe]
[24May2026 18:05:49.474] [Render thread/DEBUG] [mezz.jei.library.recipes.RecipeManagerInternal/]: Adding recipes: RecipeType[uid=jei:information, recipeClass=interface mezz.jei.api.recipe.vanilla.IJeiIngredientInfoRecipe]
[24May2026 18:05:49.474] [Render thread/DEBUG] [mezz.jei.library.recipes.RecipeManagerInternal/]: Adding recipes: RecipeType[uid=jei:information, recipeClass=interface mezz.jei.api.recipe.vanilla.IJeiIngredientInfoRecipe]
[24May2026 18:05:49.474] [Render thread/DEBUG] [mezz.jei.library.recipes.RecipeManagerInternal/]: Adding recipes: RecipeType[uid=jei:information, recipeClass=interface mezz.jei.api.recipe.vanilla.IJeiIngredientInfoRecipe]
[24May2026 18:05:49.475] [Render thread/DEBUG] [mezz.jei.library.recipes.RecipeManagerInternal/]: Adding recipes: RecipeType[uid=jei:information, recipeClass=interface mezz.jei.api.recipe.vanilla.IJeiIngredientInfoRecipe]
[24May2026 18:05:49.475] [Render thread/DEBUG] [mezz.jei.library.recipes.RecipeManagerInternal/]: Adding recipes: RecipeType[uid=jei:information, recipeClass=interface mezz.jei.api.recipe.vanilla.IJeiIngredientInfoRecipe]
[24May2026 18:05:49.475] [Render thread/DEBUG] [mezz.jei.library.recipes.RecipeManagerInternal/]: Adding recipes: RecipeType[uid=jei:information, recipeClass=interface mezz.jei.api.recipe.vanilla.IJeiIngredientInfoRecipe]
[24May2026 18:05:49.475] [Render thread/DEBUG] [mezz.jei.library.recipes.RecipeManagerInternal/]: Adding recipes: RecipeType[uid=jei:information, recipeClass=interface mezz.jei.api.recipe.vanilla.IJeiIngredientInfoRecipe]
[24May2026 18:05:49.475] [Render thread/DEBUG] [mezz.jei.library.recipes.RecipeManagerInternal/]: Adding recipes: RecipeType[uid=jei:information, recipeClass=interface mezz.jei.api.recipe.vanilla.IJeiIngredientInfoRecipe]
[24May2026 18:05:49.476] [Render thread/DEBUG] [mezz.jei.library.recipes.RecipeManagerInternal/]: Adding recipes: RecipeType[uid=jei:information, recipeClass=interface mezz.jei.api.recipe.vanilla.IJeiIngredientInfoRecipe]
[24May2026 18:05:49.476] [Render thread/DEBUG] [mezz.jei.library.recipes.RecipeManagerInternal/]: Adding recipes: RecipeType[uid=jei:information, recipeClass=interface mezz.jei.api.recipe.vanilla.IJeiIngredientInfoRecipe]
[24May2026 18:05:49.476] [Render thread/DEBUG] [mezz.jei.library.recipes.RecipeManagerInternal/]: Adding recipes: RecipeType[uid=jei:information, recipeClass=interface mezz.jei.api.recipe.vanilla.IJeiIngredientInfoRecipe]
[24May2026 18:05:49.476] [Render thread/DEBUG] [mezz.jei.library.recipes.RecipeManagerInternal/]: Adding recipes: RecipeType[uid=jei:information, recipeClass=interface mezz.jei.api.recipe.vanilla.IJeiIngredientInfoRecipe]
[24May2026 18:05:49.476] [Render thread/DEBUG] [mezz.jei.library.recipes.RecipeManagerInternal/]: Adding recipes: RecipeType[uid=jei:information, recipeClass=interface mezz.jei.api.recipe.vanilla.IJeiIngredientInfoRecipe]
[24May2026 18:05:49.476] [Render thread/DEBUG] [mezz.jei.library.recipes.RecipeManagerInternal/]: Adding recipes: RecipeType[uid=jei:information, recipeClass=interface mezz.jei.api.recipe.vanilla.IJeiIngredientInfoRecipe]
[24May2026 18:05:49.477] [Render thread/DEBUG] [mezz.jei.library.recipes.RecipeManagerInternal/]: Adding recipes: RecipeType[uid=jei:information, recipeClass=interface mezz.jei.api.recipe.vanilla.IJeiIngredientInfoRecipe]
[24May2026 18:05:49.477] [Render thread/DEBUG] [mezz.jei.library.recipes.RecipeManagerInternal/]: Adding recipes: RecipeType[uid=jei:information, recipeClass=interface mezz.jei.api.recipe.vanilla.IJeiIngredientInfoRecipe]
[24May2026 18:05:49.477] [Render thread/DEBUG] [mezz.jei.library.recipes.RecipeManagerInternal/]: Adding recipes: RecipeType[uid=jei:information, recipeClass=interface mezz.jei.api.recipe.vanilla.IJeiIngredientInfoRecipe]
[24May2026 18:05:49.477] [Render thread/DEBUG] [mezz.jei.library.recipes.RecipeManagerInternal/]: Adding recipes: RecipeType[uid=jei:information, recipeClass=interface mezz.jei.api.recipe.vanilla.IJeiIngredientInfoRecipe]
[24May2026 18:05:49.477] [Render thread/DEBUG] [mezz.jei.library.recipes.RecipeManagerInternal/]: Adding recipes: RecipeType[uid=jei:information, recipeClass=interface mezz.jei.api.recipe.vanilla.IJeiIngredientInfoRecipe]
[24May2026 18:05:49.477] [Render thread/DEBUG] [mezz.jei.library.recipes.RecipeManagerInternal/]: Adding recipes: RecipeType[uid=jei:information, recipeClass=interface mezz.jei.api.recipe.vanilla.IJeiIngredientInfoRecipe]
[24May2026 18:05:49.477] [Render thread/DEBUG] [mezz.jei.library.recipes.RecipeManagerInternal/]: Adding recipes: RecipeType[uid=jei:information, recipeClass=interface mezz.jei.api.recipe.vanilla.IJeiIngredientInfoRecipe]
[24May2026 18:05:49.478] [Render thread/DEBUG] [mezz.jei.library.recipes.RecipeManagerInternal/]: Adding recipes: RecipeType[uid=jei:information, recipeClass=interface mezz.jei.api.recipe.vanilla.IJeiIngredientInfoRecipe]
[24May2026 18:05:49.478] [Render thread/DEBUG] [mezz.jei.library.recipes.RecipeManagerInternal/]: Adding recipes: RecipeType[uid=jei:information, recipeClass=interface mezz.jei.api.recipe.vanilla.IJeiIngredientInfoRecipe]
[24May2026 18:05:49.478] [Render thread/DEBUG] [mezz.jei.library.recipes.RecipeManagerInternal/]: Adding recipes: RecipeType[uid=jei:information, recipeClass=interface mezz.jei.api.recipe.vanilla.IJeiIngredientInfoRecipe]
[24May2026 18:05:49.478] [Render thread/DEBUG] [mezz.jei.library.recipes.RecipeManagerInternal/]: Adding recipes: RecipeType[uid=jei:information, recipeClass=interface mezz.jei.api.recipe.vanilla.IJeiIngredientInfoRecipe]
[24May2026 18:05:49.479] [Render thread/DEBUG] [mezz.jei.library.recipes.RecipeManagerInternal/]: Adding recipes: RecipeType[uid=jei:information, recipeClass=interface mezz.jei.api.recipe.vanilla.IJeiIngredientInfoRecipe]
[24May2026 18:05:49.479] [Render thread/DEBUG] [mezz.jei.library.recipes.RecipeManagerInternal/]: Adding recipes: RecipeType[uid=jei:information, recipeClass=interface mezz.jei.api.recipe.vanilla.IJeiIngredientInfoRecipe]
[24May2026 18:05:49.479] [Render thread/DEBUG] [mezz.jei.library.recipes.RecipeManagerInternal/]: Adding recipes: RecipeType[uid=jei:information, recipeClass=interface mezz.jei.api.recipe.vanilla.IJeiIngredientInfoRecipe]
[24May2026 18:05:49.479] [Render thread/DEBUG] [mezz.jei.library.recipes.RecipeManagerInternal/]: Adding recipes: RecipeType[uid=jei:information, recipeClass=interface mezz.jei.api.recipe.vanilla.IJeiIngredientInfoRecipe]
[24May2026 18:05:49.479] [Render thread/DEBUG] [mezz.jei.library.recipes.RecipeManagerInternal/]: Adding recipes: RecipeType[uid=jei:information, recipeClass=interface mezz.jei.api.recipe.vanilla.IJeiIngredientInfoRecipe]
[24May2026 18:05:49.479] [Render thread/DEBUG] [mezz.jei.library.recipes.RecipeManagerInternal/]: Adding recipes: RecipeType[uid=jei:information, recipeClass=interface mezz.jei.api.recipe.vanilla.IJeiIngredientInfoRecipe]
[24May2026 18:05:49.480] [Render thread/DEBUG] [mezz.jei.library.recipes.RecipeManagerInternal/]: Adding recipes: RecipeType[uid=jei:information, recipeClass=interface mezz.jei.api.recipe.vanilla.IJeiIngredientInfoRecipe]
[24May2026 18:05:49.480] [Render thread/DEBUG] [mezz.jei.library.recipes.RecipeManagerInternal/]: Adding recipes: RecipeType[uid=jei:information, recipeClass=interface mezz.jei.api.recipe.vanilla.IJeiIngredientInfoRecipe]
[24May2026 18:05:49.480] [Render thread/DEBUG] [mezz.jei.library.recipes.RecipeManagerInternal/]: Adding recipes: RecipeType[uid=jei:information, recipeClass=interface mezz.jei.api.recipe.vanilla.IJeiIngredientInfoRecipe]
[24May2026 18:05:49.480] [Render thread/DEBUG] [mezz.jei.library.recipes.RecipeManagerInternal/]: Adding recipes: RecipeType[uid=jei:information, recipeClass=interface mezz.jei.api.recipe.vanilla.IJeiIngredientInfoRecipe]
[24May2026 18:05:49.480] [Render thread/DEBUG] [mezz.jei.library.recipes.RecipeManagerInternal/]: Adding recipes: RecipeType[uid=jei:information, recipeClass=interface mezz.jei.api.recipe.vanilla.IJeiIngredientInfoRecipe]
[24May2026 18:05:49.480] [Render thread/DEBUG] [mezz.jei.library.recipes.RecipeManagerInternal/]: Adding recipes: RecipeType[uid=jei:information, recipeClass=interface mezz.jei.api.recipe.vanilla.IJeiIngredientInfoRecipe]
[24May2026 18:05:49.481] [Render thread/DEBUG] [mezz.jei.library.recipes.RecipeManagerInternal/]: Adding recipes: RecipeType[uid=jei:information, recipeClass=interface mezz.jei.api.recipe.vanilla.IJeiIngredientInfoRecipe]
[24May2026 18:05:49.481] [Render thread/DEBUG] [mezz.jei.library.recipes.RecipeManagerInternal/]: Adding recipes: RecipeType[uid=jei:information, recipeClass=interface mezz.jei.api.recipe.vanilla.IJeiIngredientInfoRecipe]
[24May2026 18:05:49.481] [Render thread/DEBUG] [mezz.jei.library.recipes.RecipeManagerInternal/]: Adding recipes: RecipeType[uid=jei:information, recipeClass=interface mezz.jei.api.recipe.vanilla.IJeiIngredientInfoRecipe]
[24May2026 18:05:49.481] [Render thread/DEBUG] [mezz.jei.library.recipes.RecipeManagerInternal/]: Adding recipes: RecipeType[uid=jei:information, recipeClass=interface mezz.jei.api.recipe.vanilla.IJeiIngredientInfoRecipe]
[24May2026 18:05:49.481] [Render thread/DEBUG] [mezz.jei.library.recipes.RecipeManagerInternal/]: Adding recipes: RecipeType[uid=jei:information, recipeClass=interface mezz.jei.api.recipe.vanilla.IJeiIngredientInfoRecipe]
[24May2026 18:05:49.481] [Render thread/DEBUG] [mezz.jei.library.recipes.RecipeManagerInternal/]: Adding recipes: RecipeType[uid=jei:information, recipeClass=interface mezz.jei.api.recipe.vanilla.IJeiIngredientInfoRecipe]
[24May2026 18:05:49.482] [Render thread/DEBUG] [mezz.jei.library.recipes.RecipeManagerInternal/]: Adding recipes: RecipeType[uid=jei:information, recipeClass=interface mezz.jei.api.recipe.vanilla.IJeiIngredientInfoRecipe]
[24May2026 18:05:49.482] [Render thread/DEBUG] [mezz.jei.library.recipes.RecipeManagerInternal/]: Adding recipes: RecipeType[uid=jei:information, recipeClass=interface mezz.jei.api.recipe.vanilla.IJeiIngredientInfoRecipe]
[24May2026 18:05:49.482] [Render thread/DEBUG] [mezz.jei.library.recipes.RecipeManagerInternal/]: Adding recipes: RecipeType[uid=jei:information, recipeClass=interface mezz.jei.api.recipe.vanilla.IJeiIngredientInfoRecipe]
[24May2026 18:05:49.482] [Render thread/DEBUG] [mezz.jei.library.recipes.RecipeManagerInternal/]: Adding recipes: RecipeType[uid=jei:information, recipeClass=interface mezz.jei.api.recipe.vanilla.IJeiIngredientInfoRecipe]
[24May2026 18:05:49.482] [Render thread/DEBUG] [mezz.jei.library.recipes.RecipeManagerInternal/]: Adding recipes: RecipeType[uid=jei:information, recipeClass=interface mezz.jei.api.recipe.vanilla.IJeiIngredientInfoRecipe]
[24May2026 18:05:49.482] [Render thread/DEBUG] [mezz.jei.library.recipes.RecipeManagerInternal/]: Adding recipes: RecipeType[uid=jei:information, recipeClass=interface mezz.jei.api.recipe.vanilla.IJeiIngredientInfoRecipe]
[24May2026 18:05:49.482] [Render thread/DEBUG] [mezz.jei.library.recipes.RecipeManagerInternal/]: Adding recipes: RecipeType[uid=jei:information, recipeClass=interface mezz.jei.api.recipe.vanilla.IJeiIngredientInfoRecipe]
[24May2026 18:05:49.483] [Render thread/DEBUG] [mezz.jei.library.recipes.RecipeManagerInternal/]: Adding recipes: RecipeType[uid=jei:information, recipeClass=interface mezz.jei.api.recipe.vanilla.IJeiIngredientInfoRecipe]
[24May2026 18:05:49.483] [Render thread/DEBUG] [mezz.jei.library.recipes.RecipeManagerInternal/]: Adding recipes: RecipeType[uid=jei:information, recipeClass=interface mezz.jei.api.recipe.vanilla.IJeiIngredientInfoRecipe]
[24May2026 18:05:49.483] [Render thread/DEBUG] [mezz.jei.library.recipes.RecipeManagerInternal/]: Adding recipes: RecipeType[uid=jei:information, recipeClass=interface mezz.jei.api.recipe.vanilla.IJeiIngredientInfoRecipe]
[24May2026 18:05:49.483] [Render thread/DEBUG] [mezz.jei.library.recipes.RecipeManagerInternal/]: Adding recipes: RecipeType[uid=jei:information, recipeClass=interface mezz.jei.api.recipe.vanilla.IJeiIngredientInfoRecipe]
[24May2026 18:05:49.483] [Render thread/DEBUG] [mezz.jei.library.recipes.RecipeManagerInternal/]: Adding recipes: RecipeType[uid=jei:information, recipeClass=interface mezz.jei.api.recipe.vanilla.IJeiIngredientInfoRecipe]
[24May2026 18:05:49.483] [Render thread/DEBUG] [mezz.jei.library.recipes.RecipeManagerInternal/]: Adding recipes: RecipeType[uid=jei:information, recipeClass=interface mezz.jei.api.recipe.vanilla.IJeiIngredientInfoRecipe]
[24May2026 18:05:49.483] [Render thread/DEBUG] [mezz.jei.library.recipes.RecipeManagerInternal/]: Adding recipes: RecipeType[uid=jei:information, recipeClass=interface mezz.jei.api.recipe.vanilla.IJeiIngredientInfoRecipe]
[24May2026 18:05:49.484] [Render thread/DEBUG] [mezz.jei.library.recipes.RecipeManagerInternal/]: Adding recipes: RecipeType[uid=jei:information, recipeClass=interface mezz.jei.api.recipe.vanilla.IJeiIngredientInfoRecipe]
[24May2026 18:05:49.484] [Render thread/DEBUG] [mezz.jei.library.recipes.RecipeManagerInternal/]: Adding recipes: RecipeType[uid=jei:information, recipeClass=interface mezz.jei.api.recipe.vanilla.IJeiIngredientInfoRecipe]
[24May2026 18:05:49.484] [Render thread/DEBUG] [mezz.jei.library.recipes.RecipeManagerInternal/]: Adding recipes: RecipeType[uid=jei:information, recipeClass=interface mezz.jei.api.recipe.vanilla.IJeiIngredientInfoRecipe]
[24May2026 18:05:49.484] [Render thread/DEBUG] [mezz.jei.library.recipes.RecipeManagerInternal/]: Adding recipes: RecipeType[uid=jei:information, recipeClass=interface mezz.jei.api.recipe.vanilla.IJeiIngredientInfoRecipe]
[24May2026 18:05:49.484] [Render thread/DEBUG] [mezz.jei.library.recipes.RecipeManagerInternal/]: Adding recipes: RecipeType[uid=jei:information, recipeClass=interface mezz.jei.api.recipe.vanilla.IJeiIngredientInfoRecipe]
[24May2026 18:05:49.484] [Render thread/DEBUG] [mezz.jei.library.recipes.RecipeManagerInternal/]: Adding recipes: RecipeType[uid=jei:information, recipeClass=interface mezz.jei.api.recipe.vanilla.IJeiIngredientInfoRecipe]
[24May2026 18:05:49.484] [Render thread/DEBUG] [mezz.jei.library.recipes.RecipeManagerInternal/]: Adding recipes: RecipeType[uid=jei:information, recipeClass=interface mezz.jei.api.recipe.vanilla.IJeiIngredientInfoRecipe]
[24May2026 18:05:49.485] [Render thread/DEBUG] [mezz.jei.library.recipes.RecipeManagerInternal/]: Adding recipes: RecipeType[uid=jei:information, recipeClass=interface mezz.jei.api.recipe.vanilla.IJeiIngredientInfoRecipe]
[24May2026 18:05:49.485] [Render thread/DEBUG] [mezz.jei.library.recipes.RecipeManagerInternal/]: Adding recipes: RecipeType[uid=jei:information, recipeClass=interface mezz.jei.api.recipe.vanilla.IJeiIngredientInfoRecipe]
[24May2026 18:05:49.485] [Render thread/DEBUG] [mezz.jei.library.recipes.RecipeManagerInternal/]: Adding recipes: RecipeType[uid=jei:information, recipeClass=interface mezz.jei.api.recipe.vanilla.IJeiIngredientInfoRecipe]
[24May2026 18:05:49.485] [Render thread/DEBUG] [mezz.jei.library.recipes.RecipeManagerInternal/]: Adding recipes: RecipeType[uid=jei:information, recipeClass=interface mezz.jei.api.recipe.vanilla.IJeiIngredientInfoRecipe]
[24May2026 18:05:49.485] [Render thread/DEBUG] [mezz.jei.library.recipes.RecipeManagerInternal/]: Adding recipes: RecipeType[uid=jei:information, recipeClass=interface mezz.jei.api.recipe.vanilla.IJeiIngredientInfoRecipe]
[24May2026 18:05:49.485] [Render thread/DEBUG] [mezz.jei.library.recipes.RecipeManagerInternal/]: Adding recipes: RecipeType[uid=jei:information, recipeClass=interface mezz.jei.api.recipe.vanilla.IJeiIngredientInfoRecipe]
[24May2026 18:05:49.486] [Render thread/DEBUG] [mezz.jei.library.recipes.RecipeManagerInternal/]: Adding recipes: RecipeType[uid=jei:information, recipeClass=interface mezz.jei.api.recipe.vanilla.IJeiIngredientInfoRecipe]
[24May2026 18:05:49.486] [Render thread/DEBUG] [mezz.jei.library.recipes.RecipeManagerInternal/]: Adding recipes: RecipeType[uid=jei:information, recipeClass=interface mezz.jei.api.recipe.vanilla.IJeiIngredientInfoRecipe]
[24May2026 18:05:49.486] [Render thread/DEBUG] [mezz.jei.library.recipes.RecipeManagerInternal/]: Adding recipes: RecipeType[uid=jei:information, recipeClass=interface mezz.jei.api.recipe.vanilla.IJeiIngredientInfoRecipe]
[24May2026 18:05:49.486] [Render thread/DEBUG] [mezz.jei.library.recipes.RecipeManagerInternal/]: Adding recipes: RecipeType[uid=jei:information, recipeClass=interface mezz.jei.api.recipe.vanilla.IJeiIngredientInfoRecipe]
[24May2026 18:05:49.486] [Render thread/DEBUG] [mezz.jei.library.recipes.RecipeManagerInternal/]: Adding recipes: RecipeType[uid=jei:information, recipeClass=interface mezz.jei.api.recipe.vanilla.IJeiIngredientInfoRecipe]
[24May2026 18:05:49.486] [Render thread/DEBUG] [mezz.jei.library.recipes.RecipeManagerInternal/]: Adding recipes: RecipeType[uid=jei:information, recipeClass=interface mezz.jei.api.recipe.vanilla.IJeiIngredientInfoRecipe]
[24May2026 18:05:49.486] [Render thread/DEBUG] [mezz.jei.library.recipes.RecipeManagerInternal/]: Adding recipes: RecipeType[uid=jei:information, recipeClass=interface mezz.jei.api.recipe.vanilla.IJeiIngredientInfoRecipe]
[24May2026 18:05:49.487] [Render thread/DEBUG] [mezz.jei.library.recipes.RecipeManagerInternal/]: Adding recipes: RecipeType[uid=jei:information, recipeClass=interface mezz.jei.api.recipe.vanilla.IJeiIngredientInfoRecipe]
[24May2026 18:05:49.487] [Render thread/DEBUG] [mezz.jei.library.recipes.RecipeManagerInternal/]: Adding recipes: RecipeType[uid=jei:information, recipeClass=interface mezz.jei.api.recipe.vanilla.IJeiIngredientInfoRecipe]
[24May2026 18:05:49.487] [Render thread/DEBUG] [mezz.jei.library.recipes.RecipeManagerInternal/]: Adding recipes: RecipeType[uid=jei:information, recipeClass=interface mezz.jei.api.recipe.vanilla.IJeiIngredientInfoRecipe]
[24May2026 18:05:49.487] [Render thread/DEBUG] [mezz.jei.library.recipes.RecipeManagerInternal/]: Adding recipes: RecipeType[uid=jei:information, recipeClass=interface mezz.jei.api.recipe.vanilla.IJeiIngredientInfoRecipe]
[24May2026 18:05:49.487] [Render thread/DEBUG] [mezz.jei.library.recipes.RecipeManagerInternal/]: Adding recipes: RecipeType[uid=jei:information, recipeClass=interface mezz.jei.api.recipe.vanilla.IJeiIngredientInfoRecipe]
[24May2026 18:05:49.487] [Render thread/DEBUG] [mezz.jei.library.recipes.RecipeManagerInternal/]: Adding recipes: RecipeType[uid=jei:information, recipeClass=interface mezz.jei.api.recipe.vanilla.IJeiIngredientInfoRecipe]
[24May2026 18:05:49.487] [Render thread/DEBUG] [mezz.jei.library.recipes.RecipeManagerInternal/]: Adding recipes: RecipeType[uid=jei:information, recipeClass=interface mezz.jei.api.recipe.vanilla.IJeiIngredientInfoRecipe]
[24May2026 18:05:49.488] [Render thread/DEBUG] [mezz.jei.library.recipes.RecipeManagerInternal/]: Adding recipes: RecipeType[uid=jei:information, recipeClass=interface mezz.jei.api.recipe.vanilla.IJeiIngredientInfoRecipe]
[24May2026 18:05:49.488] [Render thread/DEBUG] [mezz.jei.library.recipes.RecipeManagerInternal/]: Adding recipes: RecipeType[uid=jei:information, recipeClass=interface mezz.jei.api.recipe.vanilla.IJeiIngredientInfoRecipe]
[24May2026 18:05:49.488] [Render thread/DEBUG] [mezz.jei.library.recipes.RecipeManagerInternal/]: Adding recipes: RecipeType[uid=jei:information, recipeClass=interface mezz.jei.api.recipe.vanilla.IJeiIngredientInfoRecipe]
[24May2026 18:05:49.488] [Render thread/DEBUG] [mezz.jei.library.recipes.RecipeManagerInternal/]: Adding recipes: RecipeType[uid=jei:information, recipeClass=interface mezz.jei.api.recipe.vanilla.IJeiIngredientInfoRecipe]
[24May2026 18:05:49.488] [Render thread/DEBUG] [mezz.jei.library.recipes.RecipeManagerInternal/]: Adding recipes: RecipeType[uid=jei:information, recipeClass=interface mezz.jei.api.recipe.vanilla.IJeiIngredientInfoRecipe]
[24May2026 18:05:49.488] [Render thread/DEBUG] [mezz.jei.library.recipes.RecipeManagerInternal/]: Adding recipes: RecipeType[uid=jei:information, recipeClass=interface mezz.jei.api.recipe.vanilla.IJeiIngredientInfoRecipe]
[24May2026 18:05:49.488] [Render thread/DEBUG] [mezz.jei.library.recipes.RecipeManagerInternal/]: Adding recipes: RecipeType[uid=jei:information, recipeClass=interface mezz.jei.api.recipe.vanilla.IJeiIngredientInfoRecipe]
[24May2026 18:05:49.488] [Render thread/DEBUG] [mezz.jei.library.recipes.RecipeManagerInternal/]: Adding recipes: RecipeType[uid=jei:information, recipeClass=interface mezz.jei.api.recipe.vanilla.IJeiIngredientInfoRecipe]
[24May2026 18:05:49.488] [Render thread/DEBUG] [mezz.jei.library.recipes.RecipeManagerInternal/]: Adding recipes: RecipeType[uid=jei:information, recipeClass=interface mezz.jei.api.recipe.vanilla.IJeiIngredientInfoRecipe]
[24May2026 18:05:49.489] [Render thread/DEBUG] [mezz.jei.library.recipes.RecipeManagerInternal/]: Adding recipes: RecipeType[uid=jei:information, recipeClass=interface mezz.jei.api.recipe.vanilla.IJeiIngredientInfoRecipe]
[24May2026 18:05:49.489] [Render thread/DEBUG] [mezz.jei.library.recipes.RecipeManagerInternal/]: Adding recipes: RecipeType[uid=jei:information, recipeClass=interface mezz.jei.api.recipe.vanilla.IJeiIngredientInfoRecipe]
[24May2026 18:05:49.489] [Render thread/DEBUG] [mezz.jei.library.recipes.RecipeManagerInternal/]: Adding recipes: RecipeType[uid=jei:information, recipeClass=interface mezz.jei.api.recipe.vanilla.IJeiIngredientInfoRecipe]
[24May2026 18:05:49.489] [Render thread/DEBUG] [mezz.jei.library.recipes.RecipeManagerInternal/]: Adding recipes: RecipeType[uid=jei:information, recipeClass=interface mezz.jei.api.recipe.vanilla.IJeiIngredientInfoRecipe]
[24May2026 18:05:49.489] [Render thread/DEBUG] [mezz.jei.library.recipes.RecipeManagerInternal/]: Adding recipes: RecipeType[uid=jei:information, recipeClass=interface mezz.jei.api.recipe.vanilla.IJeiIngredientInfoRecipe]
[24May2026 18:05:49.489] [Render thread/DEBUG] [mezz.jei.library.recipes.RecipeManagerInternal/]: Adding recipes: RecipeType[uid=jei:information, recipeClass=interface mezz.jei.api.recipe.vanilla.IJeiIngredientInfoRecipe]
[24May2026 18:05:49.490] [Render thread/DEBUG] [mezz.jei.library.recipes.RecipeManagerInternal/]: Adding recipes: RecipeType[uid=jei:information, recipeClass=interface mezz.jei.api.recipe.vanilla.IJeiIngredientInfoRecipe]
[24May2026 18:05:49.490] [Render thread/DEBUG] [mezz.jei.library.recipes.RecipeManagerInternal/]: Adding recipes: RecipeType[uid=jei:information, recipeClass=interface mezz.jei.api.recipe.vanilla.IJeiIngredientInfoRecipe]
[24May2026 18:05:49.490] [Render thread/DEBUG] [mezz.jei.library.recipes.RecipeManagerInternal/]: Adding recipes: RecipeType[uid=jei:information, recipeClass=interface mezz.jei.api.recipe.vanilla.IJeiIngredientInfoRecipe]
[24May2026 18:05:49.490] [Render thread/DEBUG] [mezz.jei.library.recipes.RecipeManagerInternal/]: Adding recipes: RecipeType[uid=jei:information, recipeClass=interface mezz.jei.api.recipe.vanilla.IJeiIngredientInfoRecipe]
[24May2026 18:05:49.490] [Render thread/DEBUG] [mezz.jei.library.recipes.RecipeManagerInternal/]: Adding recipes: RecipeType[uid=jei:information, recipeClass=interface mezz.jei.api.recipe.vanilla.IJeiIngredientInfoRecipe]
[24May2026 18:05:49.490] [Render thread/DEBUG] [mezz.jei.library.recipes.RecipeManagerInternal/]: Adding recipes: RecipeType[uid=jei:information, recipeClass=interface mezz.jei.api.recipe.vanilla.IJeiIngredientInfoRecipe]
[24May2026 18:05:49.491] [Render thread/DEBUG] [mezz.jei.library.recipes.RecipeManagerInternal/]: Adding recipes: RecipeType[uid=jei:information, recipeClass=interface mezz.jei.api.recipe.vanilla.IJeiIngredientInfoRecipe]
[24May2026 18:05:49.491] [Render thread/DEBUG] [mezz.jei.library.recipes.RecipeManagerInternal/]: Adding recipes: RecipeType[uid=jei:information, recipeClass=interface mezz.jei.api.recipe.vanilla.IJeiIngredientInfoRecipe]
[24May2026 18:05:49.491] [Render thread/DEBUG] [mezz.jei.library.recipes.RecipeManagerInternal/]: Adding recipes: RecipeType[uid=jei:information, recipeClass=interface mezz.jei.api.recipe.vanilla.IJeiIngredientInfoRecipe]
[24May2026 18:05:49.491] [Render thread/DEBUG] [mezz.jei.library.recipes.RecipeManagerInternal/]: Adding recipes: RecipeType[uid=jei:information, recipeClass=interface mezz.jei.api.recipe.vanilla.IJeiIngredientInfoRecipe]
[24May2026 18:05:49.491] [Render thread/DEBUG] [mezz.jei.library.recipes.RecipeManagerInternal/]: Adding recipes: RecipeType[uid=jei:information, recipeClass=interface mezz.jei.api.recipe.vanilla.IJeiIngredientInfoRecipe]
[24May2026 18:05:49.491] [Render thread/DEBUG] [mezz.jei.library.recipes.RecipeManagerInternal/]: Adding recipes: RecipeType[uid=jei:information, recipeClass=interface mezz.jei.api.recipe.vanilla.IJeiIngredientInfoRecipe]
[24May2026 18:05:49.492] [Render thread/DEBUG] [mezz.jei.library.recipes.RecipeManagerInternal/]: Adding recipes: RecipeType[uid=jei:information, recipeClass=interface mezz.jei.api.recipe.vanilla.IJeiIngredientInfoRecipe]
[24May2026 18:05:49.492] [Render thread/DEBUG] [mezz.jei.library.recipes.RecipeManagerInternal/]: Adding recipes: RecipeType[uid=jei:information, recipeClass=interface mezz.jei.api.recipe.vanilla.IJeiIngredientInfoRecipe]
[24May2026 18:05:49.492] [Render thread/DEBUG] [mezz.jei.library.recipes.RecipeManagerInternal/]: Adding recipes: RecipeType[uid=jei:information, recipeClass=interface mezz.jei.api.recipe.vanilla.IJeiIngredientInfoRecipe]
[24May2026 18:05:49.492] [Render thread/DEBUG] [mezz.jei.library.recipes.RecipeManagerInternal/]: Adding recipes: RecipeType[uid=jei:information, recipeClass=interface mezz.jei.api.recipe.vanilla.IJeiIngredientInfoRecipe]
[24May2026 18:05:49.492] [Render thread/DEBUG] [mezz.jei.library.recipes.RecipeManagerInternal/]: Adding recipes: RecipeType[uid=jei:information, recipeClass=interface mezz.jei.api.recipe.vanilla.IJeiIngredientInfoRecipe]
[24May2026 18:05:49.492] [Render thread/DEBUG] [mezz.jei.library.recipes.RecipeManagerInternal/]: Adding recipes: RecipeType[uid=jei:information, recipeClass=interface mezz.jei.api.recipe.vanilla.IJeiIngredientInfoRecipe]
[24May2026 18:05:49.492] [Render thread/DEBUG] [mezz.jei.library.recipes.RecipeManagerInternal/]: Adding recipes: RecipeType[uid=jei:information, recipeClass=interface mezz.jei.api.recipe.vanilla.IJeiIngredientInfoRecipe]
[24May2026 18:05:49.493] [Render thread/DEBUG] [mezz.jei.library.recipes.RecipeManagerInternal/]: Adding recipes: RecipeType[uid=jei:information, recipeClass=interface mezz.jei.api.recipe.vanilla.IJeiIngredientInfoRecipe]
[24May2026 18:05:49.493] [Render thread/DEBUG] [mezz.jei.library.recipes.RecipeManagerInternal/]: Adding recipes: RecipeType[uid=jei:information, recipeClass=interface mezz.jei.api.recipe.vanilla.IJeiIngredientInfoRecipe]
[24May2026 18:05:49.493] [Render thread/DEBUG] [mezz.jei.library.recipes.RecipeManagerInternal/]: Adding recipes: RecipeType[uid=jei:information, recipeClass=interface mezz.jei.api.recipe.vanilla.IJeiIngredientInfoRecipe]
[24May2026 18:05:49.493] [Render thread/DEBUG] [mezz.jei.library.recipes.RecipeManagerInternal/]: Adding recipes: RecipeType[uid=jei:information, recipeClass=interface mezz.jei.api.recipe.vanilla.IJeiIngredientInfoRecipe]
[24May2026 18:05:49.494] [Render thread/DEBUG] [mezz.jei.library.recipes.RecipeManagerInternal/]: Adding recipes: RecipeType[uid=jei:information, recipeClass=interface mezz.jei.api.recipe.vanilla.IJeiIngredientInfoRecipe]
[24May2026 18:05:49.494] [Render thread/DEBUG] [mezz.jei.library.recipes.RecipeManagerInternal/]: Adding recipes: RecipeType[uid=jei:information, recipeClass=interface mezz.jei.api.recipe.vanilla.IJeiIngredientInfoRecipe]
[24May2026 18:05:49.494] [Render thread/DEBUG] [mezz.jei.library.recipes.RecipeManagerInternal/]: Adding recipes: RecipeType[uid=jei:information, recipeClass=interface mezz.jei.api.recipe.vanilla.IJeiIngredientInfoRecipe]
[24May2026 18:05:49.494] [Render thread/DEBUG] [mezz.jei.library.recipes.RecipeManagerInternal/]: Adding recipes: RecipeType[uid=jei:information, recipeClass=interface mezz.jei.api.recipe.vanilla.IJeiIngredientInfoRecipe]
[24May2026 18:05:49.495] [Render thread/DEBUG] [mezz.jei.library.recipes.RecipeManagerInternal/]: Adding recipes: RecipeType[uid=jei:information, recipeClass=interface mezz.jei.api.recipe.vanilla.IJeiIngredientInfoRecipe]
[24May2026 18:05:49.495] [Render thread/DEBUG] [mezz.jei.library.recipes.RecipeManagerInternal/]: Adding recipes: RecipeType[uid=jei:information, recipeClass=interface mezz.jei.api.recipe.vanilla.IJeiIngredientInfoRecipe]
[24May2026 18:05:49.495] [Render thread/DEBUG] [mezz.jei.library.recipes.RecipeManagerInternal/]: Adding recipes: RecipeType[uid=jei:information, recipeClass=interface mezz.jei.api.recipe.vanilla.IJeiIngredientInfoRecipe]
[24May2026 18:05:49.495] [Render thread/DEBUG] [mezz.jei.library.recipes.RecipeManagerInternal/]: Adding recipes: RecipeType[uid=jei:information, recipeClass=interface mezz.jei.api.recipe.vanilla.IJeiIngredientInfoRecipe]
[24May2026 18:05:49.495] [Render thread/DEBUG] [mezz.jei.library.recipes.RecipeManagerInternal/]: Adding recipes: RecipeType[uid=jei:information, recipeClass=interface mezz.jei.api.recipe.vanilla.IJeiIngredientInfoRecipe]
[24May2026 18:05:49.495] [Render thread/DEBUG] [mezz.jei.library.recipes.RecipeManagerInternal/]: Adding recipes: RecipeType[uid=jei:information, recipeClass=interface mezz.jei.api.recipe.vanilla.IJeiIngredientInfoRecipe]
[24May2026 18:05:49.495] [Render thread/DEBUG] [mezz.jei.library.recipes.RecipeManagerInternal/]: Adding recipes: RecipeType[uid=jei:information, recipeClass=interface mezz.jei.api.recipe.vanilla.IJeiIngredientInfoRecipe]
[24May2026 18:05:49.496] [Render thread/DEBUG] [mezz.jei.library.recipes.RecipeManagerInternal/]: Adding recipes: RecipeType[uid=jei:information, recipeClass=interface mezz.jei.api.recipe.vanilla.IJeiIngredientInfoRecipe]
[24May2026 18:05:49.496] [Render thread/DEBUG] [mezz.jei.library.recipes.RecipeManagerInternal/]: Adding recipes: RecipeType[uid=jei:information, recipeClass=interface mezz.jei.api.recipe.vanilla.IJeiIngredientInfoRecipe]
[24May2026 18:05:49.496] [Render thread/DEBUG] [mezz.jei.library.recipes.RecipeManagerInternal/]: Adding recipes: RecipeType[uid=jei:information, recipeClass=interface mezz.jei.api.recipe.vanilla.IJeiIngredientInfoRecipe]
[24May2026 18:05:49.496] [Render thread/DEBUG] [mezz.jei.library.recipes.RecipeManagerInternal/]: Adding recipes: RecipeType[uid=jei:information, recipeClass=interface mezz.jei.api.recipe.vanilla.IJeiIngredientInfoRecipe]
[24May2026 18:05:49.496] [Render thread/DEBUG] [mezz.jei.library.recipes.RecipeManagerInternal/]: Adding recipes: RecipeType[uid=jei:information, recipeClass=interface mezz.jei.api.recipe.vanilla.IJeiIngredientInfoRecipe]
[24May2026 18:05:49.496] [Render thread/DEBUG] [mezz.jei.library.recipes.RecipeManagerInternal/]: Adding recipes: RecipeType[uid=jei:information, recipeClass=interface mezz.jei.api.recipe.vanilla.IJeiIngredientInfoRecipe]
[24May2026 18:05:49.497] [Render thread/DEBUG] [mezz.jei.library.recipes.RecipeManagerInternal/]: Adding recipes: RecipeType[uid=jei:information, recipeClass=interface mezz.jei.api.recipe.vanilla.IJeiIngredientInfoRecipe]
[24May2026 18:05:49.497] [Render thread/DEBUG] [mezz.jei.library.recipes.RecipeManagerInternal/]: Adding recipes: RecipeType[uid=jei:information, recipeClass=interface mezz.jei.api.recipe.vanilla.IJeiIngredientInfoRecipe]
[24May2026 18:05:49.497] [Render thread/DEBUG] [mezz.jei.library.recipes.RecipeManagerInternal/]: Adding recipes: RecipeType[uid=jei:information, recipeClass=interface mezz.jei.api.recipe.vanilla.IJeiIngredientInfoRecipe]
[24May2026 18:05:49.497] [Render thread/DEBUG] [mezz.jei.library.recipes.RecipeManagerInternal/]: Adding recipes: RecipeType[uid=jei:information, recipeClass=interface mezz.jei.api.recipe.vanilla.IJeiIngredientInfoRecipe]
[24May2026 18:05:49.497] [Render thread/DEBUG] [mezz.jei.library.recipes.RecipeManagerInternal/]: Adding recipes: RecipeType[uid=jei:information, recipeClass=interface mezz.jei.api.recipe.vanilla.IJeiIngredientInfoRecipe]
[24May2026 18:05:49.497] [Render thread/DEBUG] [mezz.jei.library.recipes.RecipeManagerInternal/]: Adding recipes: RecipeType[uid=jei:information, recipeClass=interface mezz.jei.api.recipe.vanilla.IJeiIngredientInfoRecipe]
[24May2026 18:05:49.497] [Render thread/DEBUG] [mezz.jei.library.recipes.RecipeManagerInternal/]: Adding recipes: RecipeType[uid=jei:information, recipeClass=interface mezz.jei.api.recipe.vanilla.IJeiIngredientInfoRecipe]
[24May2026 18:05:49.497] [Render thread/DEBUG] [mezz.jei.library.recipes.RecipeManagerInternal/]: Adding recipes: RecipeType[uid=jei:information, recipeClass=interface mezz.jei.api.recipe.vanilla.IJeiIngredientInfoRecipe]
[24May2026 18:05:49.497] [Render thread/DEBUG] [mezz.jei.library.recipes.RecipeManagerInternal/]: Adding recipes: RecipeType[uid=jei:information, recipeClass=interface mezz.jei.api.recipe.vanilla.IJeiIngredientInfoRecipe]
[24May2026 18:05:49.498] [Render thread/DEBUG] [mezz.jei.library.recipes.RecipeManagerInternal/]: Adding recipes: RecipeType[uid=jei:information, recipeClass=interface mezz.jei.api.recipe.vanilla.IJeiIngredientInfoRecipe]
[24May2026 18:05:49.498] [Render thread/DEBUG] [mezz.jei.library.recipes.RecipeManagerInternal/]: Adding recipes: RecipeType[uid=jei:information, recipeClass=interface mezz.jei.api.recipe.vanilla.IJeiIngredientInfoRecipe]
[24May2026 18:05:49.498] [Render thread/DEBUG] [mezz.jei.library.recipes.RecipeManagerInternal/]: Adding recipes: RecipeType[uid=jei:information, recipeClass=interface mezz.jei.api.recipe.vanilla.IJeiIngredientInfoRecipe]
[24May2026 18:05:49.498] [Render thread/DEBUG] [mezz.jei.library.recipes.RecipeManagerInternal/]: Adding recipes: RecipeType[uid=jei:information, recipeClass=interface mezz.jei.api.recipe.vanilla.IJeiIngredientInfoRecipe]
[24May2026 18:05:49.498] [Render thread/DEBUG] [mezz.jei.library.recipes.RecipeManagerInternal/]: Adding recipes: RecipeType[uid=jei:information, recipeClass=interface mezz.jei.api.recipe.vanilla.IJeiIngredientInfoRecipe]
[24May2026 18:05:49.498] [Render thread/DEBUG] [mezz.jei.library.recipes.RecipeManagerInternal/]: Adding recipes: RecipeType[uid=jei:information, recipeClass=interface mezz.jei.api.recipe.vanilla.IJeiIngredientInfoRecipe]
[24May2026 18:05:49.498] [Render thread/DEBUG] [mezz.jei.library.recipes.RecipeManagerInternal/]: Adding recipes: RecipeType[uid=jei:information, recipeClass=interface mezz.jei.api.recipe.vanilla.IJeiIngredientInfoRecipe]
[24May2026 18:05:49.498] [Render thread/DEBUG] [mezz.jei.library.recipes.RecipeManagerInternal/]: Adding recipes: RecipeType[uid=jei:information, recipeClass=interface mezz.jei.api.recipe.vanilla.IJeiIngredientInfoRecipe]
[24May2026 18:05:49.499] [Render thread/DEBUG] [mezz.jei.library.recipes.RecipeManagerInternal/]: Adding recipes: RecipeType[uid=jei:information, recipeClass=interface mezz.jei.api.recipe.vanilla.IJeiIngredientInfoRecipe]
[24May2026 18:05:49.499] [Render thread/DEBUG] [mezz.jei.library.recipes.RecipeManagerInternal/]: Adding recipes: RecipeType[uid=jei:information, recipeClass=interface mezz.jei.api.recipe.vanilla.IJeiIngredientInfoRecipe]
[24May2026 18:05:49.499] [Render thread/DEBUG] [mezz.jei.library.recipes.RecipeManagerInternal/]: Adding recipes: RecipeType[uid=jei:information, recipeClass=interface mezz.jei.api.recipe.vanilla.IJeiIngredientInfoRecipe]
[24May2026 18:05:49.499] [Render thread/DEBUG] [mezz.jei.library.recipes.RecipeManagerInternal/]: Adding recipes: RecipeType[uid=jei:information, recipeClass=interface mezz.jei.api.recipe.vanilla.IJeiIngredientInfoRecipe]
[24May2026 18:05:49.499] [Render thread/DEBUG] [mezz.jei.library.recipes.RecipeManagerInternal/]: Adding recipes: RecipeType[uid=jei:information, recipeClass=interface mezz.jei.api.recipe.vanilla.IJeiIngredientInfoRecipe]
[24May2026 18:05:49.499] [Render thread/DEBUG] [mezz.jei.library.recipes.RecipeManagerInternal/]: Adding recipes: RecipeType[uid=jei:information, recipeClass=interface mezz.jei.api.recipe.vanilla.IJeiIngredientInfoRecipe]
[24May2026 18:05:49.500] [Render thread/DEBUG] [mezz.jei.library.recipes.RecipeManagerInternal/]: Adding recipes: RecipeType[uid=jei:information, recipeClass=interface mezz.jei.api.recipe.vanilla.IJeiIngredientInfoRecipe]
[24May2026 18:05:49.500] [Render thread/DEBUG] [mezz.jei.library.recipes.RecipeManagerInternal/]: Adding recipes: RecipeType[uid=jei:information, recipeClass=interface mezz.jei.api.recipe.vanilla.IJeiIngredientInfoRecipe]
[24May2026 18:05:49.500] [Render thread/DEBUG] [mezz.jei.library.recipes.RecipeManagerInternal/]: Adding recipes: RecipeType[uid=jei:information, recipeClass=interface mezz.jei.api.recipe.vanilla.IJeiIngredientInfoRecipe]
[24May2026 18:05:49.500] [Render thread/DEBUG] [mezz.jei.library.recipes.RecipeManagerInternal/]: Adding recipes: RecipeType[uid=jei:information, recipeClass=interface mezz.jei.api.recipe.vanilla.IJeiIngredientInfoRecipe]
[24May2026 18:05:49.500] [Render thread/DEBUG] [mezz.jei.library.recipes.RecipeManagerInternal/]: Adding recipes: RecipeType[uid=jei:information, recipeClass=interface mezz.jei.api.recipe.vanilla.IJeiIngredientInfoRecipe]
[24May2026 18:05:49.500] [Render thread/DEBUG] [mezz.jei.library.recipes.RecipeManagerInternal/]: Adding recipes: RecipeType[uid=jei:information, recipeClass=interface mezz.jei.api.recipe.vanilla.IJeiIngredientInfoRecipe]
[24May2026 18:05:49.500] [Render thread/DEBUG] [mezz.jei.library.recipes.RecipeManagerInternal/]: Adding recipes: RecipeType[uid=jei:information, recipeClass=interface mezz.jei.api.recipe.vanilla.IJeiIngredientInfoRecipe]
[24May2026 18:05:49.501] [Render thread/DEBUG] [mezz.jei.library.recipes.RecipeManagerInternal/]: Adding recipes: RecipeType[uid=jei:information, recipeClass=interface mezz.jei.api.recipe.vanilla.IJeiIngredientInfoRecipe]
[24May2026 18:05:49.501] [Render thread/DEBUG] [mezz.jei.library.recipes.RecipeManagerInternal/]: Adding recipes: RecipeType[uid=jei:information, recipeClass=interface mezz.jei.api.recipe.vanilla.IJeiIngredientInfoRecipe]
[24May2026 18:05:49.501] [Render thread/DEBUG] [mezz.jei.library.recipes.RecipeManagerInternal/]: Adding recipes: RecipeType[uid=jei:information, recipeClass=interface mezz.jei.api.recipe.vanilla.IJeiIngredientInfoRecipe]
[24May2026 18:05:49.501] [Render thread/DEBUG] [mezz.jei.library.recipes.RecipeManagerInternal/]: Adding recipes: RecipeType[uid=jei:information, recipeClass=interface mezz.jei.api.recipe.vanilla.IJeiIngredientInfoRecipe]
[24May2026 18:05:49.501] [Render thread/DEBUG] [mezz.jei.library.recipes.RecipeManagerInternal/]: Adding recipes: RecipeType[uid=jei:information, recipeClass=interface mezz.jei.api.recipe.vanilla.IJeiIngredientInfoRecipe]
[24May2026 18:05:49.501] [Render thread/DEBUG] [mezz.jei.library.recipes.RecipeManagerInternal/]: Adding recipes: RecipeType[uid=jei:information, recipeClass=interface mezz.jei.api.recipe.vanilla.IJeiIngredientInfoRecipe]
[24May2026 18:05:49.502] [Render thread/DEBUG] [mezz.jei.library.recipes.RecipeManagerInternal/]: Adding recipes: RecipeType[uid=jei:information, recipeClass=interface mezz.jei.api.recipe.vanilla.IJeiIngredientInfoRecipe]
[24May2026 18:05:49.502] [Render thread/DEBUG] [mezz.jei.library.recipes.RecipeManagerInternal/]: Adding recipes: RecipeType[uid=jei:information, recipeClass=interface mezz.jei.api.recipe.vanilla.IJeiIngredientInfoRecipe]
[24May2026 18:05:49.502] [Render thread/DEBUG] [mezz.jei.library.recipes.RecipeManagerInternal/]: Adding recipes: RecipeType[uid=jei:information, recipeClass=interface mezz.jei.api.recipe.vanilla.IJeiIngredientInfoRecipe]
[24May2026 18:05:49.502] [Render thread/DEBUG] [mezz.jei.library.recipes.RecipeManagerInternal/]: Adding recipes: RecipeType[uid=jei:information, recipeClass=interface mezz.jei.api.recipe.vanilla.IJeiIngredientInfoRecipe]
[24May2026 18:05:49.502] [Render thread/DEBUG] [mezz.jei.library.recipes.RecipeManagerInternal/]: Adding recipes: RecipeType[uid=jei:information, recipeClass=interface mezz.jei.api.recipe.vanilla.IJeiIngredientInfoRecipe]
[24May2026 18:05:49.502] [Render thread/DEBUG] [mezz.jei.library.recipes.RecipeManagerInternal/]: Adding recipes: RecipeType[uid=jei:information, recipeClass=interface mezz.jei.api.recipe.vanilla.IJeiIngredientInfoRecipe]
[24May2026 18:05:49.502] [Render thread/DEBUG] [mezz.jei.library.recipes.RecipeManagerInternal/]: Adding recipes: RecipeType[uid=jei:information, recipeClass=interface mezz.jei.api.recipe.vanilla.IJeiIngredientInfoRecipe]
[24May2026 18:05:49.502] [Render thread/DEBUG] [mezz.jei.library.recipes.RecipeManagerInternal/]: Adding recipes: RecipeType[uid=jei:information, recipeClass=interface mezz.jei.api.recipe.vanilla.IJeiIngredientInfoRecipe]
[24May2026 18:05:49.503] [Render thread/DEBUG] [mezz.jei.library.recipes.RecipeManagerInternal/]: Adding recipes: RecipeType[uid=jei:information, recipeClass=interface mezz.jei.api.recipe.vanilla.IJeiIngredientInfoRecipe]
[24May2026 18:05:49.503] [Render thread/DEBUG] [mezz.jei.library.recipes.RecipeManagerInternal/]: Adding recipes: RecipeType[uid=jei:information, recipeClass=interface mezz.jei.api.recipe.vanilla.IJeiIngredientInfoRecipe]
[24May2026 18:05:49.503] [Render thread/DEBUG] [mezz.jei.library.recipes.RecipeManagerInternal/]: Adding recipes: RecipeType[uid=jei:information, recipeClass=interface mezz.jei.api.recipe.vanilla.IJeiIngredientInfoRecipe]
[24May2026 18:05:49.503] [Render thread/DEBUG] [mezz.jei.library.recipes.RecipeManagerInternal/]: Adding recipes: RecipeType[uid=jei:information, recipeClass=interface mezz.jei.api.recipe.vanilla.IJeiIngredientInfoRecipe]
[24May2026 18:05:49.503] [Render thread/DEBUG] [mezz.jei.library.recipes.RecipeManagerInternal/]: Adding recipes: RecipeType[uid=jei:information, recipeClass=interface mezz.jei.api.recipe.vanilla.IJeiIngredientInfoRecipe]
[24May2026 18:05:49.503] [Render thread/DEBUG] [mezz.jei.library.recipes.RecipeManagerInternal/]: Adding recipes: RecipeType[uid=jei:information, recipeClass=interface mezz.jei.api.recipe.vanilla.IJeiIngredientInfoRecipe]
[24May2026 18:05:49.503] [Render thread/DEBUG] [mezz.jei.library.recipes.RecipeManagerInternal/]: Adding recipes: RecipeType[uid=jei:information, recipeClass=interface mezz.jei.api.recipe.vanilla.IJeiIngredientInfoRecipe]
[24May2026 18:05:49.504] [Render thread/DEBUG] [mezz.jei.library.recipes.RecipeManagerInternal/]: Adding recipes: RecipeType[uid=jei:information, recipeClass=interface mezz.jei.api.recipe.vanilla.IJeiIngredientInfoRecipe]
[24May2026 18:05:49.504] [Render thread/DEBUG] [mezz.jei.library.recipes.RecipeManagerInternal/]: Adding recipes: RecipeType[uid=jei:information, recipeClass=interface mezz.jei.api.recipe.vanilla.IJeiIngredientInfoRecipe]
[24May2026 18:05:49.504] [Render thread/DEBUG] [mezz.jei.library.recipes.RecipeManagerInternal/]: Adding recipes: RecipeType[uid=jei:information, recipeClass=interface mezz.jei.api.recipe.vanilla.IJeiIngredientInfoRecipe]
[24May2026 18:05:49.504] [Render thread/DEBUG] [mezz.jei.library.recipes.RecipeManagerInternal/]: Adding recipes: RecipeType[uid=jei:information, recipeClass=interface mezz.jei.api.recipe.vanilla.IJeiIngredientInfoRecipe]
[24May2026 18:05:49.504] [Render thread/DEBUG] [mezz.jei.library.recipes.RecipeManagerInternal/]: Adding recipes: RecipeType[uid=jei:information, recipeClass=interface mezz.jei.api.recipe.vanilla.IJeiIngredientInfoRecipe]
[24May2026 18:05:49.504] [Render thread/DEBUG] [mezz.jei.library.recipes.RecipeManagerInternal/]: Adding recipes: RecipeType[uid=jei:information, recipeClass=interface mezz.jei.api.recipe.vanilla.IJeiIngredientInfoRecipe]
[24May2026 18:05:49.504] [Render thread/DEBUG] [mezz.jei.library.recipes.RecipeManagerInternal/]: Adding recipes: RecipeType[uid=jei:information, recipeClass=interface mezz.jei.api.recipe.vanilla.IJeiIngredientInfoRecipe]
[24May2026 18:05:49.505] [Render thread/DEBUG] [mezz.jei.library.recipes.RecipeManagerInternal/]: Adding recipes: RecipeType[uid=jei:information, recipeClass=interface mezz.jei.api.recipe.vanilla.IJeiIngredientInfoRecipe]
[24May2026 18:05:49.505] [Render thread/DEBUG] [mezz.jei.library.recipes.RecipeManagerInternal/]: Adding recipes: RecipeType[uid=jei:information, recipeClass=interface mezz.jei.api.recipe.vanilla.IJeiIngredientInfoRecipe]
[24May2026 18:05:49.505] [Render thread/DEBUG] [mezz.jei.library.recipes.RecipeManagerInternal/]: Adding recipes: RecipeType[uid=jei:information, recipeClass=interface mezz.jei.api.recipe.vanilla.IJeiIngredientInfoRecipe]
[24May2026 18:05:49.505] [Render thread/DEBUG] [mezz.jei.library.recipes.RecipeManagerInternal/]: Adding recipes: RecipeType[uid=jei:information, recipeClass=interface mezz.jei.api.recipe.vanilla.IJeiIngredientInfoRecipe]
[24May2026 18:05:49.505] [Render thread/DEBUG] [mezz.jei.library.recipes.RecipeManagerInternal/]: Adding recipes: RecipeType[uid=jei:information, recipeClass=interface mezz.jei.api.recipe.vanilla.IJeiIngredientInfoRecipe]
[24May2026 18:05:49.505] [Render thread/DEBUG] [mezz.jei.library.recipes.RecipeManagerInternal/]: Adding recipes: RecipeType[uid=jei:information, recipeClass=interface mezz.jei.api.recipe.vanilla.IJeiIngredientInfoRecipe]
[24May2026 18:05:49.506] [Render thread/DEBUG] [mezz.jei.library.recipes.RecipeManagerInternal/]: Adding recipes: RecipeType[uid=jei:information, recipeClass=interface mezz.jei.api.recipe.vanilla.IJeiIngredientInfoRecipe]
[24May2026 18:05:49.506] [Render thread/DEBUG] [mezz.jei.library.recipes.RecipeManagerInternal/]: Adding recipes: RecipeType[uid=jei:information, recipeClass=interface mezz.jei.api.recipe.vanilla.IJeiIngredientInfoRecipe]
[24May2026 18:05:49.506] [Render thread/DEBUG] [mezz.jei.library.recipes.RecipeManagerInternal/]: Adding recipes: RecipeType[uid=jei:information, recipeClass=interface mezz.jei.api.recipe.vanilla.IJeiIngredientInfoRecipe]
[24May2026 18:05:49.506] [Render thread/DEBUG] [mezz.jei.library.recipes.RecipeManagerInternal/]: Adding recipes: RecipeType[uid=jei:information, recipeClass=interface mezz.jei.api.recipe.vanilla.IJeiIngredientInfoRecipe]
[24May2026 18:05:49.506] [Render thread/DEBUG] [mezz.jei.library.recipes.RecipeManagerInternal/]: Adding recipes: RecipeType[uid=jei:information, recipeClass=interface mezz.jei.api.recipe.vanilla.IJeiIngredientInfoRecipe]
[24May2026 18:05:49.506] [Render thread/DEBUG] [mezz.jei.library.recipes.RecipeManagerInternal/]: Adding recipes: RecipeType[uid=jei:information, recipeClass=interface mezz.jei.api.recipe.vanilla.IJeiIngredientInfoRecipe]
[24May2026 18:05:49.506] [Render thread/DEBUG] [mezz.jei.library.recipes.RecipeManagerInternal/]: Adding recipes: RecipeType[uid=jei:information, recipeClass=interface mezz.jei.api.recipe.vanilla.IJeiIngredientInfoRecipe]
[24May2026 18:05:49.506] [Render thread/DEBUG] [mezz.jei.library.recipes.RecipeManagerInternal/]: Adding recipes: RecipeType[uid=jei:information, recipeClass=interface mezz.jei.api.recipe.vanilla.IJeiIngredientInfoRecipe]
[24May2026 18:05:49.507] [Render thread/DEBUG] [mezz.jei.library.recipes.RecipeManagerInternal/]: Adding recipes: RecipeType[uid=jei:information, recipeClass=interface mezz.jei.api.recipe.vanilla.IJeiIngredientInfoRecipe]
[24May2026 18:05:49.507] [Render thread/DEBUG] [mezz.jei.library.recipes.RecipeManagerInternal/]: Adding recipes: RecipeType[uid=jei:information, recipeClass=interface mezz.jei.api.recipe.vanilla.IJeiIngredientInfoRecipe]
[24May2026 18:05:49.507] [Render thread/DEBUG] [mezz.jei.library.recipes.RecipeManagerInternal/]: Adding recipes: RecipeType[uid=jei:information, recipeClass=interface mezz.jei.api.recipe.vanilla.IJeiIngredientInfoRecipe]
[24May2026 18:05:49.507] [Render thread/DEBUG] [mezz.jei.library.recipes.RecipeManagerInternal/]: Adding recipes: RecipeType[uid=jei:information, recipeClass=interface mezz.jei.api.recipe.vanilla.IJeiIngredientInfoRecipe]
[24May2026 18:05:49.507] [Render thread/DEBUG] [mezz.jei.library.recipes.RecipeManagerInternal/]: Adding recipes: RecipeType[uid=jei:information, recipeClass=interface mezz.jei.api.recipe.vanilla.IJeiIngredientInfoRecipe]
[24May2026 18:05:49.507] [Render thread/DEBUG] [mezz.jei.library.recipes.RecipeManagerInternal/]: Adding recipes: RecipeType[uid=jei:information, recipeClass=interface mezz.jei.api.recipe.vanilla.IJeiIngredientInfoRecipe]
[24May2026 18:05:49.507] [Render thread/DEBUG] [mezz.jei.library.recipes.RecipeManagerInternal/]: Adding recipes: RecipeType[uid=jei:information, recipeClass=interface mezz.jei.api.recipe.vanilla.IJeiIngredientInfoRecipe]
[24May2026 18:05:49.508] [Render thread/DEBUG] [mezz.jei.library.recipes.RecipeManagerInternal/]: Adding recipes: RecipeType[uid=jei:information, recipeClass=interface mezz.jei.api.recipe.vanilla.IJeiIngredientInfoRecipe]
[24May2026 18:05:49.508] [Render thread/DEBUG] [mezz.jei.library.recipes.RecipeManagerInternal/]: Adding recipes: RecipeType[uid=jei:information, recipeClass=interface mezz.jei.api.recipe.vanilla.IJeiIngredientInfoRecipe]
[24May2026 18:05:49.508] [Render thread/DEBUG] [mezz.jei.library.recipes.RecipeManagerInternal/]: Adding recipes: RecipeType[uid=jei:information, recipeClass=interface mezz.jei.api.recipe.vanilla.IJeiIngredientInfoRecipe]
[24May2026 18:05:49.508] [Render thread/DEBUG] [mezz.jei.library.recipes.RecipeManagerInternal/]: Adding recipes: RecipeType[uid=jei:information, recipeClass=interface mezz.jei.api.recipe.vanilla.IJeiIngredientInfoRecipe]
[24May2026 18:05:49.509] [Render thread/DEBUG] [mezz.jei.library.recipes.RecipeManagerInternal/]: Adding recipes: RecipeType[uid=jei:information, recipeClass=interface mezz.jei.api.recipe.vanilla.IJeiIngredientInfoRecipe]
[24May2026 18:05:49.509] [Render thread/DEBUG] [mezz.jei.library.recipes.RecipeManagerInternal/]: Adding recipes: RecipeType[uid=jei:information, recipeClass=interface mezz.jei.api.recipe.vanilla.IJeiIngredientInfoRecipe]
[24May2026 18:05:49.509] [Render thread/DEBUG] [mezz.jei.library.recipes.RecipeManagerInternal/]: Adding recipes: RecipeType[uid=jei:information, recipeClass=interface mezz.jei.api.recipe.vanilla.IJeiIngredientInfoRecipe]
[24May2026 18:05:49.509] [Render thread/DEBUG] [mezz.jei.library.recipes.RecipeManagerInternal/]: Adding recipes: RecipeType[uid=jei:information, recipeClass=interface mezz.jei.api.recipe.vanilla.IJeiIngredientInfoRecipe]
[24May2026 18:05:49.509] [Render thread/DEBUG] [mezz.jei.library.recipes.RecipeManagerInternal/]: Adding recipes: RecipeType[uid=jei:information, recipeClass=interface mezz.jei.api.recipe.vanilla.IJeiIngredientInfoRecipe]
[24May2026 18:05:49.509] [Render thread/DEBUG] [mezz.jei.library.recipes.RecipeManagerInternal/]: Adding recipes: RecipeType[uid=jei:information, recipeClass=interface mezz.jei.api.recipe.vanilla.IJeiIngredientInfoRecipe]
[24May2026 18:05:49.509] [Render thread/DEBUG] [mezz.jei.library.recipes.RecipeManagerInternal/]: Adding recipes: RecipeType[uid=jei:information, recipeClass=interface mezz.jei.api.recipe.vanilla.IJeiIngredientInfoRecipe]
[24May2026 18:05:49.510] [Render thread/DEBUG] [mezz.jei.library.recipes.RecipeManagerInternal/]: Adding recipes: RecipeType[uid=jei:information, recipeClass=interface mezz.jei.api.recipe.vanilla.IJeiIngredientInfoRecipe]
[24May2026 18:05:49.510] [Render thread/DEBUG] [mezz.jei.library.recipes.RecipeManagerInternal/]: Adding recipes: RecipeType[uid=jei:information, recipeClass=interface mezz.jei.api.recipe.vanilla.IJeiIngredientInfoRecipe]
[24May2026 18:05:49.510] [Render thread/DEBUG] [mezz.jei.library.recipes.RecipeManagerInternal/]: Adding recipes: RecipeType[uid=jei:information, recipeClass=interface mezz.jei.api.recipe.vanilla.IJeiIngredientInfoRecipe]
[24May2026 18:05:49.510] [Render thread/DEBUG] [mezz.jei.library.recipes.RecipeManagerInternal/]: Adding recipes: RecipeType[uid=jei:information, recipeClass=interface mezz.jei.api.recipe.vanilla.IJeiIngredientInfoRecipe]
[24May2026 18:05:49.510] [Render thread/DEBUG] [mezz.jei.library.recipes.RecipeManagerInternal/]: Adding recipes: RecipeType[uid=jei:information, recipeClass=interface mezz.jei.api.recipe.vanilla.IJeiIngredientInfoRecipe]
[24May2026 18:05:49.510] [Render thread/DEBUG] [mezz.jei.library.recipes.RecipeManagerInternal/]: Adding recipes: RecipeType[uid=jei:information, recipeClass=interface mezz.jei.api.recipe.vanilla.IJeiIngredientInfoRecipe]
[24May2026 18:05:49.510] [Render thread/DEBUG] [mezz.jei.library.recipes.RecipeManagerInternal/]: Adding recipes: RecipeType[uid=jei:information, recipeClass=interface mezz.jei.api.recipe.vanilla.IJeiIngredientInfoRecipe]
[24May2026 18:05:49.511] [Render thread/DEBUG] [mezz.jei.library.recipes.RecipeManagerInternal/]: Adding recipes: RecipeType[uid=jei:information, recipeClass=interface mezz.jei.api.recipe.vanilla.IJeiIngredientInfoRecipe]
[24May2026 18:05:49.511] [Render thread/DEBUG] [mezz.jei.library.recipes.RecipeManagerInternal/]: Adding recipes: RecipeType[uid=jei:information, recipeClass=interface mezz.jei.api.recipe.vanilla.IJeiIngredientInfoRecipe]
[24May2026 18:05:49.511] [Render thread/DEBUG] [mezz.jei.library.recipes.RecipeManagerInternal/]: Adding recipes: RecipeType[uid=jei:information, recipeClass=interface mezz.jei.api.recipe.vanilla.IJeiIngredientInfoRecipe]
[24May2026 18:05:49.511] [Render thread/DEBUG] [mezz.jei.library.recipes.RecipeManagerInternal/]: Adding recipes: RecipeType[uid=jei:information, recipeClass=interface mezz.jei.api.recipe.vanilla.IJeiIngredientInfoRecipe]
[24May2026 18:05:49.511] [Render thread/DEBUG] [mezz.jei.library.recipes.RecipeManagerInternal/]: Adding recipes: RecipeType[uid=jei:information, recipeClass=interface mezz.jei.api.recipe.vanilla.IJeiIngredientInfoRecipe]
[24May2026 18:05:49.511] [Render thread/DEBUG] [mezz.jei.library.recipes.RecipeManagerInternal/]: Adding recipes: RecipeType[uid=jei:information, recipeClass=interface mezz.jei.api.recipe.vanilla.IJeiIngredientInfoRecipe]
[24May2026 18:05:49.511] [Render thread/DEBUG] [mezz.jei.library.recipes.RecipeManagerInternal/]: Adding recipes: RecipeType[uid=jei:information, recipeClass=interface mezz.jei.api.recipe.vanilla.IJeiIngredientInfoRecipe]
[24May2026 18:05:49.511] [Render thread/DEBUG] [mezz.jei.library.recipes.RecipeManagerInternal/]: Adding recipes: RecipeType[uid=jei:information, recipeClass=interface mezz.jei.api.recipe.vanilla.IJeiIngredientInfoRecipe]
[24May2026 18:05:49.512] [Render thread/DEBUG] [mezz.jei.library.recipes.RecipeManagerInternal/]: Adding recipes: RecipeType[uid=jei:information, recipeClass=interface mezz.jei.api.recipe.vanilla.IJeiIngredientInfoRecipe]
[24May2026 18:05:49.512] [Render thread/DEBUG] [mezz.jei.library.recipes.RecipeManagerInternal/]: Adding recipes: RecipeType[uid=jei:information, recipeClass=interface mezz.jei.api.recipe.vanilla.IJeiIngredientInfoRecipe]
[24May2026 18:05:49.512] [Render thread/DEBUG] [mezz.jei.library.recipes.RecipeManagerInternal/]: Adding recipes: RecipeType[uid=jei:information, recipeClass=interface mezz.jei.api.recipe.vanilla.IJeiIngredientInfoRecipe]
[24May2026 18:05:49.512] [Render thread/DEBUG] [mezz.jei.library.recipes.RecipeManagerInternal/]: Adding recipes: RecipeType[uid=jei:information, recipeClass=interface mezz.jei.api.recipe.vanilla.IJeiIngredientInfoRecipe]
[24May2026 18:05:49.512] [Render thread/DEBUG] [mezz.jei.library.recipes.RecipeManagerInternal/]: Adding recipes: RecipeType[uid=jei:information, recipeClass=interface mezz.jei.api.recipe.vanilla.IJeiIngredientInfoRecipe]
[24May2026 18:05:49.512] [Render thread/DEBUG] [mezz.jei.library.recipes.RecipeManagerInternal/]: Adding recipes: RecipeType[uid=jei:information, recipeClass=interface mezz.jei.api.recipe.vanilla.IJeiIngredientInfoRecipe]
[24May2026 18:05:49.512] [Render thread/DEBUG] [mezz.jei.library.recipes.RecipeManagerInternal/]: Adding recipes: RecipeType[uid=jei:information, recipeClass=interface mezz.jei.api.recipe.vanilla.IJeiIngredientInfoRecipe]
[24May2026 18:05:49.512] [Render thread/DEBUG] [mezz.jei.library.recipes.RecipeManagerInternal/]: Adding recipes: RecipeType[uid=jei:information, recipeClass=interface mezz.jei.api.recipe.vanilla.IJeiIngredientInfoRecipe]
[24May2026 18:05:49.513] [Render thread/DEBUG] [mezz.jei.library.recipes.RecipeManagerInternal/]: Adding recipes: RecipeType[uid=jei:information, recipeClass=interface mezz.jei.api.recipe.vanilla.IJeiIngredientInfoRecipe]
[24May2026 18:05:49.513] [Render thread/DEBUG] [mezz.jei.library.recipes.RecipeManagerInternal/]: Adding recipes: RecipeType[uid=jei:information, recipeClass=interface mezz.jei.api.recipe.vanilla.IJeiIngredientInfoRecipe]
[24May2026 18:05:49.513] [Render thread/DEBUG] [mezz.jei.library.recipes.RecipeManagerInternal/]: Adding recipes: RecipeType[uid=jei:information, recipeClass=interface mezz.jei.api.recipe.vanilla.IJeiIngredientInfoRecipe]
[24May2026 18:05:49.513] [Render thread/DEBUG] [mezz.jei.library.recipes.RecipeManagerInternal/]: Adding recipes: RecipeType[uid=jei:information, recipeClass=interface mezz.jei.api.recipe.vanilla.IJeiIngredientInfoRecipe]
[24May2026 18:05:49.513] [Render thread/DEBUG] [mezz.jei.library.recipes.RecipeManagerInternal/]: Adding recipes: RecipeType[uid=jei:information, recipeClass=interface mezz.jei.api.recipe.vanilla.IJeiIngredientInfoRecipe]
[24May2026 18:05:49.513] [Render thread/DEBUG] [mezz.jei.library.recipes.RecipeManagerInternal/]: Adding recipes: RecipeType[uid=jei:information, recipeClass=interface mezz.jei.api.recipe.vanilla.IJeiIngredientInfoRecipe]
[24May2026 18:05:49.513] [Render thread/DEBUG] [mezz.jei.library.recipes.RecipeManagerInternal/]: Adding recipes: RecipeType[uid=jei:information, recipeClass=interface mezz.jei.api.recipe.vanilla.IJeiIngredientInfoRecipe]
[24May2026 18:05:49.514] [Render thread/DEBUG] [mezz.jei.library.recipes.RecipeManagerInternal/]: Adding recipes: RecipeType[uid=jei:information, recipeClass=interface mezz.jei.api.recipe.vanilla.IJeiIngredientInfoRecipe]
[24May2026 18:05:49.514] [Render thread/DEBUG] [mezz.jei.library.recipes.RecipeManagerInternal/]: Adding recipes: RecipeType[uid=jei:information, recipeClass=interface mezz.jei.api.recipe.vanilla.IJeiIngredientInfoRecipe]
[24May2026 18:05:49.514] [Render thread/DEBUG] [mezz.jei.library.recipes.RecipeManagerInternal/]: Adding recipes: RecipeType[uid=jei:information, recipeClass=interface mezz.jei.api.recipe.vanilla.IJeiIngredientInfoRecipe]
[24May2026 18:05:49.514] [Render thread/DEBUG] [mezz.jei.library.recipes.RecipeManagerInternal/]: Adding recipes: RecipeType[uid=jei:information, recipeClass=interface mezz.jei.api.recipe.vanilla.IJeiIngredientInfoRecipe]
[24May2026 18:05:49.514] [Render thread/DEBUG] [mezz.jei.library.recipes.RecipeManagerInternal/]: Adding recipes: RecipeType[uid=jei:information, recipeClass=interface mezz.jei.api.recipe.vanilla.IJeiIngredientInfoRecipe]
[24May2026 18:05:49.514] [Render thread/DEBUG] [mezz.jei.library.recipes.RecipeManagerInternal/]: Adding recipes: RecipeType[uid=jei:information, recipeClass=interface mezz.jei.api.recipe.vanilla.IJeiIngredientInfoRecipe]
[24May2026 18:05:49.514] [Render thread/DEBUG] [mezz.jei.library.recipes.RecipeManagerInternal/]: Adding recipes: RecipeType[uid=jei:information, recipeClass=interface mezz.jei.api.recipe.vanilla.IJeiIngredientInfoRecipe]
[24May2026 18:05:49.515] [Render thread/DEBUG] [mezz.jei.library.recipes.RecipeManagerInternal/]: Adding recipes: RecipeType[uid=jei:information, recipeClass=interface mezz.jei.api.recipe.vanilla.IJeiIngredientInfoRecipe]
[24May2026 18:05:49.515] [Render thread/DEBUG] [mezz.jei.library.recipes.RecipeManagerInternal/]: Adding recipes: RecipeType[uid=jei:information, recipeClass=interface mezz.jei.api.recipe.vanilla.IJeiIngredientInfoRecipe]
[24May2026 18:05:49.515] [Render thread/DEBUG] [mezz.jei.library.recipes.RecipeManagerInternal/]: Adding recipes: RecipeType[uid=jei:information, recipeClass=interface mezz.jei.api.recipe.vanilla.IJeiIngredientInfoRecipe]
[24May2026 18:05:49.515] [Render thread/DEBUG] [mezz.jei.library.recipes.RecipeManagerInternal/]: Adding recipes: RecipeType[uid=jei:information, recipeClass=interface mezz.jei.api.recipe.vanilla.IJeiIngredientInfoRecipe]
[24May2026 18:05:49.515] [Render thread/DEBUG] [mezz.jei.library.recipes.RecipeManagerInternal/]: Adding recipes: RecipeType[uid=jei:information, recipeClass=interface mezz.jei.api.recipe.vanilla.IJeiIngredientInfoRecipe]
[24May2026 18:05:49.515] [Render thread/DEBUG] [mezz.jei.library.recipes.RecipeManagerInternal/]: Adding recipes: RecipeType[uid=jei:information, recipeClass=interface mezz.jei.api.recipe.vanilla.IJeiIngredientInfoRecipe]
[24May2026 18:05:49.515] [Render thread/DEBUG] [mezz.jei.library.recipes.RecipeManagerInternal/]: Adding recipes: RecipeType[uid=jei:information, recipeClass=interface mezz.jei.api.recipe.vanilla.IJeiIngredientInfoRecipe]
[24May2026 18:05:49.515] [Render thread/DEBUG] [mezz.jei.library.recipes.RecipeManagerInternal/]: Adding recipes: RecipeType[uid=jei:information, recipeClass=interface mezz.jei.api.recipe.vanilla.IJeiIngredientInfoRecipe]
[24May2026 18:05:49.516] [Render thread/DEBUG] [mezz.jei.library.recipes.RecipeManagerInternal/]: Adding recipes: RecipeType[uid=jei:information, recipeClass=interface mezz.jei.api.recipe.vanilla.IJeiIngredientInfoRecipe]
[24May2026 18:05:49.516] [Render thread/DEBUG] [mezz.jei.library.recipes.RecipeManagerInternal/]: Adding recipes: RecipeType[uid=jei:information, recipeClass=interface mezz.jei.api.recipe.vanilla.IJeiIngredientInfoRecipe]
[24May2026 18:05:49.516] [Render thread/DEBUG] [mezz.jei.library.recipes.RecipeManagerInternal/]: Adding recipes: RecipeType[uid=jei:information, recipeClass=interface mezz.jei.api.recipe.vanilla.IJeiIngredientInfoRecipe]
[24May2026 18:05:49.516] [Render thread/DEBUG] [mezz.jei.library.recipes.RecipeManagerInternal/]: Adding recipes: RecipeType[uid=jei:information, recipeClass=interface mezz.jei.api.recipe.vanilla.IJeiIngredientInfoRecipe]
[24May2026 18:05:49.516] [Render thread/DEBUG] [mezz.jei.library.recipes.RecipeManagerInternal/]: Adding recipes: RecipeType[uid=jei:information, recipeClass=interface mezz.jei.api.recipe.vanilla.IJeiIngredientInfoRecipe]
[24May2026 18:05:49.516] [Render thread/DEBUG] [mezz.jei.library.recipes.RecipeManagerInternal/]: Adding recipes: RecipeType[uid=jei:information, recipeClass=interface mezz.jei.api.recipe.vanilla.IJeiIngredientInfoRecipe]
[24May2026 18:05:49.516] [Render thread/DEBUG] [mezz.jei.library.recipes.RecipeManagerInternal/]: Adding recipes: RecipeType[uid=jei:information, recipeClass=interface mezz.jei.api.recipe.vanilla.IJeiIngredientInfoRecipe]
[24May2026 18:05:49.517] [Render thread/DEBUG] [mezz.jei.library.recipes.RecipeManagerInternal/]: Adding recipes: RecipeType[uid=jei:information, recipeClass=interface mezz.jei.api.recipe.vanilla.IJeiIngredientInfoRecipe]
[24May2026 18:05:49.517] [Render thread/DEBUG] [mezz.jei.library.recipes.RecipeManagerInternal/]: Adding recipes: RecipeType[uid=jei:information, recipeClass=interface mezz.jei.api.recipe.vanilla.IJeiIngredientInfoRecipe]
[24May2026 18:05:49.517] [Render thread/DEBUG] [mezz.jei.library.recipes.RecipeManagerInternal/]: Adding recipes: RecipeType[uid=jei:information, recipeClass=interface mezz.jei.api.recipe.vanilla.IJeiIngredientInfoRecipe]
[24May2026 18:05:49.517] [Render thread/DEBUG] [mezz.jei.library.recipes.RecipeManagerInternal/]: Adding recipes: RecipeType[uid=jei:information, recipeClass=interface mezz.jei.api.recipe.vanilla.IJeiIngredientInfoRecipe]
[24May2026 18:05:49.517] [Render thread/DEBUG] [mezz.jei.library.recipes.RecipeManagerInternal/]: Adding recipes: RecipeType[uid=jei:information, recipeClass=interface mezz.jei.api.recipe.vanilla.IJeiIngredientInfoRecipe]
[24May2026 18:05:49.517] [Render thread/DEBUG] [mezz.jei.library.recipes.RecipeManagerInternal/]: Adding recipes: RecipeType[uid=jei:information, recipeClass=interface mezz.jei.api.recipe.vanilla.IJeiIngredientInfoRecipe]
[24May2026 18:05:49.517] [Render thread/DEBUG] [mezz.jei.library.recipes.RecipeManagerInternal/]: Adding recipes: RecipeType[uid=jei:information, recipeClass=interface mezz.jei.api.recipe.vanilla.IJeiIngredientInfoRecipe]
[24May2026 18:05:49.517] [Render thread/DEBUG] [mezz.jei.library.recipes.RecipeManagerInternal/]: Adding recipes: RecipeType[uid=jei:information, recipeClass=interface mezz.jei.api.recipe.vanilla.IJeiIngredientInfoRecipe]
[24May2026 18:05:49.517] [Render thread/DEBUG] [mezz.jei.library.recipes.RecipeManagerInternal/]: Adding recipes: RecipeType[uid=jei:information, recipeClass=interface mezz.jei.api.recipe.vanilla.IJeiIngredientInfoRecipe]
[24May2026 18:05:49.517] [Render thread/DEBUG] [mezz.jei.library.recipes.RecipeManagerInternal/]: Adding recipes: RecipeType[uid=jei:information, recipeClass=interface mezz.jei.api.recipe.vanilla.IJeiIngredientInfoRecipe]
[24May2026 18:05:49.518] [Render thread/DEBUG] [mezz.jei.library.recipes.RecipeManagerInternal/]: Adding recipes: RecipeType[uid=jei:information, recipeClass=interface mezz.jei.api.recipe.vanilla.IJeiIngredientInfoRecipe]
[24May2026 18:05:49.518] [Render thread/DEBUG] [mezz.jei.library.recipes.RecipeManagerInternal/]: Adding recipes: RecipeType[uid=jei:information, recipeClass=interface mezz.jei.api.recipe.vanilla.IJeiIngredientInfoRecipe]
[24May2026 18:05:49.518] [Render thread/DEBUG] [mezz.jei.library.recipes.RecipeManagerInternal/]: Adding recipes: RecipeType[uid=jei:information, recipeClass=interface mezz.jei.api.recipe.vanilla.IJeiIngredientInfoRecipe]
[24May2026 18:05:49.518] [Render thread/DEBUG] [mezz.jei.library.recipes.RecipeManagerInternal/]: Adding recipes: RecipeType[uid=jei:information, recipeClass=interface mezz.jei.api.recipe.vanilla.IJeiIngredientInfoRecipe]
[24May2026 18:05:49.518] [Render thread/DEBUG] [mezz.jei.library.recipes.RecipeManagerInternal/]: Adding recipes: RecipeType[uid=jei:information, recipeClass=interface mezz.jei.api.recipe.vanilla.IJeiIngredientInfoRecipe]
[24May2026 18:05:49.518] [Render thread/DEBUG] [mezz.jei.library.recipes.RecipeManagerInternal/]: Adding recipes: RecipeType[uid=jei:information, recipeClass=interface mezz.jei.api.recipe.vanilla.IJeiIngredientInfoRecipe]
[24May2026 18:05:49.518] [Render thread/DEBUG] [mezz.jei.library.recipes.RecipeManagerInternal/]: Adding recipes: RecipeType[uid=jei:information, recipeClass=interface mezz.jei.api.recipe.vanilla.IJeiIngredientInfoRecipe]
[24May2026 18:05:49.518] [Render thread/DEBUG] [mezz.jei.library.recipes.RecipeManagerInternal/]: Adding recipes: RecipeType[uid=jei:information, recipeClass=interface mezz.jei.api.recipe.vanilla.IJeiIngredientInfoRecipe]
[24May2026 18:05:49.519] [Render thread/DEBUG] [mezz.jei.library.recipes.RecipeManagerInternal/]: Adding recipes: RecipeType[uid=jei:information, recipeClass=interface mezz.jei.api.recipe.vanilla.IJeiIngredientInfoRecipe]
[24May2026 18:05:49.519] [Render thread/DEBUG] [mezz.jei.library.recipes.RecipeManagerInternal/]: Adding recipes: RecipeType[uid=jei:information, recipeClass=interface mezz.jei.api.recipe.vanilla.IJeiIngredientInfoRecipe]
[24May2026 18:05:49.519] [Render thread/DEBUG] [mezz.jei.library.recipes.RecipeManagerInternal/]: Adding recipes: RecipeType[uid=jei:information, recipeClass=interface mezz.jei.api.recipe.vanilla.IJeiIngredientInfoRecipe]
[24May2026 18:05:49.519] [Render thread/DEBUG] [mezz.jei.library.recipes.RecipeManagerInternal/]: Adding recipes: RecipeType[uid=jei:information, recipeClass=interface mezz.jei.api.recipe.vanilla.IJeiIngredientInfoRecipe]
[24May2026 18:05:49.519] [Render thread/DEBUG] [mezz.jei.library.recipes.RecipeManagerInternal/]: Adding recipes: RecipeType[uid=jei:information, recipeClass=interface mezz.jei.api.recipe.vanilla.IJeiIngredientInfoRecipe]
[24May2026 18:05:49.519] [Render thread/DEBUG] [mezz.jei.library.recipes.RecipeManagerInternal/]: Adding recipes: RecipeType[uid=jei:information, recipeClass=interface mezz.jei.api.recipe.vanilla.IJeiIngredientInfoRecipe]
[24May2026 18:05:49.519] [Render thread/DEBUG] [mezz.jei.library.recipes.RecipeManagerInternal/]: Adding recipes: RecipeType[uid=jei:information, recipeClass=interface mezz.jei.api.recipe.vanilla.IJeiIngredientInfoRecipe]
[24May2026 18:05:49.519] [Render thread/DEBUG] [mezz.jei.library.recipes.RecipeManagerInternal/]: Adding recipes: RecipeType[uid=jei:information, recipeClass=interface mezz.jei.api.recipe.vanilla.IJeiIngredientInfoRecipe]
[24May2026 18:05:49.520] [Render thread/DEBUG] [mezz.jei.library.recipes.RecipeManagerInternal/]: Adding recipes: RecipeType[uid=jei:information, recipeClass=interface mezz.jei.api.recipe.vanilla.IJeiIngredientInfoRecipe]
[24May2026 18:05:49.520] [Render thread/DEBUG] [mezz.jei.library.recipes.RecipeManagerInternal/]: Adding recipes: RecipeType[uid=jei:information, recipeClass=interface mezz.jei.api.recipe.vanilla.IJeiIngredientInfoRecipe]
[24May2026 18:05:49.520] [Render thread/DEBUG] [mezz.jei.library.recipes.RecipeManagerInternal/]: Adding recipes: RecipeType[uid=jei:information, recipeClass=interface mezz.jei.api.recipe.vanilla.IJeiIngredientInfoRecipe]
[24May2026 18:05:49.520] [Render thread/DEBUG] [mezz.jei.library.recipes.RecipeManagerInternal/]: Adding recipes: RecipeType[uid=jei:information, recipeClass=interface mezz.jei.api.recipe.vanilla.IJeiIngredientInfoRecipe]
[24May2026 18:05:49.520] [Render thread/DEBUG] [mezz.jei.library.recipes.RecipeManagerInternal/]: Adding recipes: RecipeType[uid=jei:information, recipeClass=interface mezz.jei.api.recipe.vanilla.IJeiIngredientInfoRecipe]
[24May2026 18:05:49.521] [Render thread/DEBUG] [mezz.jei.library.recipes.RecipeManagerInternal/]: Adding recipes: RecipeType[uid=jei:information, recipeClass=interface mezz.jei.api.recipe.vanilla.IJeiIngredientInfoRecipe]
[24May2026 18:05:49.521] [Render thread/DEBUG] [mezz.jei.library.recipes.RecipeManagerInternal/]: Adding recipes: RecipeType[uid=jei:information, recipeClass=interface mezz.jei.api.recipe.vanilla.IJeiIngredientInfoRecipe]
[24May2026 18:05:49.521] [Render thread/DEBUG] [mezz.jei.library.recipes.RecipeManagerInternal/]: Adding recipes: RecipeType[uid=jei:information, recipeClass=interface mezz.jei.api.recipe.vanilla.IJeiIngredientInfoRecipe]
[24May2026 18:05:49.521] [Render thread/DEBUG] [mezz.jei.library.recipes.RecipeManagerInternal/]: Adding recipes: RecipeType[uid=jei:information, recipeClass=interface mezz.jei.api.recipe.vanilla.IJeiIngredientInfoRecipe]
[24May2026 18:05:49.521] [Render thread/DEBUG] [mezz.jei.library.recipes.RecipeManagerInternal/]: Adding recipes: RecipeType[uid=jei:information, recipeClass=interface mezz.jei.api.recipe.vanilla.IJeiIngredientInfoRecipe]
[24May2026 18:05:49.521] [Render thread/DEBUG] [mezz.jei.library.recipes.RecipeManagerInternal/]: Adding recipes: RecipeType[uid=jei:information, recipeClass=interface mezz.jei.api.recipe.vanilla.IJeiIngredientInfoRecipe]
[24May2026 18:05:49.521] [Render thread/DEBUG] [mezz.jei.library.recipes.RecipeManagerInternal/]: Adding recipes: RecipeType[uid=jei:information, recipeClass=interface mezz.jei.api.recipe.vanilla.IJeiIngredientInfoRecipe]
[24May2026 18:05:49.521] [Render thread/DEBUG] [mezz.jei.library.recipes.RecipeManagerInternal/]: Adding recipes: RecipeType[uid=jei:information, recipeClass=interface mezz.jei.api.recipe.vanilla.IJeiIngredientInfoRecipe]
[24May2026 18:05:49.522] [Render thread/DEBUG] [mezz.jei.library.recipes.RecipeManagerInternal/]: Adding recipes: RecipeType[uid=jei:information, recipeClass=interface mezz.jei.api.recipe.vanilla.IJeiIngredientInfoRecipe]
[24May2026 18:05:49.522] [Render thread/DEBUG] [mezz.jei.library.recipes.RecipeManagerInternal/]: Adding recipes: RecipeType[uid=jei:information, recipeClass=interface mezz.jei.api.recipe.vanilla.IJeiIngredientInfoRecipe]
[24May2026 18:05:49.522] [Render thread/DEBUG] [mezz.jei.library.recipes.RecipeManagerInternal/]: Adding recipes: RecipeType[uid=jei:information, recipeClass=interface mezz.jei.api.recipe.vanilla.IJeiIngredientInfoRecipe]
[24May2026 18:05:49.522] [Render thread/DEBUG] [mezz.jei.library.recipes.RecipeManagerInternal/]: Adding recipes: RecipeType[uid=jei:information, recipeClass=interface mezz.jei.api.recipe.vanilla.IJeiIngredientInfoRecipe]
[24May2026 18:05:49.522] [Render thread/DEBUG] [mezz.jei.library.recipes.RecipeManagerInternal/]: Adding recipes: RecipeType[uid=jei:information, recipeClass=interface mezz.jei.api.recipe.vanilla.IJeiIngredientInfoRecipe]
[24May2026 18:05:49.522] [Render thread/DEBUG] [mezz.jei.library.recipes.RecipeManagerInternal/]: Adding recipes: RecipeType[uid=jei:information, recipeClass=interface mezz.jei.api.recipe.vanilla.IJeiIngredientInfoRecipe]
[24May2026 18:05:49.522] [Render thread/DEBUG] [mezz.jei.library.recipes.RecipeManagerInternal/]: Adding recipes: RecipeType[uid=jei:information, recipeClass=interface mezz.jei.api.recipe.vanilla.IJeiIngredientInfoRecipe]
[24May2026 18:05:49.523] [Render thread/DEBUG] [mezz.jei.library.recipes.RecipeManagerInternal/]: Adding recipes: RecipeType[uid=jei:information, recipeClass=interface mezz.jei.api.recipe.vanilla.IJeiIngredientInfoRecipe]
[24May2026 18:05:49.523] [Render thread/DEBUG] [mezz.jei.library.recipes.RecipeManagerInternal/]: Adding recipes: RecipeType[uid=jei:information, recipeClass=interface mezz.jei.api.recipe.vanilla.IJeiIngredientInfoRecipe]
[24May2026 18:05:49.523] [Render thread/DEBUG] [mezz.jei.library.recipes.RecipeManagerInternal/]: Adding recipes: RecipeType[uid=jei:information, recipeClass=interface mezz.jei.api.recipe.vanilla.IJeiIngredientInfoRecipe]
[24May2026 18:05:49.523] [Render thread/DEBUG] [mezz.jei.library.recipes.RecipeManagerInternal/]: Adding recipes: RecipeType[uid=jei:information, recipeClass=interface mezz.jei.api.recipe.vanilla.IJeiIngredientInfoRecipe]
[24May2026 18:05:49.523] [Render thread/DEBUG] [mezz.jei.library.recipes.RecipeManagerInternal/]: Adding recipes: RecipeType[uid=jei:information, recipeClass=interface mezz.jei.api.recipe.vanilla.IJeiIngredientInfoRecipe]
[24May2026 18:05:49.524] [Render thread/DEBUG] [mezz.jei.library.recipes.RecipeManagerInternal/]: Adding recipes: RecipeType[uid=jei:information, recipeClass=interface mezz.jei.api.recipe.vanilla.IJeiIngredientInfoRecipe]
[24May2026 18:05:49.524] [Render thread/DEBUG] [mezz.jei.library.recipes.RecipeManagerInternal/]: Adding recipes: RecipeType[uid=jei:information, recipeClass=interface mezz.jei.api.recipe.vanilla.IJeiIngredientInfoRecipe]
[24May2026 18:05:49.524] [Render thread/DEBUG] [mezz.jei.library.recipes.RecipeManagerInternal/]: Adding recipes: RecipeType[uid=jei:information, recipeClass=interface mezz.jei.api.recipe.vanilla.IJeiIngredientInfoRecipe]
[24May2026 18:05:49.524] [Render thread/DEBUG] [mezz.jei.library.recipes.RecipeManagerInternal/]: Adding recipes: RecipeType[uid=jei:information, recipeClass=interface mezz.jei.api.recipe.vanilla.IJeiIngredientInfoRecipe]
[24May2026 18:05:49.524] [Render thread/DEBUG] [mezz.jei.library.recipes.RecipeManagerInternal/]: Adding recipes: RecipeType[uid=jei:information, recipeClass=interface mezz.jei.api.recipe.vanilla.IJeiIngredientInfoRecipe]
[24May2026 18:05:49.524] [Render thread/DEBUG] [mezz.jei.library.recipes.RecipeManagerInternal/]: Adding recipes: RecipeType[uid=jei:information, recipeClass=interface mezz.jei.api.recipe.vanilla.IJeiIngredientInfoRecipe]
[24May2026 18:05:49.525] [Render thread/DEBUG] [mezz.jei.library.recipes.RecipeManagerInternal/]: Adding recipes: RecipeType[uid=jei:information, recipeClass=interface mezz.jei.api.recipe.vanilla.IJeiIngredientInfoRecipe]
[24May2026 18:05:49.525] [Render thread/DEBUG] [mezz.jei.library.recipes.RecipeManagerInternal/]: Adding recipes: RecipeType[uid=jei:information, recipeClass=interface mezz.jei.api.recipe.vanilla.IJeiIngredientInfoRecipe]
[24May2026 18:05:49.525] [Render thread/DEBUG] [mezz.jei.library.recipes.RecipeManagerInternal/]: Adding recipes: RecipeType[uid=jei:information, recipeClass=interface mezz.jei.api.recipe.vanilla.IJeiIngredientInfoRecipe]
[24May2026 18:05:49.525] [Render thread/DEBUG] [mezz.jei.library.recipes.RecipeManagerInternal/]: Adding recipes: RecipeType[uid=jei:information, recipeClass=interface mezz.jei.api.recipe.vanilla.IJeiIngredientInfoRecipe]
[24May2026 18:05:49.525] [Render thread/DEBUG] [mezz.jei.library.recipes.RecipeManagerInternal/]: Adding recipes: RecipeType[uid=jei:information, recipeClass=interface mezz.jei.api.recipe.vanilla.IJeiIngredientInfoRecipe]
[24May2026 18:05:49.525] [Render thread/DEBUG] [mezz.jei.library.recipes.RecipeManagerInternal/]: Adding recipes: RecipeType[uid=jei:information, recipeClass=interface mezz.jei.api.recipe.vanilla.IJeiIngredientInfoRecipe]
[24May2026 18:05:49.526] [Render thread/DEBUG] [mezz.jei.library.recipes.RecipeManagerInternal/]: Adding recipes: RecipeType[uid=jei:information, recipeClass=interface mezz.jei.api.recipe.vanilla.IJeiIngredientInfoRecipe]
[24May2026 18:05:49.526] [Render thread/DEBUG] [mezz.jei.library.recipes.RecipeManagerInternal/]: Adding recipes: RecipeType[uid=jei:information, recipeClass=interface mezz.jei.api.recipe.vanilla.IJeiIngredientInfoRecipe]
[24May2026 18:05:49.526] [Render thread/DEBUG] [mezz.jei.library.recipes.RecipeManagerInternal/]: Adding recipes: RecipeType[uid=jei:information, recipeClass=interface mezz.jei.api.recipe.vanilla.IJeiIngredientInfoRecipe]
[24May2026 18:05:49.527] [Render thread/DEBUG] [mezz.jei.library.recipes.RecipeManagerInternal/]: Adding recipes: RecipeType[uid=jei:information, recipeClass=interface mezz.jei.api.recipe.vanilla.IJeiIngredientInfoRecipe]
[24May2026 18:05:49.527] [Render thread/DEBUG] [mezz.jei.library.recipes.RecipeManagerInternal/]: Adding recipes: RecipeType[uid=jei:information, recipeClass=interface mezz.jei.api.recipe.vanilla.IJeiIngredientInfoRecipe]
[24May2026 18:05:49.527] [Render thread/DEBUG] [mezz.jei.library.recipes.RecipeManagerInternal/]: Adding recipes: RecipeType[uid=jei:information, recipeClass=interface mezz.jei.api.recipe.vanilla.IJeiIngredientInfoRecipe]
[24May2026 18:05:49.527] [Render thread/DEBUG] [mezz.jei.library.recipes.RecipeManagerInternal/]: Adding recipes: RecipeType[uid=jei:information, recipeClass=interface mezz.jei.api.recipe.vanilla.IJeiIngredientInfoRecipe]
[24May2026 18:05:49.527] [Render thread/DEBUG] [mezz.jei.library.recipes.RecipeManagerInternal/]: Adding recipes: RecipeType[uid=jei:information, recipeClass=interface mezz.jei.api.recipe.vanilla.IJeiIngredientInfoRecipe]
[24May2026 18:05:49.527] [Render thread/DEBUG] [mezz.jei.library.recipes.RecipeManagerInternal/]: Adding recipes: RecipeType[uid=jei:information, recipeClass=interface mezz.jei.api.recipe.vanilla.IJeiIngredientInfoRecipe]
[24May2026 18:05:49.528] [Render thread/DEBUG] [mezz.jei.library.recipes.RecipeManagerInternal/]: Adding recipes: RecipeType[uid=jei:information, recipeClass=interface mezz.jei.api.recipe.vanilla.IJeiIngredientInfoRecipe]
[24May2026 18:05:49.528] [Render thread/DEBUG] [mezz.jei.library.recipes.RecipeManagerInternal/]: Adding recipes: RecipeType[uid=jei:information, recipeClass=interface mezz.jei.api.recipe.vanilla.IJeiIngredientInfoRecipe]
[24May2026 18:05:49.528] [Render thread/DEBUG] [mezz.jei.library.recipes.RecipeManagerInternal/]: Adding recipes: RecipeType[uid=jei:information, recipeClass=interface mezz.jei.api.recipe.vanilla.IJeiIngredientInfoRecipe]
[24May2026 18:05:49.529] [Render thread/DEBUG] [mezz.jei.library.recipes.RecipeManagerInternal/]: Adding recipes: RecipeType[uid=jei:information, recipeClass=interface mezz.jei.api.recipe.vanilla.IJeiIngredientInfoRecipe]
[24May2026 18:05:49.529] [Render thread/DEBUG] [mezz.jei.library.recipes.RecipeManagerInternal/]: Adding recipes: RecipeType[uid=jei:information, recipeClass=interface mezz.jei.api.recipe.vanilla.IJeiIngredientInfoRecipe]
[24May2026 18:05:49.529] [Render thread/DEBUG] [mezz.jei.library.recipes.RecipeManagerInternal/]: Adding recipes: RecipeType[uid=jei:information, recipeClass=interface mezz.jei.api.recipe.vanilla.IJeiIngredientInfoRecipe]
[24May2026 18:05:49.529] [Render thread/DEBUG] [mezz.jei.library.recipes.RecipeManagerInternal/]: Adding recipes: RecipeType[uid=jei:information, recipeClass=interface mezz.jei.api.recipe.vanilla.IJeiIngredientInfoRecipe]
[24May2026 18:05:49.529] [Render thread/DEBUG] [mezz.jei.library.recipes.RecipeManagerInternal/]: Adding recipes: RecipeType[uid=jei:information, recipeClass=interface mezz.jei.api.recipe.vanilla.IJeiIngredientInfoRecipe]
[24May2026 18:05:49.529] [Render thread/DEBUG] [mezz.jei.library.recipes.RecipeManagerInternal/]: Adding recipes: RecipeType[uid=jei:information, recipeClass=interface mezz.jei.api.recipe.vanilla.IJeiIngredientInfoRecipe]
[24May2026 18:05:49.529] [Render thread/DEBUG] [mezz.jei.library.recipes.RecipeManagerInternal/]: Adding recipes: RecipeType[uid=jei:information, recipeClass=interface mezz.jei.api.recipe.vanilla.IJeiIngredientInfoRecipe]
[24May2026 18:05:49.530] [Render thread/DEBUG] [mezz.jei.library.recipes.RecipeManagerInternal/]: Adding recipes: RecipeType[uid=jei:information, recipeClass=interface mezz.jei.api.recipe.vanilla.IJeiIngredientInfoRecipe]
[24May2026 18:05:49.530] [Render thread/DEBUG] [mezz.jei.library.recipes.RecipeManagerInternal/]: Adding recipes: RecipeType[uid=jei:information, recipeClass=interface mezz.jei.api.recipe.vanilla.IJeiIngredientInfoRecipe]
[24May2026 18:05:49.530] [Render thread/DEBUG] [mezz.jei.library.recipes.RecipeManagerInternal/]: Adding recipes: RecipeType[uid=jei:information, recipeClass=interface mezz.jei.api.recipe.vanilla.IJeiIngredientInfoRecipe]
[24May2026 18:05:49.530] [Render thread/DEBUG] [mezz.jei.library.recipes.RecipeManagerInternal/]: Adding recipes: RecipeType[uid=jei:information, recipeClass=interface mezz.jei.api.recipe.vanilla.IJeiIngredientInfoRecipe]
[24May2026 18:05:49.530] [Render thread/DEBUG] [mezz.jei.library.recipes.RecipeManagerInternal/]: Adding recipes: RecipeType[uid=jei:information, recipeClass=interface mezz.jei.api.recipe.vanilla.IJeiIngredientInfoRecipe]
[24May2026 18:05:49.530] [Render thread/DEBUG] [mezz.jei.library.recipes.RecipeManagerInternal/]: Adding recipes: RecipeType[uid=jei:information, recipeClass=interface mezz.jei.api.recipe.vanilla.IJeiIngredientInfoRecipe]
[24May2026 18:05:49.530] [Render thread/DEBUG] [mezz.jei.library.recipes.RecipeManagerInternal/]: Adding recipes: RecipeType[uid=jei:information, recipeClass=interface mezz.jei.api.recipe.vanilla.IJeiIngredientInfoRecipe]
[24May2026 18:05:49.531] [Render thread/DEBUG] [mezz.jei.library.recipes.RecipeManagerInternal/]: Adding recipes: RecipeType[uid=jei:information, recipeClass=interface mezz.jei.api.recipe.vanilla.IJeiIngredientInfoRecipe]
[24May2026 18:05:49.531] [Render thread/DEBUG] [mezz.jei.library.recipes.RecipeManagerInternal/]: Adding recipes: RecipeType[uid=jei:information, recipeClass=interface mezz.jei.api.recipe.vanilla.IJeiIngredientInfoRecipe]
[24May2026 18:05:49.531] [Render thread/DEBUG] [mezz.jei.library.recipes.RecipeManagerInternal/]: Adding recipes: RecipeType[uid=jei:information, recipeClass=interface mezz.jei.api.recipe.vanilla.IJeiIngredientInfoRecipe]
[24May2026 18:05:49.531] [Render thread/DEBUG] [mezz.jei.library.recipes.RecipeManagerInternal/]: Adding recipes: RecipeType[uid=jei:information, recipeClass=interface mezz.jei.api.recipe.vanilla.IJeiIngredientInfoRecipe]
[24May2026 18:05:49.531] [Render thread/DEBUG] [mezz.jei.library.recipes.RecipeManagerInternal/]: Adding recipes: RecipeType[uid=jei:information, recipeClass=interface mezz.jei.api.recipe.vanilla.IJeiIngredientInfoRecipe]
[24May2026 18:05:49.531] [Render thread/DEBUG] [mezz.jei.library.recipes.RecipeManagerInternal/]: Adding recipes: RecipeType[uid=jei:information, recipeClass=interface mezz.jei.api.recipe.vanilla.IJeiIngredientInfoRecipe]
[24May2026 18:05:49.532] [Render thread/DEBUG] [mezz.jei.library.recipes.RecipeManagerInternal/]: Adding recipes: RecipeType[uid=jei:information, recipeClass=interface mezz.jei.api.recipe.vanilla.IJeiIngredientInfoRecipe]
[24May2026 18:05:49.532] [Render thread/DEBUG] [mezz.jei.library.recipes.RecipeManagerInternal/]: Adding recipes: RecipeType[uid=jei:information, recipeClass=interface mezz.jei.api.recipe.vanilla.IJeiIngredientInfoRecipe]
[24May2026 18:05:49.532] [Render thread/DEBUG] [mezz.jei.library.recipes.RecipeManagerInternal/]: Adding recipes: RecipeType[uid=jei:information, recipeClass=interface mezz.jei.api.recipe.vanilla.IJeiIngredientInfoRecipe]
[24May2026 18:05:49.532] [Render thread/DEBUG] [mezz.jei.library.recipes.RecipeManagerInternal/]: Adding recipes: RecipeType[uid=jei:information, recipeClass=interface mezz.jei.api.recipe.vanilla.IJeiIngredientInfoRecipe]
[24May2026 18:05:49.533] [Render thread/DEBUG] [mezz.jei.library.recipes.RecipeManagerInternal/]: Adding recipes: RecipeType[uid=jei:information, recipeClass=interface mezz.jei.api.recipe.vanilla.IJeiIngredientInfoRecipe]
[24May2026 18:05:49.533] [Render thread/DEBUG] [mezz.jei.library.recipes.RecipeManagerInternal/]: Adding recipes: RecipeType[uid=jei:information, recipeClass=interface mezz.jei.api.recipe.vanilla.IJeiIngredientInfoRecipe]
[24May2026 18:05:49.533] [Render thread/DEBUG] [mezz.jei.library.recipes.RecipeManagerInternal/]: Adding recipes: RecipeType[uid=jei:information, recipeClass=interface mezz.jei.api.recipe.vanilla.IJeiIngredientInfoRecipe]
[24May2026 18:05:49.533] [Render thread/DEBUG] [mezz.jei.library.recipes.RecipeManagerInternal/]: Adding recipes: RecipeType[uid=jei:information, recipeClass=interface mezz.jei.api.recipe.vanilla.IJeiIngredientInfoRecipe]
[24May2026 18:05:49.533] [Render thread/DEBUG] [mezz.jei.library.recipes.RecipeManagerInternal/]: Adding recipes: RecipeType[uid=jei:information, recipeClass=interface mezz.jei.api.recipe.vanilla.IJeiIngredientInfoRecipe]
[24May2026 18:05:49.533] [Render thread/DEBUG] [mezz.jei.library.recipes.RecipeManagerInternal/]: Adding recipes: RecipeType[uid=jei:information, recipeClass=interface mezz.jei.api.recipe.vanilla.IJeiIngredientInfoRecipe]
[24May2026 18:05:49.533] [Render thread/DEBUG] [mezz.jei.library.recipes.RecipeManagerInternal/]: Adding recipes: RecipeType[uid=jei:information, recipeClass=interface mezz.jei.api.recipe.vanilla.IJeiIngredientInfoRecipe]
[24May2026 18:05:49.534] [Render thread/DEBUG] [mezz.jei.library.recipes.RecipeManagerInternal/]: Adding recipes: RecipeType[uid=jei:information, recipeClass=interface mezz.jei.api.recipe.vanilla.IJeiIngredientInfoRecipe]
[24May2026 18:05:49.534] [Render thread/DEBUG] [mezz.jei.library.recipes.RecipeManagerInternal/]: Adding recipes: RecipeType[uid=jei:information, recipeClass=interface mezz.jei.api.recipe.vanilla.IJeiIngredientInfoRecipe]
[24May2026 18:05:49.534] [Render thread/DEBUG] [mezz.jei.library.recipes.RecipeManagerInternal/]: Adding recipes: RecipeType[uid=jei:information, recipeClass=interface mezz.jei.api.recipe.vanilla.IJeiIngredientInfoRecipe]
[24May2026 18:05:49.534] [Render thread/DEBUG] [mezz.jei.library.recipes.RecipeManagerInternal/]: Adding recipes: RecipeType[uid=jei:information, recipeClass=interface mezz.jei.api.recipe.vanilla.IJeiIngredientInfoRecipe]
[24May2026 18:05:49.534] [Render thread/DEBUG] [mezz.jei.library.recipes.RecipeManagerInternal/]: Adding recipes: RecipeType[uid=jei:information, recipeClass=interface mezz.jei.api.recipe.vanilla.IJeiIngredientInfoRecipe]
[24May2026 18:05:49.534] [Render thread/DEBUG] [mezz.jei.library.recipes.RecipeManagerInternal/]: Adding recipes: RecipeType[uid=jei:information, recipeClass=interface mezz.jei.api.recipe.vanilla.IJeiIngredientInfoRecipe]
[24May2026 18:05:49.535] [Render thread/DEBUG] [mezz.jei.library.recipes.RecipeManagerInternal/]: Adding recipes: RecipeType[uid=jei:information, recipeClass=interface mezz.jei.api.recipe.vanilla.IJeiIngredientInfoRecipe]
[24May2026 18:05:49.535] [Render thread/DEBUG] [mezz.jei.library.recipes.RecipeManagerInternal/]: Adding recipes: RecipeType[uid=jei:information, recipeClass=interface mezz.jei.api.recipe.vanilla.IJeiIngredientInfoRecipe]
[24May2026 18:05:49.535] [Render thread/DEBUG] [mezz.jei.library.recipes.RecipeManagerInternal/]: Adding recipes: RecipeType[uid=jei:information, recipeClass=interface mezz.jei.api.recipe.vanilla.IJeiIngredientInfoRecipe]
[24May2026 18:05:49.535] [Render thread/DEBUG] [mezz.jei.library.recipes.RecipeManagerInternal/]: Adding recipes: RecipeType[uid=jei:information, recipeClass=interface mezz.jei.api.recipe.vanilla.IJeiIngredientInfoRecipe]
[24May2026 18:05:49.535] [Render thread/DEBUG] [mezz.jei.library.recipes.RecipeManagerInternal/]: Adding recipes: RecipeType[uid=jei:information, recipeClass=interface mezz.jei.api.recipe.vanilla.IJeiIngredientInfoRecipe]
[24May2026 18:05:49.535] [Render thread/DEBUG] [mezz.jei.library.recipes.RecipeManagerInternal/]: Adding recipes: RecipeType[uid=jei:information, recipeClass=interface mezz.jei.api.recipe.vanilla.IJeiIngredientInfoRecipe]
[24May2026 18:05:49.535] [Render thread/DEBUG] [mezz.jei.library.recipes.RecipeManagerInternal/]: Adding recipes: RecipeType[uid=jei:information, recipeClass=interface mezz.jei.api.recipe.vanilla.IJeiIngredientInfoRecipe]
[24May2026 18:05:49.536] [Render thread/DEBUG] [mezz.jei.library.recipes.RecipeManagerInternal/]: Adding recipes: RecipeType[uid=jei:information, recipeClass=interface mezz.jei.api.recipe.vanilla.IJeiIngredientInfoRecipe]
[24May2026 18:05:49.536] [Render thread/DEBUG] [mezz.jei.library.recipes.RecipeManagerInternal/]: Adding recipes: RecipeType[uid=jei:information, recipeClass=interface mezz.jei.api.recipe.vanilla.IJeiIngredientInfoRecipe]
[24May2026 18:05:49.536] [Render thread/DEBUG] [mezz.jei.library.recipes.RecipeManagerInternal/]: Adding recipes: RecipeType[uid=jei:information, recipeClass=interface mezz.jei.api.recipe.vanilla.IJeiIngredientInfoRecipe]
[24May2026 18:05:49.536] [Render thread/DEBUG] [mezz.jei.library.recipes.RecipeManagerInternal/]: Adding recipes: RecipeType[uid=jei:information, recipeClass=interface mezz.jei.api.recipe.vanilla.IJeiIngredientInfoRecipe]
[24May2026 18:05:49.536] [Render thread/DEBUG] [mezz.jei.library.recipes.RecipeManagerInternal/]: Adding recipes: RecipeType[uid=jei:information, recipeClass=interface mezz.jei.api.recipe.vanilla.IJeiIngredientInfoRecipe]
[24May2026 18:05:49.536] [Render thread/DEBUG] [mezz.jei.library.recipes.RecipeManagerInternal/]: Adding recipes: RecipeType[uid=jei:information, recipeClass=interface mezz.jei.api.recipe.vanilla.IJeiIngredientInfoRecipe]
[24May2026 18:05:49.536] [Render thread/DEBUG] [mezz.jei.library.recipes.RecipeManagerInternal/]: Adding recipes: RecipeType[uid=jei:information, recipeClass=interface mezz.jei.api.recipe.vanilla.IJeiIngredientInfoRecipe]
[24May2026 18:05:49.537] [Render thread/DEBUG] [mezz.jei.library.recipes.RecipeManagerInternal/]: Adding recipes: RecipeType[uid=jei:information, recipeClass=interface mezz.jei.api.recipe.vanilla.IJeiIngredientInfoRecipe]
[24May2026 18:05:49.537] [Render thread/DEBUG] [mezz.jei.library.recipes.RecipeManagerInternal/]: Adding recipes: RecipeType[uid=jei:information, recipeClass=interface mezz.jei.api.recipe.vanilla.IJeiIngredientInfoRecipe]
[24May2026 18:05:49.537] [Render thread/DEBUG] [mezz.jei.library.recipes.RecipeManagerInternal/]: Adding recipes: RecipeType[uid=jei:information, recipeClass=interface mezz.jei.api.recipe.vanilla.IJeiIngredientInfoRecipe]
[24May2026 18:05:49.537] [Render thread/DEBUG] [mezz.jei.library.recipes.RecipeManagerInternal/]: Adding recipes: RecipeType[uid=jei:information, recipeClass=interface mezz.jei.api.recipe.vanilla.IJeiIngredientInfoRecipe]
[24May2026 18:05:49.537] [Render thread/DEBUG] [mezz.jei.library.recipes.RecipeManagerInternal/]: Adding recipes: RecipeType[uid=jei:information, recipeClass=interface mezz.jei.api.recipe.vanilla.IJeiIngredientInfoRecipe]
[24May2026 18:05:49.537] [Render thread/DEBUG] [mezz.jei.library.recipes.RecipeManagerInternal/]: Adding recipes: RecipeType[uid=jei:information, recipeClass=interface mezz.jei.api.recipe.vanilla.IJeiIngredientInfoRecipe]
[24May2026 18:05:49.537] [Render thread/DEBUG] [mezz.jei.library.recipes.RecipeManagerInternal/]: Adding recipes: RecipeType[uid=jei:information, recipeClass=interface mezz.jei.api.recipe.vanilla.IJeiIngredientInfoRecipe]
[24May2026 18:05:49.537] [Render thread/DEBUG] [mezz.jei.library.recipes.RecipeManagerInternal/]: Adding recipes: RecipeType[uid=jei:information, recipeClass=interface mezz.jei.api.recipe.vanilla.IJeiIngredientInfoRecipe]
[24May2026 18:05:49.537] [Render thread/DEBUG] [mezz.jei.library.recipes.RecipeManagerInternal/]: Adding recipes: RecipeType[uid=jei:information, recipeClass=interface mezz.jei.api.recipe.vanilla.IJeiIngredientInfoRecipe]
[24May2026 18:05:49.537] [Render thread/DEBUG] [mezz.jei.library.recipes.RecipeManagerInternal/]: Adding recipes: RecipeType[uid=jei:information, recipeClass=interface mezz.jei.api.recipe.vanilla.IJeiIngredientInfoRecipe]
[24May2026 18:05:49.537] [Render thread/DEBUG] [mezz.jei.library.recipes.RecipeManagerInternal/]: Adding recipes: RecipeType[uid=jei:information, recipeClass=interface mezz.jei.api.recipe.vanilla.IJeiIngredientInfoRecipe]
[24May2026 18:05:49.537] [Render thread/DEBUG] [mezz.jei.library.recipes.RecipeManagerInternal/]: Adding recipes: RecipeType[uid=jei:information, recipeClass=interface mezz.jei.api.recipe.vanilla.IJeiIngredientInfoRecipe]
[24May2026 18:05:49.537] [Render thread/DEBUG] [mezz.jei.library.recipes.RecipeManagerInternal/]: Adding recipes: RecipeType[uid=jei:information, recipeClass=interface mezz.jei.api.recipe.vanilla.IJeiIngredientInfoRecipe]
[24May2026 18:05:49.538] [Render thread/DEBUG] [mezz.jei.library.recipes.RecipeManagerInternal/]: Adding recipes: RecipeType[uid=jei:information, recipeClass=interface mezz.jei.api.recipe.vanilla.IJeiIngredientInfoRecipe]
[24May2026 18:05:49.538] [Render thread/DEBUG] [mezz.jei.library.recipes.RecipeManagerInternal/]: Adding recipes: RecipeType[uid=jei:information, recipeClass=interface mezz.jei.api.recipe.vanilla.IJeiIngredientInfoRecipe]
[24May2026 18:05:49.538] [Render thread/DEBUG] [mezz.jei.library.recipes.RecipeManagerInternal/]: Adding recipes: RecipeType[uid=jei:information, recipeClass=interface mezz.jei.api.recipe.vanilla.IJeiIngredientInfoRecipe]
[24May2026 18:05:49.538] [Render thread/DEBUG] [mezz.jei.library.recipes.RecipeManagerInternal/]: Adding recipes: RecipeType[uid=jei:information, recipeClass=interface mezz.jei.api.recipe.vanilla.IJeiIngredientInfoRecipe]
[24May2026 18:05:49.538] [Render thread/DEBUG] [mezz.jei.library.recipes.RecipeManagerInternal/]: Adding recipes: RecipeType[uid=jei:information, recipeClass=interface mezz.jei.api.recipe.vanilla.IJeiIngredientInfoRecipe]
[24May2026 18:05:49.538] [Render thread/DEBUG] [mezz.jei.library.recipes.RecipeManagerInternal/]: Adding recipes: RecipeType[uid=jei:information, recipeClass=interface mezz.jei.api.recipe.vanilla.IJeiIngredientInfoRecipe]
[24May2026 18:05:49.538] [Render thread/DEBUG] [mezz.jei.library.recipes.RecipeManagerInternal/]: Adding recipes: RecipeType[uid=jei:information, recipeClass=interface mezz.jei.api.recipe.vanilla.IJeiIngredientInfoRecipe]
[24May2026 18:05:49.539] [Render thread/DEBUG] [mezz.jei.library.recipes.RecipeManagerInternal/]: Adding recipes: RecipeType[uid=jei:information, recipeClass=interface mezz.jei.api.recipe.vanilla.IJeiIngredientInfoRecipe]
[24May2026 18:05:49.539] [Render thread/DEBUG] [mezz.jei.library.recipes.RecipeManagerInternal/]: Adding recipes: RecipeType[uid=jei:information, recipeClass=interface mezz.jei.api.recipe.vanilla.IJeiIngredientInfoRecipe]
[24May2026 18:05:49.539] [Render thread/DEBUG] [mezz.jei.library.recipes.RecipeManagerInternal/]: Adding recipes: RecipeType[uid=jei:information, recipeClass=interface mezz.jei.api.recipe.vanilla.IJeiIngredientInfoRecipe]
[24May2026 18:05:49.539] [Render thread/DEBUG] [mezz.jei.library.recipes.RecipeManagerInternal/]: Adding recipes: RecipeType[uid=jei:information, recipeClass=interface mezz.jei.api.recipe.vanilla.IJeiIngredientInfoRecipe]
[24May2026 18:05:49.539] [Render thread/DEBUG] [mezz.jei.library.recipes.RecipeManagerInternal/]: Adding recipes: RecipeType[uid=jei:information, recipeClass=interface mezz.jei.api.recipe.vanilla.IJeiIngredientInfoRecipe]
[24May2026 18:05:49.540] [Render thread/DEBUG] [mezz.jei.library.recipes.RecipeManagerInternal/]: Adding recipes: RecipeType[uid=jei:information, recipeClass=interface mezz.jei.api.recipe.vanilla.IJeiIngredientInfoRecipe]
[24May2026 18:05:49.540] [Render thread/DEBUG] [mezz.jei.library.recipes.RecipeManagerInternal/]: Adding recipes: RecipeType[uid=jei:information, recipeClass=interface mezz.jei.api.recipe.vanilla.IJeiIngredientInfoRecipe]
[24May2026 18:05:49.540] [Render thread/DEBUG] [mezz.jei.library.recipes.RecipeManagerInternal/]: Adding recipes: RecipeType[uid=jei:information, recipeClass=interface mezz.jei.api.recipe.vanilla.IJeiIngredientInfoRecipe]
[24May2026 18:05:49.540] [Render thread/DEBUG] [mezz.jei.library.recipes.RecipeManagerInternal/]: Adding recipes: RecipeType[uid=jei:information, recipeClass=interface mezz.jei.api.recipe.vanilla.IJeiIngredientInfoRecipe]
[24May2026 18:05:49.540] [Render thread/DEBUG] [mezz.jei.library.recipes.RecipeManagerInternal/]: Adding recipes: RecipeType[uid=jei:information, recipeClass=interface mezz.jei.api.recipe.vanilla.IJeiIngredientInfoRecipe]
[24May2026 18:05:49.540] [Render thread/DEBUG] [mezz.jei.library.recipes.RecipeManagerInternal/]: Adding recipes: RecipeType[uid=jei:information, recipeClass=interface mezz.jei.api.recipe.vanilla.IJeiIngredientInfoRecipe]
[24May2026 18:05:49.541] [Render thread/DEBUG] [mezz.jei.library.recipes.RecipeManagerInternal/]: Adding recipes: RecipeType[uid=jei:information, recipeClass=interface mezz.jei.api.recipe.vanilla.IJeiIngredientInfoRecipe]
[24May2026 18:05:49.541] [Render thread/DEBUG] [mezz.jei.library.recipes.RecipeManagerInternal/]: Adding recipes: RecipeType[uid=jei:information, recipeClass=interface mezz.jei.api.recipe.vanilla.IJeiIngredientInfoRecipe]
[24May2026 18:05:49.541] [Render thread/DEBUG] [mezz.jei.library.recipes.RecipeManagerInternal/]: Adding recipes: RecipeType[uid=jei:information, recipeClass=interface mezz.jei.api.recipe.vanilla.IJeiIngredientInfoRecipe]
[24May2026 18:05:49.541] [Render thread/DEBUG] [mezz.jei.library.recipes.RecipeManagerInternal/]: Adding recipes: RecipeType[uid=jei:information, recipeClass=interface mezz.jei.api.recipe.vanilla.IJeiIngredientInfoRecipe]
[24May2026 18:05:49.541] [Render thread/DEBUG] [mezz.jei.library.recipes.RecipeManagerInternal/]: Adding recipes: RecipeType[uid=jei:information, recipeClass=interface mezz.jei.api.recipe.vanilla.IJeiIngredientInfoRecipe]
[24May2026 18:05:49.541] [Render thread/DEBUG] [mezz.jei.library.recipes.RecipeManagerInternal/]: Adding recipes: RecipeType[uid=jei:information, recipeClass=interface mezz.jei.api.recipe.vanilla.IJeiIngredientInfoRecipe]
[24May2026 18:05:49.541] [Render thread/DEBUG] [mezz.jei.library.recipes.RecipeManagerInternal/]: Adding recipes: RecipeType[uid=jei:information, recipeClass=interface mezz.jei.api.recipe.vanilla.IJeiIngredientInfoRecipe]
[24May2026 18:05:49.541] [Render thread/DEBUG] [mezz.jei.library.recipes.RecipeManagerInternal/]: Adding recipes: RecipeType[uid=jei:information, recipeClass=interface mezz.jei.api.recipe.vanilla.IJeiIngredientInfoRecipe]
[24May2026 18:05:49.542] [Render thread/DEBUG] [mezz.jei.library.recipes.RecipeManagerInternal/]: Adding recipes: RecipeType[uid=jei:information, recipeClass=interface mezz.jei.api.recipe.vanilla.IJeiIngredientInfoRecipe]
[24May2026 18:05:49.542] [Render thread/DEBUG] [mezz.jei.library.recipes.RecipeManagerInternal/]: Adding recipes: RecipeType[uid=jei:information, recipeClass=interface mezz.jei.api.recipe.vanilla.IJeiIngredientInfoRecipe]
[24May2026 18:05:49.542] [Render thread/DEBUG] [mezz.jei.library.recipes.RecipeManagerInternal/]: Adding recipes: RecipeType[uid=jei:information, recipeClass=interface mezz.jei.api.recipe.vanilla.IJeiIngredientInfoRecipe]
[24May2026 18:05:49.542] [Render thread/DEBUG] [mezz.jei.library.recipes.RecipeManagerInternal/]: Adding recipes: RecipeType[uid=jei:information, recipeClass=interface mezz.jei.api.recipe.vanilla.IJeiIngredientInfoRecipe]
[24May2026 18:05:49.542] [Render thread/DEBUG] [mezz.jei.library.recipes.RecipeManagerInternal/]: Adding recipes: RecipeType[uid=jei:information, recipeClass=interface mezz.jei.api.recipe.vanilla.IJeiIngredientInfoRecipe]
[24May2026 18:05:49.542] [Render thread/DEBUG] [mezz.jei.library.recipes.RecipeManagerInternal/]: Adding recipes: RecipeType[uid=jei:information, recipeClass=interface mezz.jei.api.recipe.vanilla.IJeiIngredientInfoRecipe]
[24May2026 18:05:49.542] [Render thread/DEBUG] [mezz.jei.library.recipes.RecipeManagerInternal/]: Adding recipes: RecipeType[uid=jei:information, recipeClass=interface mezz.jei.api.recipe.vanilla.IJeiIngredientInfoRecipe]
[24May2026 18:05:49.543] [Render thread/DEBUG] [mezz.jei.library.recipes.RecipeManagerInternal/]: Adding recipes: RecipeType[uid=jei:information, recipeClass=interface mezz.jei.api.recipe.vanilla.IJeiIngredientInfoRecipe]
[24May2026 18:05:49.543] [Render thread/DEBUG] [mezz.jei.library.recipes.RecipeManagerInternal/]: Adding recipes: RecipeType[uid=jei:information, recipeClass=interface mezz.jei.api.recipe.vanilla.IJeiIngredientInfoRecipe]
[24May2026 18:05:49.543] [Render thread/DEBUG] [mezz.jei.library.recipes.RecipeManagerInternal/]: Adding recipes: RecipeType[uid=jei:information, recipeClass=interface mezz.jei.api.recipe.vanilla.IJeiIngredientInfoRecipe]
[24May2026 18:05:49.543] [Render thread/DEBUG] [mezz.jei.library.recipes.RecipeManagerInternal/]: Adding recipes: RecipeType[uid=jei:information, recipeClass=interface mezz.jei.api.recipe.vanilla.IJeiIngredientInfoRecipe]
[24May2026 18:05:49.543] [Render thread/DEBUG] [mezz.jei.library.recipes.RecipeManagerInternal/]: Adding recipes: RecipeType[uid=jei:information, recipeClass=interface mezz.jei.api.recipe.vanilla.IJeiIngredientInfoRecipe]
[24May2026 18:05:49.543] [Render thread/DEBUG] [mezz.jei.library.recipes.RecipeManagerInternal/]: Adding recipes: RecipeType[uid=jei:information, recipeClass=interface mezz.jei.api.recipe.vanilla.IJeiIngredientInfoRecipe]
[24May2026 18:05:49.543] [Render thread/DEBUG] [mezz.jei.library.recipes.RecipeManagerInternal/]: Adding recipes: RecipeType[uid=jei:information, recipeClass=interface mezz.jei.api.recipe.vanilla.IJeiIngredientInfoRecipe]
[24May2026 18:05:49.544] [Render thread/DEBUG] [mezz.jei.library.recipes.RecipeManagerInternal/]: Adding recipes: RecipeType[uid=jei:information, recipeClass=interface mezz.jei.api.recipe.vanilla.IJeiIngredientInfoRecipe]
[24May2026 18:05:49.544] [Render thread/DEBUG] [mezz.jei.library.recipes.RecipeManagerInternal/]: Adding recipes: RecipeType[uid=jei:information, recipeClass=interface mezz.jei.api.recipe.vanilla.IJeiIngredientInfoRecipe]
[24May2026 18:05:49.544] [Render thread/DEBUG] [mezz.jei.library.recipes.RecipeManagerInternal/]: Adding recipes: RecipeType[uid=jei:information, recipeClass=interface mezz.jei.api.recipe.vanilla.IJeiIngredientInfoRecipe]
[24May2026 18:05:49.544] [Render thread/DEBUG] [mezz.jei.library.recipes.RecipeManagerInternal/]: Adding recipes: RecipeType[uid=jei:information, recipeClass=interface mezz.jei.api.recipe.vanilla.IJeiIngredientInfoRecipe]
[24May2026 18:05:49.544] [Render thread/DEBUG] [mezz.jei.library.recipes.RecipeManagerInternal/]: Adding recipes: RecipeType[uid=jei:information, recipeClass=interface mezz.jei.api.recipe.vanilla.IJeiIngredientInfoRecipe]
[24May2026 18:05:49.544] [Render thread/DEBUG] [mezz.jei.library.recipes.RecipeManagerInternal/]: Adding recipes: RecipeType[uid=jei:information, recipeClass=interface mezz.jei.api.recipe.vanilla.IJeiIngredientInfoRecipe]
[24May2026 18:05:49.545] [Render thread/DEBUG] [mezz.jei.library.recipes.RecipeManagerInternal/]: Adding recipes: RecipeType[uid=jei:information, recipeClass=interface mezz.jei.api.recipe.vanilla.IJeiIngredientInfoRecipe]
[24May2026 18:05:49.545] [Render thread/DEBUG] [mezz.jei.library.recipes.RecipeManagerInternal/]: Adding recipes: RecipeType[uid=jei:information, recipeClass=interface mezz.jei.api.recipe.vanilla.IJeiIngredientInfoRecipe]
[24May2026 18:05:49.545] [Render thread/DEBUG] [mezz.jei.library.recipes.RecipeManagerInternal/]: Adding recipes: RecipeType[uid=jei:information, recipeClass=interface mezz.jei.api.recipe.vanilla.IJeiIngredientInfoRecipe]
[24May2026 18:05:49.545] [Render thread/DEBUG] [mezz.jei.library.recipes.RecipeManagerInternal/]: Adding recipes: RecipeType[uid=jei:information, recipeClass=interface mezz.jei.api.recipe.vanilla.IJeiIngredientInfoRecipe]
[24May2026 18:05:49.545] [Render thread/DEBUG] [mezz.jei.library.recipes.RecipeManagerInternal/]: Adding recipes: RecipeType[uid=jei:information, recipeClass=interface mezz.jei.api.recipe.vanilla.IJeiIngredientInfoRecipe]
[24May2026 18:05:49.546] [Render thread/DEBUG] [mezz.jei.library.recipes.RecipeManagerInternal/]: Adding recipes: RecipeType[uid=jei:information, recipeClass=interface mezz.jei.api.recipe.vanilla.IJeiIngredientInfoRecipe]
[24May2026 18:05:49.546] [Render thread/DEBUG] [mezz.jei.library.recipes.RecipeManagerInternal/]: Adding recipes: RecipeType[uid=jei:information, recipeClass=interface mezz.jei.api.recipe.vanilla.IJeiIngredientInfoRecipe]
[24May2026 18:05:49.546] [Render thread/DEBUG] [mezz.jei.library.recipes.RecipeManagerInternal/]: Adding recipes: RecipeType[uid=jei:information, recipeClass=interface mezz.jei.api.recipe.vanilla.IJeiIngredientInfoRecipe]
[24May2026 18:05:49.546] [Render thread/DEBUG] [mezz.jei.library.recipes.RecipeManagerInternal/]: Adding recipes: RecipeType[uid=jei:information, recipeClass=interface mezz.jei.api.recipe.vanilla.IJeiIngredientInfoRecipe]
[24May2026 18:05:49.547] [Render thread/DEBUG] [mezz.jei.library.recipes.RecipeManagerInternal/]: Adding recipes: RecipeType[uid=jei:information, recipeClass=interface mezz.jei.api.recipe.vanilla.IJeiIngredientInfoRecipe]
[24May2026 18:05:49.547] [Render thread/DEBUG] [mezz.jei.library.recipes.RecipeManagerInternal/]: Adding recipes: RecipeType[uid=jei:information, recipeClass=interface mezz.jei.api.recipe.vanilla.IJeiIngredientInfoRecipe]
[24May2026 18:05:49.547] [Render thread/DEBUG] [mezz.jei.library.recipes.RecipeManagerInternal/]: Adding recipes: RecipeType[uid=jei:information, recipeClass=interface mezz.jei.api.recipe.vanilla.IJeiIngredientInfoRecipe]
[24May2026 18:05:49.547] [Render thread/DEBUG] [mezz.jei.library.recipes.RecipeManagerInternal/]: Adding recipes: RecipeType[uid=jei:information, recipeClass=interface mezz.jei.api.recipe.vanilla.IJeiIngredientInfoRecipe]
[24May2026 18:05:49.547] [Render thread/DEBUG] [mezz.jei.library.recipes.RecipeManagerInternal/]: Adding recipes: RecipeType[uid=jei:information, recipeClass=interface mezz.jei.api.recipe.vanilla.IJeiIngredientInfoRecipe]
[24May2026 18:05:49.547] [Render thread/DEBUG] [mezz.jei.library.recipes.RecipeManagerInternal/]: Adding recipes: RecipeType[uid=jei:information, recipeClass=interface mezz.jei.api.recipe.vanilla.IJeiIngredientInfoRecipe]
[24May2026 18:05:49.547] [Render thread/DEBUG] [mezz.jei.library.recipes.RecipeManagerInternal/]: Adding recipes: RecipeType[uid=jei:information, recipeClass=interface mezz.jei.api.recipe.vanilla.IJeiIngredientInfoRecipe]
[24May2026 18:05:49.547] [Render thread/DEBUG] [mezz.jei.library.recipes.RecipeManagerInternal/]: Adding recipes: RecipeType[uid=jei:information, recipeClass=interface mezz.jei.api.recipe.vanilla.IJeiIngredientInfoRecipe]
[24May2026 18:05:49.547] [Render thread/DEBUG] [mezz.jei.library.recipes.RecipeManagerInternal/]: Adding recipes: RecipeType[uid=jei:information, recipeClass=interface mezz.jei.api.recipe.vanilla.IJeiIngredientInfoRecipe]
[24May2026 18:05:49.547] [Render thread/DEBUG] [mezz.jei.library.recipes.RecipeManagerInternal/]: Adding recipes: RecipeType[uid=jei:information, recipeClass=interface mezz.jei.api.recipe.vanilla.IJeiIngredientInfoRecipe]
[24May2026 18:05:49.547] [Render thread/DEBUG] [mezz.jei.library.recipes.RecipeManagerInternal/]: Adding recipes: RecipeType[uid=jei:information, recipeClass=interface mezz.jei.api.recipe.vanilla.IJeiIngredientInfoRecipe]
[24May2026 18:05:49.548] [Render thread/DEBUG] [mezz.jei.library.recipes.RecipeManagerInternal/]: Adding recipes: RecipeType[uid=jei:information, recipeClass=interface mezz.jei.api.recipe.vanilla.IJeiIngredientInfoRecipe]
[24May2026 18:05:49.548] [Render thread/DEBUG] [mezz.jei.library.recipes.RecipeManagerInternal/]: Adding recipes: RecipeType[uid=jei:information, recipeClass=interface mezz.jei.api.recipe.vanilla.IJeiIngredientInfoRecipe]
[24May2026 18:05:49.548] [Render thread/DEBUG] [mezz.jei.library.recipes.RecipeManagerInternal/]: Adding recipes: RecipeType[uid=jei:information, recipeClass=interface mezz.jei.api.recipe.vanilla.IJeiIngredientInfoRecipe]
[24May2026 18:05:49.548] [Render thread/DEBUG] [mezz.jei.library.recipes.RecipeManagerInternal/]: Adding recipes: RecipeType[uid=jei:information, recipeClass=interface mezz.jei.api.recipe.vanilla.IJeiIngredientInfoRecipe]
[24May2026 18:05:49.548] [Render thread/DEBUG] [mezz.jei.library.recipes.RecipeManagerInternal/]: Adding recipes: RecipeType[uid=jei:information, recipeClass=interface mezz.jei.api.recipe.vanilla.IJeiIngredientInfoRecipe]
[24May2026 18:05:49.548] [Render thread/DEBUG] [mezz.jei.library.recipes.RecipeManagerInternal/]: Adding recipes: RecipeType[uid=jei:information, recipeClass=interface mezz.jei.api.recipe.vanilla.IJeiIngredientInfoRecipe]
[24May2026 18:05:49.548] [Render thread/DEBUG] [mezz.jei.library.recipes.RecipeManagerInternal/]: Adding recipes: RecipeType[uid=jei:information, recipeClass=interface mezz.jei.api.recipe.vanilla.IJeiIngredientInfoRecipe]
[24May2026 18:05:49.549] [Render thread/DEBUG] [mezz.jei.library.recipes.RecipeManagerInternal/]: Adding recipes: RecipeType[uid=jei:information, recipeClass=interface mezz.jei.api.recipe.vanilla.IJeiIngredientInfoRecipe]
[24May2026 18:05:49.549] [Render thread/DEBUG] [mezz.jei.library.recipes.RecipeManagerInternal/]: Adding recipes: RecipeType[uid=jei:information, recipeClass=interface mezz.jei.api.recipe.vanilla.IJeiIngredientInfoRecipe]
[24May2026 18:05:49.549] [Render thread/DEBUG] [mezz.jei.library.recipes.RecipeManagerInternal/]: Adding recipes: RecipeType[uid=jei:information, recipeClass=interface mezz.jei.api.recipe.vanilla.IJeiIngredientInfoRecipe]
[24May2026 18:05:49.549] [Render thread/DEBUG] [mezz.jei.library.recipes.RecipeManagerInternal/]: Adding recipes: RecipeType[uid=jei:information, recipeClass=interface mezz.jei.api.recipe.vanilla.IJeiIngredientInfoRecipe]
[24May2026 18:05:49.549] [Render thread/DEBUG] [mezz.jei.library.recipes.RecipeManagerInternal/]: Adding recipes: RecipeType[uid=jei:information, recipeClass=interface mezz.jei.api.recipe.vanilla.IJeiIngredientInfoRecipe]
[24May2026 18:05:49.549] [Render thread/DEBUG] [mezz.jei.library.recipes.RecipeManagerInternal/]: Adding recipes: RecipeType[uid=jei:information, recipeClass=interface mezz.jei.api.recipe.vanilla.IJeiIngredientInfoRecipe]
[24May2026 18:05:49.550] [Render thread/DEBUG] [mezz.jei.library.recipes.RecipeManagerInternal/]: Adding recipes: RecipeType[uid=jei:information, recipeClass=interface mezz.jei.api.recipe.vanilla.IJeiIngredientInfoRecipe]
[24May2026 18:05:49.550] [Render thread/DEBUG] [mezz.jei.library.recipes.RecipeManagerInternal/]: Adding recipes: RecipeType[uid=jei:information, recipeClass=interface mezz.jei.api.recipe.vanilla.IJeiIngredientInfoRecipe]
[24May2026 18:05:49.550] [Render thread/DEBUG] [mezz.jei.library.recipes.RecipeManagerInternal/]: Adding recipes: RecipeType[uid=jei:information, recipeClass=interface mezz.jei.api.recipe.vanilla.IJeiIngredientInfoRecipe]
[24May2026 18:05:49.550] [Render thread/DEBUG] [mezz.jei.library.recipes.RecipeManagerInternal/]: Adding recipes: RecipeType[uid=jei:information, recipeClass=interface mezz.jei.api.recipe.vanilla.IJeiIngredientInfoRecipe]
[24May2026 18:05:49.550] [Render thread/DEBUG] [mezz.jei.library.recipes.RecipeManagerInternal/]: Adding recipes: RecipeType[uid=jei:information, recipeClass=interface mezz.jei.api.recipe.vanilla.IJeiIngredientInfoRecipe]
[24May2026 18:05:49.550] [Render thread/DEBUG] [mezz.jei.library.recipes.RecipeManagerInternal/]: Adding recipes: RecipeType[uid=jei:information, recipeClass=interface mezz.jei.api.recipe.vanilla.IJeiIngredientInfoRecipe]
[24May2026 18:05:49.551] [Render thread/DEBUG] [mezz.jei.library.recipes.RecipeManagerInternal/]: Adding recipes: RecipeType[uid=jei:information, recipeClass=interface mezz.jei.api.recipe.vanilla.IJeiIngredientInfoRecipe]
[24May2026 18:05:49.551] [Render thread/DEBUG] [mezz.jei.library.recipes.RecipeManagerInternal/]: Adding recipes: RecipeType[uid=jei:information, recipeClass=interface mezz.jei.api.recipe.vanilla.IJeiIngredientInfoRecipe]
[24May2026 18:05:49.551] [Render thread/DEBUG] [mezz.jei.library.recipes.RecipeManagerInternal/]: Adding recipes: RecipeType[uid=jei:information, recipeClass=interface mezz.jei.api.recipe.vanilla.IJeiIngredientInfoRecipe]
[24May2026 18:05:49.551] [Render thread/DEBUG] [mezz.jei.library.recipes.RecipeManagerInternal/]: Adding recipes: RecipeType[uid=jei:information, recipeClass=interface mezz.jei.api.recipe.vanilla.IJeiIngredientInfoRecipe]
[24May2026 18:05:49.551] [Render thread/DEBUG] [mezz.jei.library.recipes.RecipeManagerInternal/]: Adding recipes: RecipeType[uid=jei:information, recipeClass=interface mezz.jei.api.recipe.vanilla.IJeiIngredientInfoRecipe]
[24May2026 18:05:49.551] [Render thread/DEBUG] [mezz.jei.library.recipes.RecipeManagerInternal/]: Adding recipes: RecipeType[uid=jei:information, recipeClass=interface mezz.jei.api.recipe.vanilla.IJeiIngredientInfoRecipe]
[24May2026 18:05:49.552] [Render thread/DEBUG] [mezz.jei.library.recipes.RecipeManagerInternal/]: Adding recipes: RecipeType[uid=jei:information, recipeClass=interface mezz.jei.api.recipe.vanilla.IJeiIngredientInfoRecipe]
[24May2026 18:05:49.552] [Render thread/DEBUG] [mezz.jei.library.recipes.RecipeManagerInternal/]: Adding recipes: RecipeType[uid=jei:information, recipeClass=interface mezz.jei.api.recipe.vanilla.IJeiIngredientInfoRecipe]
[24May2026 18:05:49.552] [Render thread/DEBUG] [mezz.jei.library.recipes.RecipeManagerInternal/]: Adding recipes: RecipeType[uid=jei:information, recipeClass=interface mezz.jei.api.recipe.vanilla.IJeiIngredientInfoRecipe]
[24May2026 18:05:49.552] [Render thread/DEBUG] [mezz.jei.library.recipes.RecipeManagerInternal/]: Adding recipes: RecipeType[uid=jei:information, recipeClass=interface mezz.jei.api.recipe.vanilla.IJeiIngredientInfoRecipe]
[24May2026 18:05:49.553] [Render thread/DEBUG] [mezz.jei.library.recipes.RecipeManagerInternal/]: Adding recipes: RecipeType[uid=jei:information, recipeClass=interface mezz.jei.api.recipe.vanilla.IJeiIngredientInfoRecipe]
[24May2026 18:05:49.553] [Render thread/DEBUG] [mezz.jei.library.recipes.RecipeManagerInternal/]: Adding recipes: RecipeType[uid=jei:information, recipeClass=interface mezz.jei.api.recipe.vanilla.IJeiIngredientInfoRecipe]
[24May2026 18:05:49.553] [Render thread/DEBUG] [mezz.jei.library.recipes.RecipeManagerInternal/]: Adding recipes: RecipeType[uid=jei:information, recipeClass=interface mezz.jei.api.recipe.vanilla.IJeiIngredientInfoRecipe]
[24May2026 18:05:49.553] [Render thread/DEBUG] [mezz.jei.library.recipes.RecipeManagerInternal/]: Adding recipes: RecipeType[uid=jei:information, recipeClass=interface mezz.jei.api.recipe.vanilla.IJeiIngredientInfoRecipe]
[24May2026 18:05:49.554] [Render thread/DEBUG] [mezz.jei.library.recipes.RecipeManagerInternal/]: Adding recipes: RecipeType[uid=jei:information, recipeClass=interface mezz.jei.api.recipe.vanilla.IJeiIngredientInfoRecipe]
[24May2026 18:05:49.554] [Render thread/DEBUG] [mezz.jei.library.recipes.RecipeManagerInternal/]: Adding recipes: RecipeType[uid=jei:information, recipeClass=interface mezz.jei.api.recipe.vanilla.IJeiIngredientInfoRecipe]
[24May2026 18:05:49.554] [Render thread/DEBUG] [mezz.jei.library.recipes.RecipeManagerInternal/]: Adding recipes: RecipeType[uid=jei:information, recipeClass=interface mezz.jei.api.recipe.vanilla.IJeiIngredientInfoRecipe]
[24May2026 18:05:49.554] [Render thread/DEBUG] [mezz.jei.library.recipes.RecipeManagerInternal/]: Adding recipes: RecipeType[uid=jei:information, recipeClass=interface mezz.jei.api.recipe.vanilla.IJeiIngredientInfoRecipe]
[24May2026 18:05:49.554] [Render thread/DEBUG] [mezz.jei.library.recipes.RecipeManagerInternal/]: Adding recipes: RecipeType[uid=jei:information, recipeClass=interface mezz.jei.api.recipe.vanilla.IJeiIngredientInfoRecipe]
[24May2026 18:05:49.555] [Render thread/DEBUG] [mezz.jei.library.recipes.RecipeManagerInternal/]: Adding recipes: RecipeType[uid=jei:information, recipeClass=interface mezz.jei.api.recipe.vanilla.IJeiIngredientInfoRecipe]
[24May2026 18:05:49.555] [Render thread/DEBUG] [mezz.jei.library.recipes.RecipeManagerInternal/]: Adding recipes: RecipeType[uid=jei:information, recipeClass=interface mezz.jei.api.recipe.vanilla.IJeiIngredientInfoRecipe]
[24May2026 18:05:49.555] [Render thread/DEBUG] [mezz.jei.library.recipes.RecipeManagerInternal/]: Adding recipes: RecipeType[uid=jei:information, recipeClass=interface mezz.jei.api.recipe.vanilla.IJeiIngredientInfoRecipe]
[24May2026 18:05:49.555] [Render thread/DEBUG] [mezz.jei.library.recipes.RecipeManagerInternal/]: Adding recipes: RecipeType[uid=jei:information, recipeClass=interface mezz.jei.api.recipe.vanilla.IJeiIngredientInfoRecipe]
[24May2026 18:05:49.555] [Render thread/DEBUG] [mezz.jei.library.recipes.RecipeManagerInternal/]: Adding recipes: RecipeType[uid=jei:information, recipeClass=interface mezz.jei.api.recipe.vanilla.IJeiIngredientInfoRecipe]
[24May2026 18:05:49.555] [Render thread/DEBUG] [mezz.jei.library.recipes.RecipeManagerInternal/]: Adding recipes: RecipeType[uid=jei:information, recipeClass=interface mezz.jei.api.recipe.vanilla.IJeiIngredientInfoRecipe]
[24May2026 18:05:49.555] [Render thread/DEBUG] [mezz.jei.library.recipes.RecipeManagerInternal/]: Adding recipes: RecipeType[uid=jei:information, recipeClass=interface mezz.jei.api.recipe.vanilla.IJeiIngredientInfoRecipe]
[24May2026 18:05:49.555] [Render thread/DEBUG] [mezz.jei.library.recipes.RecipeManagerInternal/]: Adding recipes: RecipeType[uid=jei:information, recipeClass=interface mezz.jei.api.recipe.vanilla.IJeiIngredientInfoRecipe]
[24May2026 18:05:49.556] [Render thread/DEBUG] [mezz.jei.library.recipes.RecipeManagerInternal/]: Adding recipes: RecipeType[uid=jei:information, recipeClass=interface mezz.jei.api.recipe.vanilla.IJeiIngredientInfoRecipe]
[24May2026 18:05:49.556] [Render thread/DEBUG] [mezz.jei.library.recipes.RecipeManagerInternal/]: Adding recipes: RecipeType[uid=jei:information, recipeClass=interface mezz.jei.api.recipe.vanilla.IJeiIngredientInfoRecipe]
[24May2026 18:05:49.556] [Render thread/DEBUG] [mezz.jei.library.recipes.RecipeManagerInternal/]: Adding recipes: RecipeType[uid=jei:information, recipeClass=interface mezz.jei.api.recipe.vanilla.IJeiIngredientInfoRecipe]
[24May2026 18:05:49.556] [Render thread/DEBUG] [mezz.jei.library.recipes.RecipeManagerInternal/]: Adding recipes: RecipeType[uid=jei:information, recipeClass=interface mezz.jei.api.recipe.vanilla.IJeiIngredientInfoRecipe]
[24May2026 18:05:49.556] [Render thread/DEBUG] [mezz.jei.library.recipes.RecipeManagerInternal/]: Adding recipes: RecipeType[uid=jei:information, recipeClass=interface mezz.jei.api.recipe.vanilla.IJeiIngredientInfoRecipe]
[24May2026 18:05:49.556] [Render thread/DEBUG] [mezz.jei.library.recipes.RecipeManagerInternal/]: Adding recipes: RecipeType[uid=jei:information, recipeClass=interface mezz.jei.api.recipe.vanilla.IJeiIngredientInfoRecipe]
[24May2026 18:05:49.556] [Render thread/DEBUG] [mezz.jei.library.recipes.RecipeManagerInternal/]: Adding recipes: RecipeType[uid=jei:information, recipeClass=interface mezz.jei.api.recipe.vanilla.IJeiIngredientInfoRecipe]
[24May2026 18:05:49.557] [Render thread/DEBUG] [mezz.jei.library.recipes.RecipeManagerInternal/]: Adding recipes: RecipeType[uid=jei:information, recipeClass=interface mezz.jei.api.recipe.vanilla.IJeiIngredientInfoRecipe]
[24May2026 18:05:49.557] [Render thread/DEBUG] [mezz.jei.library.recipes.RecipeManagerInternal/]: Adding recipes: RecipeType[uid=jei:information, recipeClass=interface mezz.jei.api.recipe.vanilla.IJeiIngredientInfoRecipe]
[24May2026 18:05:49.557] [Render thread/DEBUG] [mezz.jei.library.recipes.RecipeManagerInternal/]: Adding recipes: RecipeType[uid=jei:information, recipeClass=interface mezz.jei.api.recipe.vanilla.IJeiIngredientInfoRecipe]
[24May2026 18:05:49.557] [Render thread/DEBUG] [mezz.jei.library.recipes.RecipeManagerInternal/]: Adding recipes: RecipeType[uid=jei:information, recipeClass=interface mezz.jei.api.recipe.vanilla.IJeiIngredientInfoRecipe]
[24May2026 18:05:49.557] [Render thread/DEBUG] [mezz.jei.library.recipes.RecipeManagerInternal/]: Adding recipes: RecipeType[uid=jei:information, recipeClass=interface mezz.jei.api.recipe.vanilla.IJeiIngredientInfoRecipe]
[24May2026 18:05:49.558] [Render thread/DEBUG] [mezz.jei.library.recipes.RecipeManagerInternal/]: Adding recipes: RecipeType[uid=jei:information, recipeClass=interface mezz.jei.api.recipe.vanilla.IJeiIngredientInfoRecipe]
[24May2026 18:05:49.558] [Render thread/DEBUG] [mezz.jei.library.recipes.RecipeManagerInternal/]: Adding recipes: RecipeType[uid=jei:information, recipeClass=interface mezz.jei.api.recipe.vanilla.IJeiIngredientInfoRecipe]
[24May2026 18:05:49.558] [Render thread/DEBUG] [mezz.jei.library.recipes.RecipeManagerInternal/]: Adding recipes: RecipeType[uid=jei:information, recipeClass=interface mezz.jei.api.recipe.vanilla.IJeiIngredientInfoRecipe]
[24May2026 18:05:49.559] [Render thread/DEBUG] [mezz.jei.library.recipes.RecipeManagerInternal/]: Adding recipes: RecipeType[uid=jei:information, recipeClass=interface mezz.jei.api.recipe.vanilla.IJeiIngredientInfoRecipe]
[24May2026 18:05:49.559] [Render thread/DEBUG] [mezz.jei.library.recipes.RecipeManagerInternal/]: Adding recipes: RecipeType[uid=jei:information, recipeClass=interface mezz.jei.api.recipe.vanilla.IJeiIngredientInfoRecipe]
[24May2026 18:05:49.559] [Render thread/DEBUG] [mezz.jei.library.recipes.RecipeManagerInternal/]: Adding recipes: RecipeType[uid=jei:information, recipeClass=interface mezz.jei.api.recipe.vanilla.IJeiIngredientInfoRecipe]
[24May2026 18:05:49.559] [Render thread/DEBUG] [mezz.jei.library.recipes.RecipeManagerInternal/]: Adding recipes: RecipeType[uid=jei:information, recipeClass=interface mezz.jei.api.recipe.vanilla.IJeiIngredientInfoRecipe]
[24May2026 18:05:49.559] [Render thread/DEBUG] [mezz.jei.library.recipes.RecipeManagerInternal/]: Adding recipes: RecipeType[uid=jei:information, recipeClass=interface mezz.jei.api.recipe.vanilla.IJeiIngredientInfoRecipe]
[24May2026 18:05:49.560] [Render thread/DEBUG] [mezz.jei.library.recipes.RecipeManagerInternal/]: Adding recipes: RecipeType[uid=jei:information, recipeClass=interface mezz.jei.api.recipe.vanilla.IJeiIngredientInfoRecipe]
[24May2026 18:05:49.560] [Render thread/DEBUG] [mezz.jei.library.recipes.RecipeManagerInternal/]: Adding recipes: RecipeType[uid=jei:information, recipeClass=interface mezz.jei.api.recipe.vanilla.IJeiIngredientInfoRecipe]
[24May2026 18:05:49.560] [Render thread/DEBUG] [mezz.jei.library.recipes.RecipeManagerInternal/]: Adding recipes: RecipeType[uid=jei:information, recipeClass=interface mezz.jei.api.recipe.vanilla.IJeiIngredientInfoRecipe]
[24May2026 18:05:49.560] [Render thread/DEBUG] [mezz.jei.library.recipes.RecipeManagerInternal/]: Adding recipes: RecipeType[uid=jei:information, recipeClass=interface mezz.jei.api.recipe.vanilla.IJeiIngredientInfoRecipe]
[24May2026 18:05:49.560] [Render thread/DEBUG] [mezz.jei.library.recipes.RecipeManagerInternal/]: Adding recipes: RecipeType[uid=jei:information, recipeClass=interface mezz.jei.api.recipe.vanilla.IJeiIngredientInfoRecipe]
[24May2026 18:05:49.560] [Render thread/DEBUG] [mezz.jei.library.recipes.RecipeManagerInternal/]: Adding recipes: RecipeType[uid=jei:information, recipeClass=interface mezz.jei.api.recipe.vanilla.IJeiIngredientInfoRecipe]
[24May2026 18:05:49.561] [Render thread/DEBUG] [mezz.jei.library.recipes.RecipeManagerInternal/]: Adding recipes: RecipeType[uid=jei:information, recipeClass=interface mezz.jei.api.recipe.vanilla.IJeiIngredientInfoRecipe]
[24May2026 18:05:49.561] [Render thread/DEBUG] [mezz.jei.library.recipes.RecipeManagerInternal/]: Adding recipes: RecipeType[uid=jei:information, recipeClass=interface mezz.jei.api.recipe.vanilla.IJeiIngredientInfoRecipe]
[24May2026 18:05:49.561] [Render thread/DEBUG] [mezz.jei.library.recipes.RecipeManagerInternal/]: Adding recipes: RecipeType[uid=jei:information, recipeClass=interface mezz.jei.api.recipe.vanilla.IJeiIngredientInfoRecipe]
[24May2026 18:05:49.561] [Render thread/DEBUG] [mezz.jei.library.recipes.RecipeManagerInternal/]: Adding recipes: RecipeType[uid=jei:information, recipeClass=interface mezz.jei.api.recipe.vanilla.IJeiIngredientInfoRecipe]
[24May2026 18:05:49.561] [Render thread/DEBUG] [mezz.jei.library.recipes.RecipeManagerInternal/]: Adding recipes: RecipeType[uid=jei:information, recipeClass=interface mezz.jei.api.recipe.vanilla.IJeiIngredientInfoRecipe]
[24May2026 18:05:49.562] [Render thread/DEBUG] [mezz.jei.library.recipes.RecipeManagerInternal/]: Adding recipes: RecipeType[uid=jei:information, recipeClass=interface mezz.jei.api.recipe.vanilla.IJeiIngredientInfoRecipe]
[24May2026 18:05:49.562] [Render thread/DEBUG] [mezz.jei.library.recipes.RecipeManagerInternal/]: Adding recipes: RecipeType[uid=jei:information, recipeClass=interface mezz.jei.api.recipe.vanilla.IJeiIngredientInfoRecipe]
[24May2026 18:05:49.562] [Render thread/DEBUG] [mezz.jei.library.recipes.RecipeManagerInternal/]: Adding recipes: RecipeType[uid=jei:information, recipeClass=interface mezz.jei.api.recipe.vanilla.IJeiIngredientInfoRecipe]
[24May2026 18:05:49.562] [Render thread/DEBUG] [mezz.jei.library.recipes.RecipeManagerInternal/]: Adding recipes: RecipeType[uid=jei:information, recipeClass=interface mezz.jei.api.recipe.vanilla.IJeiIngredientInfoRecipe]
[24May2026 18:05:49.562] [Render thread/DEBUG] [mezz.jei.library.recipes.RecipeManagerInternal/]: Adding recipes: RecipeType[uid=jei:information, recipeClass=interface mezz.jei.api.recipe.vanilla.IJeiIngredientInfoRecipe]
[24May2026 18:05:49.562] [Render thread/DEBUG] [mezz.jei.library.recipes.RecipeManagerInternal/]: Adding recipes: RecipeType[uid=jei:information, recipeClass=interface mezz.jei.api.recipe.vanilla.IJeiIngredientInfoRecipe]
[24May2026 18:05:49.562] [Render thread/DEBUG] [mezz.jei.library.recipes.RecipeManagerInternal/]: Adding recipes: RecipeType[uid=jei:information, recipeClass=interface mezz.jei.api.recipe.vanilla.IJeiIngredientInfoRecipe]
[24May2026 18:05:49.563] [Render thread/DEBUG] [mezz.jei.library.recipes.RecipeManagerInternal/]: Adding recipes: RecipeType[uid=jei:information, recipeClass=interface mezz.jei.api.recipe.vanilla.IJeiIngredientInfoRecipe]
[24May2026 18:05:49.563] [Render thread/DEBUG] [mezz.jei.library.recipes.RecipeManagerInternal/]: Adding recipes: RecipeType[uid=jei:information, recipeClass=interface mezz.jei.api.recipe.vanilla.IJeiIngredientInfoRecipe]
[24May2026 18:05:49.563] [Render thread/DEBUG] [mezz.jei.library.recipes.RecipeManagerInternal/]: Adding recipes: RecipeType[uid=jei:information, recipeClass=interface mezz.jei.api.recipe.vanilla.IJeiIngredientInfoRecipe]
[24May2026 18:05:49.563] [Render thread/DEBUG] [mezz.jei.library.recipes.RecipeManagerInternal/]: Adding recipes: RecipeType[uid=jei:information, recipeClass=interface mezz.jei.api.recipe.vanilla.IJeiIngredientInfoRecipe]
[24May2026 18:05:49.563] [Render thread/DEBUG] [mezz.jei.library.recipes.RecipeManagerInternal/]: Adding recipes: RecipeType[uid=jei:information, recipeClass=interface mezz.jei.api.recipe.vanilla.IJeiIngredientInfoRecipe]
[24May2026 18:05:49.563] [Render thread/DEBUG] [mezz.jei.library.recipes.RecipeManagerInternal/]: Adding recipes: RecipeType[uid=jei:information, recipeClass=interface mezz.jei.api.recipe.vanilla.IJeiIngredientInfoRecipe]
[24May2026 18:05:49.564] [Render thread/DEBUG] [mezz.jei.library.recipes.RecipeManagerInternal/]: Adding recipes: RecipeType[uid=jei:information, recipeClass=interface mezz.jei.api.recipe.vanilla.IJeiIngredientInfoRecipe]
[24May2026 18:05:49.564] [Render thread/DEBUG] [mezz.jei.library.recipes.RecipeManagerInternal/]: Adding recipes: RecipeType[uid=jei:information, recipeClass=interface mezz.jei.api.recipe.vanilla.IJeiIngredientInfoRecipe]
[24May2026 18:05:49.564] [Render thread/DEBUG] [mezz.jei.library.recipes.RecipeManagerInternal/]: Adding recipes: RecipeType[uid=jei:information, recipeClass=interface mezz.jei.api.recipe.vanilla.IJeiIngredientInfoRecipe]
[24May2026 18:05:49.564] [Render thread/DEBUG] [mezz.jei.library.recipes.RecipeManagerInternal/]: Adding recipes: RecipeType[uid=jei:information, recipeClass=interface mezz.jei.api.recipe.vanilla.IJeiIngredientInfoRecipe]
[24May2026 18:05:49.564] [Render thread/DEBUG] [mezz.jei.library.recipes.RecipeManagerInternal/]: Adding recipes: RecipeType[uid=jei:information, recipeClass=interface mezz.jei.api.recipe.vanilla.IJeiIngredientInfoRecipe]
[24May2026 18:05:49.564] [Render thread/DEBUG] [mezz.jei.library.recipes.RecipeManagerInternal/]: Adding recipes: RecipeType[uid=jei:information, recipeClass=interface mezz.jei.api.recipe.vanilla.IJeiIngredientInfoRecipe]
[24May2026 18:05:49.564] [Render thread/DEBUG] [mezz.jei.library.recipes.RecipeManagerInternal/]: Adding recipes: RecipeType[uid=jei:information, recipeClass=interface mezz.jei.api.recipe.vanilla.IJeiIngredientInfoRecipe]
[24May2026 18:05:49.565] [Render thread/DEBUG] [mezz.jei.library.recipes.RecipeManagerInternal/]: Adding recipes: RecipeType[uid=jei:information, recipeClass=interface mezz.jei.api.recipe.vanilla.IJeiIngredientInfoRecipe]
[24May2026 18:05:49.565] [Render thread/DEBUG] [mezz.jei.library.recipes.RecipeManagerInternal/]: Adding recipes: RecipeType[uid=jei:information, recipeClass=interface mezz.jei.api.recipe.vanilla.IJeiIngredientInfoRecipe]
[24May2026 18:05:49.565] [Render thread/DEBUG] [mezz.jei.library.recipes.RecipeManagerInternal/]: Adding recipes: RecipeType[uid=jei:information, recipeClass=interface mezz.jei.api.recipe.vanilla.IJeiIngredientInfoRecipe]
[24May2026 18:05:49.565] [Render thread/DEBUG] [mezz.jei.library.recipes.RecipeManagerInternal/]: Adding recipes: RecipeType[uid=jei:information, recipeClass=interface mezz.jei.api.recipe.vanilla.IJeiIngredientInfoRecipe]
[24May2026 18:05:49.565] [Render thread/DEBUG] [mezz.jei.library.recipes.RecipeManagerInternal/]: Adding recipes: RecipeType[uid=jei:information, recipeClass=interface mezz.jei.api.recipe.vanilla.IJeiIngredientInfoRecipe]
[24May2026 18:05:49.565] [Render thread/DEBUG] [mezz.jei.library.recipes.RecipeManagerInternal/]: Adding recipes: RecipeType[uid=jei:information, recipeClass=interface mezz.jei.api.recipe.vanilla.IJeiIngredientInfoRecipe]
[24May2026 18:05:49.565] [Render thread/DEBUG] [mezz.jei.library.recipes.RecipeManagerInternal/]: Adding recipes: RecipeType[uid=jei:information, recipeClass=interface mezz.jei.api.recipe.vanilla.IJeiIngredientInfoRecipe]
[24May2026 18:05:49.566] [Render thread/DEBUG] [mezz.jei.library.recipes.RecipeManagerInternal/]: Adding recipes: RecipeType[uid=jei:information, recipeClass=interface mezz.jei.api.recipe.vanilla.IJeiIngredientInfoRecipe]
[24May2026 18:05:49.566] [Render thread/DEBUG] [mezz.jei.library.recipes.RecipeManagerInternal/]: Adding recipes: RecipeType[uid=jei:information, recipeClass=interface mezz.jei.api.recipe.vanilla.IJeiIngredientInfoRecipe]
[24May2026 18:05:49.566] [Render thread/DEBUG] [mezz.jei.library.recipes.RecipeManagerInternal/]: Adding recipes: RecipeType[uid=jei:information, recipeClass=interface mezz.jei.api.recipe.vanilla.IJeiIngredientInfoRecipe]
[24May2026 18:05:49.566] [Render thread/DEBUG] [mezz.jei.library.recipes.RecipeManagerInternal/]: Adding recipes: RecipeType[uid=jei:information, recipeClass=interface mezz.jei.api.recipe.vanilla.IJeiIngredientInfoRecipe]
[24May2026 18:05:49.566] [Render thread/DEBUG] [mezz.jei.library.recipes.RecipeManagerInternal/]: Adding recipes: RecipeType[uid=jei:information, recipeClass=interface mezz.jei.api.recipe.vanilla.IJeiIngredientInfoRecipe]
[24May2026 18:05:49.595] [Render thread/DEBUG] [mezz.jei.library.recipes.RecipeManagerInternal/]: Adding recipes: RecipeType[uid=jei:information, recipeClass=interface mezz.jei.api.recipe.vanilla.IJeiIngredientInfoRecipe]
[24May2026 18:05:49.596] [Render thread/DEBUG] [mezz.jei.library.recipes.RecipeManagerInternal/]: Adding recipes: RecipeType[uid=jei:information, recipeClass=interface mezz.jei.api.recipe.vanilla.IJeiIngredientInfoRecipe]
[24May2026 18:05:49.596] [Render thread/DEBUG] [mezz.jei.library.recipes.RecipeManagerInternal/]: Adding recipes: RecipeType[uid=jei:information, recipeClass=interface mezz.jei.api.recipe.vanilla.IJeiIngredientInfoRecipe]
[24May2026 18:05:49.596] [Render thread/DEBUG] [mezz.jei.library.recipes.RecipeManagerInternal/]: Adding recipes: RecipeType[uid=jei:information, recipeClass=interface mezz.jei.api.recipe.vanilla.IJeiIngredientInfoRecipe]
[24May2026 18:05:49.596] [Render thread/DEBUG] [mezz.jei.library.recipes.RecipeManagerInternal/]: Adding recipes: RecipeType[uid=jei:information, recipeClass=interface mezz.jei.api.recipe.vanilla.IJeiIngredientInfoRecipe]
[24May2026 18:05:49.596] [Render thread/DEBUG] [mezz.jei.library.recipes.RecipeManagerInternal/]: Adding recipes: RecipeType[uid=jei:information, recipeClass=interface mezz.jei.api.recipe.vanilla.IJeiIngredientInfoRecipe]
[24May2026 18:05:49.596] [Render thread/DEBUG] [mezz.jei.library.recipes.RecipeManagerInternal/]: Adding recipes: RecipeType[uid=jei:information, recipeClass=interface mezz.jei.api.recipe.vanilla.IJeiIngredientInfoRecipe]
[24May2026 18:05:49.596] [Render thread/DEBUG] [mezz.jei.library.recipes.RecipeManagerInternal/]: Adding recipes: RecipeType[uid=jei:information, recipeClass=interface mezz.jei.api.recipe.vanilla.IJeiIngredientInfoRecipe]
[24May2026 18:05:49.596] [Render thread/DEBUG] [mezz.jei.library.recipes.RecipeManagerInternal/]: Adding recipes: RecipeType[uid=jei:information, recipeClass=interface mezz.jei.api.recipe.vanilla.IJeiIngredientInfoRecipe]
[24May2026 18:05:49.596] [Render thread/DEBUG] [mezz.jei.library.recipes.RecipeManagerInternal/]: Adding recipes: RecipeType[uid=jei:information, recipeClass=interface mezz.jei.api.recipe.vanilla.IJeiIngredientInfoRecipe]
[24May2026 18:05:49.596] [Render thread/DEBUG] [mezz.jei.library.recipes.RecipeManagerInternal/]: Adding recipes: RecipeType[uid=jei:information, recipeClass=interface mezz.jei.api.recipe.vanilla.IJeiIngredientInfoRecipe]
[24May2026 18:05:49.596] [Render thread/DEBUG] [mezz.jei.library.recipes.RecipeManagerInternal/]: Adding recipes: RecipeType[uid=jei:information, recipeClass=interface mezz.jei.api.recipe.vanilla.IJeiIngredientInfoRecipe]
[24May2026 18:05:49.596] [Render thread/DEBUG] [mezz.jei.library.recipes.RecipeManagerInternal/]: Adding recipes: RecipeType[uid=jei:information, recipeClass=interface mezz.jei.api.recipe.vanilla.IJeiIngredientInfoRecipe]
[24May2026 18:05:49.596] [Render thread/DEBUG] [mezz.jei.library.recipes.RecipeManagerInternal/]: Adding recipes: RecipeType[uid=jei:information, recipeClass=interface mezz.jei.api.recipe.vanilla.IJeiIngredientInfoRecipe]
[24May2026 18:05:49.598] [Render thread/DEBUG] [mezz.jei.library.recipes.RecipeManagerInternal/]: Adding recipes: RecipeType[uid=jei:information, recipeClass=interface mezz.jei.api.recipe.vanilla.IJeiIngredientInfoRecipe]
[24May2026 18:05:49.598] [Render thread/DEBUG] [mezz.jei.library.recipes.RecipeManagerInternal/]: Adding recipes: RecipeType[uid=jei:information, recipeClass=interface mezz.jei.api.recipe.vanilla.IJeiIngredientInfoRecipe]
[24May2026 18:05:49.598] [Render thread/DEBUG] [mezz.jei.library.recipes.RecipeManagerInternal/]: Adding recipes: RecipeType[uid=jei:information, recipeClass=interface mezz.jei.api.recipe.vanilla.IJeiIngredientInfoRecipe]
[24May2026 18:05:49.598] [Render thread/DEBUG] [mezz.jei.library.recipes.RecipeManagerInternal/]: Adding recipes: RecipeType[uid=jei:information, recipeClass=interface mezz.jei.api.recipe.vanilla.IJeiIngredientInfoRecipe]
[24May2026 18:05:49.598] [Render thread/DEBUG] [mezz.jei.library.recipes.RecipeManagerInternal/]: Adding recipes: RecipeType[uid=jei:information, recipeClass=interface mezz.jei.api.recipe.vanilla.IJeiIngredientInfoRecipe]
[24May2026 18:05:49.598] [Render thread/DEBUG] [mezz.jei.library.recipes.RecipeManagerInternal/]: Adding recipes: RecipeType[uid=jei:information, recipeClass=interface mezz.jei.api.recipe.vanilla.IJeiIngredientInfoRecipe]
[24May2026 18:05:49.598] [Render thread/DEBUG] [mezz.jei.library.recipes.RecipeManagerInternal/]: Adding recipes: RecipeType[uid=jei:information, recipeClass=interface mezz.jei.api.recipe.vanilla.IJeiIngredientInfoRecipe]
[24May2026 18:05:49.598] [Render thread/DEBUG] [mezz.jei.library.recipes.RecipeManagerInternal/]: Adding recipes: RecipeType[uid=jei:information, recipeClass=interface mezz.jei.api.recipe.vanilla.IJeiIngredientInfoRecipe]
[24May2026 18:05:49.598] [Render thread/DEBUG] [mezz.jei.library.recipes.RecipeManagerInternal/]: Adding recipes: RecipeType[uid=jei:information, recipeClass=interface mezz.jei.api.recipe.vanilla.IJeiIngredientInfoRecipe]
[24May2026 18:05:49.599] [Render thread/DEBUG] [mezz.jei.library.recipes.RecipeManagerInternal/]: Adding recipes: RecipeType[uid=jei:information, recipeClass=interface mezz.jei.api.recipe.vanilla.IJeiIngredientInfoRecipe]
[24May2026 18:05:49.599] [Render thread/DEBUG] [mezz.jei.library.recipes.RecipeManagerInternal/]: Adding recipes: RecipeType[uid=jei:information, recipeClass=interface mezz.jei.api.recipe.vanilla.IJeiIngredientInfoRecipe]
[24May2026 18:05:49.599] [Render thread/DEBUG] [mezz.jei.library.recipes.RecipeManagerInternal/]: Adding recipes: RecipeType[uid=jei:information, recipeClass=interface mezz.jei.api.recipe.vanilla.IJeiIngredientInfoRecipe]
[24May2026 18:05:49.599] [Render thread/DEBUG] [mezz.jei.library.recipes.RecipeManagerInternal/]: Adding recipes: RecipeType[uid=jei:information, recipeClass=interface mezz.jei.api.recipe.vanilla.IJeiIngredientInfoRecipe]
[24May2026 18:05:49.599] [Render thread/DEBUG] [mezz.jei.library.recipes.RecipeManagerInternal/]: Adding recipes: RecipeType[uid=jei:information, recipeClass=interface mezz.jei.api.recipe.vanilla.IJeiIngredientInfoRecipe]
[24May2026 18:05:49.600] [Render thread/DEBUG] [mezz.jei.library.recipes.RecipeManagerInternal/]: Adding recipes: RecipeType[uid=jei:information, recipeClass=interface mezz.jei.api.recipe.vanilla.IJeiIngredientInfoRecipe]
[24May2026 18:05:49.600] [Render thread/DEBUG] [mezz.jei.library.recipes.RecipeManagerInternal/]: Adding recipes: RecipeType[uid=jei:information, recipeClass=interface mezz.jei.api.recipe.vanilla.IJeiIngredientInfoRecipe]
[24May2026 18:05:49.600] [Render thread/DEBUG] [mezz.jei.library.recipes.RecipeManagerInternal/]: Adding recipes: RecipeType[uid=jei:information, recipeClass=interface mezz.jei.api.recipe.vanilla.IJeiIngredientInfoRecipe]
[24May2026 18:05:49.600] [Render thread/DEBUG] [mezz.jei.library.recipes.RecipeManagerInternal/]: Adding recipes: RecipeType[uid=jei:information, recipeClass=interface mezz.jei.api.recipe.vanilla.IJeiIngredientInfoRecipe]
[24May2026 18:05:49.600] [Render thread/DEBUG] [mezz.jei.library.recipes.RecipeManagerInternal/]: Adding recipes: RecipeType[uid=jei:information, recipeClass=interface mezz.jei.api.recipe.vanilla.IJeiIngredientInfoRecipe]
[24May2026 18:05:49.600] [Render thread/DEBUG] [mezz.jei.library.recipes.RecipeManagerInternal/]: Adding recipes: RecipeType[uid=jei:information, recipeClass=interface mezz.jei.api.recipe.vanilla.IJeiIngredientInfoRecipe]
[24May2026 18:05:49.600] [Render thread/DEBUG] [mezz.jei.library.recipes.RecipeManagerInternal/]: Adding recipes: RecipeType[uid=jei:information, recipeClass=interface mezz.jei.api.recipe.vanilla.IJeiIngredientInfoRecipe]
[24May2026 18:05:49.600] [Render thread/DEBUG] [mezz.jei.library.recipes.RecipeManagerInternal/]: Adding recipes: RecipeType[uid=jei:information, recipeClass=interface mezz.jei.api.recipe.vanilla.IJeiIngredientInfoRecipe]
[24May2026 18:05:49.601] [Render thread/DEBUG] [mezz.jei.library.recipes.RecipeManagerInternal/]: Adding recipes: RecipeType[uid=jei:information, recipeClass=interface mezz.jei.api.recipe.vanilla.IJeiIngredientInfoRecipe]
[24May2026 18:05:49.601] [Render thread/DEBUG] [mezz.jei.library.recipes.RecipeManagerInternal/]: Adding recipes: RecipeType[uid=jei:information, recipeClass=interface mezz.jei.api.recipe.vanilla.IJeiIngredientInfoRecipe]
[24May2026 18:05:49.601] [Render thread/DEBUG] [mezz.jei.library.recipes.RecipeManagerInternal/]: Adding recipes: RecipeType[uid=jei:information, recipeClass=interface mezz.jei.api.recipe.vanilla.IJeiIngredientInfoRecipe]
[24May2026 18:05:49.601] [Render thread/DEBUG] [mezz.jei.library.recipes.RecipeManagerInternal/]: Adding recipes: RecipeType[uid=jei:information, recipeClass=interface mezz.jei.api.recipe.vanilla.IJeiIngredientInfoRecipe]
[24May2026 18:05:49.601] [Render thread/DEBUG] [mezz.jei.library.recipes.RecipeManagerInternal/]: Adding recipes: RecipeType[uid=jei:information, recipeClass=interface mezz.jei.api.recipe.vanilla.IJeiIngredientInfoRecipe]
[24May2026 18:05:49.601] [Render thread/DEBUG] [mezz.jei.library.recipes.RecipeManagerInternal/]: Adding recipes: RecipeType[uid=jei:information, recipeClass=interface mezz.jei.api.recipe.vanilla.IJeiIngredientInfoRecipe]
[24May2026 18:05:49.601] [Render thread/DEBUG] [mezz.jei.library.recipes.RecipeManagerInternal/]: Adding recipes: RecipeType[uid=jei:information, recipeClass=interface mezz.jei.api.recipe.vanilla.IJeiIngredientInfoRecipe]
[24May2026 18:05:49.601] [Render thread/DEBUG] [mezz.jei.library.recipes.RecipeManagerInternal/]: Adding recipes: RecipeType[uid=jei:information, recipeClass=interface mezz.jei.api.recipe.vanilla.IJeiIngredientInfoRecipe]
[24May2026 18:05:49.602] [Render thread/DEBUG] [mezz.jei.library.recipes.RecipeManagerInternal/]: Adding recipes: RecipeType[uid=jei:information, recipeClass=interface mezz.jei.api.recipe.vanilla.IJeiIngredientInfoRecipe]
[24May2026 18:05:49.602] [Render thread/DEBUG] [mezz.jei.library.recipes.RecipeManagerInternal/]: Adding recipes: RecipeType[uid=jei:information, recipeClass=interface mezz.jei.api.recipe.vanilla.IJeiIngredientInfoRecipe]
[24May2026 18:05:49.602] [Render thread/DEBUG] [mezz.jei.library.recipes.RecipeManagerInternal/]: Adding recipes: RecipeType[uid=jei:information, recipeClass=interface mezz.jei.api.recipe.vanilla.IJeiIngredientInfoRecipe]
[24May2026 18:05:49.602] [Render thread/DEBUG] [mezz.jei.library.recipes.RecipeManagerInternal/]: Adding recipes: RecipeType[uid=jei:information, recipeClass=interface mezz.jei.api.recipe.vanilla.IJeiIngredientInfoRecipe]
[24May2026 18:05:49.602] [Render thread/DEBUG] [mezz.jei.library.recipes.RecipeManagerInternal/]: Adding recipes: RecipeType[uid=jei:information, recipeClass=interface mezz.jei.api.recipe.vanilla.IJeiIngredientInfoRecipe]
[24May2026 18:05:49.602] [Render thread/DEBUG] [mezz.jei.library.recipes.RecipeManagerInternal/]: Adding recipes: RecipeType[uid=jei:information, recipeClass=interface mezz.jei.api.recipe.vanilla.IJeiIngredientInfoRecipe]
[24May2026 18:05:49.602] [Render thread/DEBUG] [mezz.jei.library.recipes.RecipeManagerInternal/]: Adding recipes: RecipeType[uid=jei:information, recipeClass=interface mezz.jei.api.recipe.vanilla.IJeiIngredientInfoRecipe]
[24May2026 18:05:49.602] [Render thread/DEBUG] [mezz.jei.library.recipes.RecipeManagerInternal/]: Adding recipes: RecipeType[uid=jei:information, recipeClass=interface mezz.jei.api.recipe.vanilla.IJeiIngredientInfoRecipe]
[24May2026 18:05:49.603] [Render thread/DEBUG] [mezz.jei.library.recipes.RecipeManagerInternal/]: Adding recipes: RecipeType[uid=jei:information, recipeClass=interface mezz.jei.api.recipe.vanilla.IJeiIngredientInfoRecipe]
[24May2026 18:05:49.603] [Render thread/DEBUG] [mezz.jei.library.recipes.RecipeManagerInternal/]: Adding recipes: RecipeType[uid=jei:information, recipeClass=interface mezz.jei.api.recipe.vanilla.IJeiIngredientInfoRecipe]
[24May2026 18:05:49.603] [Render thread/DEBUG] [mezz.jei.library.recipes.RecipeManagerInternal/]: Adding recipes: RecipeType[uid=jei:information, recipeClass=interface mezz.jei.api.recipe.vanilla.IJeiIngredientInfoRecipe]
[24May2026 18:05:49.603] [Render thread/DEBUG] [mezz.jei.library.recipes.RecipeManagerInternal/]: Adding recipes: RecipeType[uid=jei:information, recipeClass=interface mezz.jei.api.recipe.vanilla.IJeiIngredientInfoRecipe]
[24May2026 18:05:49.603] [Render thread/DEBUG] [mezz.jei.library.recipes.RecipeManagerInternal/]: Adding recipes: RecipeType[uid=jei:information, recipeClass=interface mezz.jei.api.recipe.vanilla.IJeiIngredientInfoRecipe]
[24May2026 18:05:49.603] [Render thread/DEBUG] [mezz.jei.library.recipes.RecipeManagerInternal/]: Adding recipes: RecipeType[uid=jei:information, recipeClass=interface mezz.jei.api.recipe.vanilla.IJeiIngredientInfoRecipe]
[24May2026 18:05:49.603] [Render thread/DEBUG] [mezz.jei.library.recipes.RecipeManagerInternal/]: Adding recipes: RecipeType[uid=jei:information, recipeClass=interface mezz.jei.api.recipe.vanilla.IJeiIngredientInfoRecipe]
[24May2026 18:05:49.603] [Render thread/DEBUG] [mezz.jei.library.recipes.RecipeManagerInternal/]: Adding recipes: RecipeType[uid=jei:information, recipeClass=interface mezz.jei.api.recipe.vanilla.IJeiIngredientInfoRecipe]
[24May2026 18:05:49.604] [Render thread/DEBUG] [mezz.jei.library.recipes.RecipeManagerInternal/]: Adding recipes: RecipeType[uid=jei:information, recipeClass=interface mezz.jei.api.recipe.vanilla.IJeiIngredientInfoRecipe]
[24May2026 18:05:49.604] [Render thread/DEBUG] [mezz.jei.library.recipes.RecipeManagerInternal/]: Adding recipes: RecipeType[uid=jei:information, recipeClass=interface mezz.jei.api.recipe.vanilla.IJeiIngredientInfoRecipe]
[24May2026 18:05:49.604] [Render thread/DEBUG] [mezz.jei.library.recipes.RecipeManagerInternal/]: Adding recipes: RecipeType[uid=jei:information, recipeClass=interface mezz.jei.api.recipe.vanilla.IJeiIngredientInfoRecipe]
[24May2026 18:05:49.604] [Render thread/DEBUG] [mezz.jei.library.recipes.RecipeManagerInternal/]: Adding recipes: RecipeType[uid=jei:information, recipeClass=interface mezz.jei.api.recipe.vanilla.IJeiIngredientInfoRecipe]
[24May2026 18:05:49.604] [Render thread/DEBUG] [mezz.jei.library.recipes.RecipeManagerInternal/]: Adding recipes: RecipeType[uid=jei:information, recipeClass=interface mezz.jei.api.recipe.vanilla.IJeiIngredientInfoRecipe]
[24May2026 18:05:49.604] [Render thread/DEBUG] [mezz.jei.library.recipes.RecipeManagerInternal/]: Adding recipes: RecipeType[uid=jei:information, recipeClass=interface mezz.jei.api.recipe.vanilla.IJeiIngredientInfoRecipe]
[24May2026 18:05:49.604] [Render thread/DEBUG] [mezz.jei.library.recipes.RecipeManagerInternal/]: Adding recipes: RecipeType[uid=jei:information, recipeClass=interface mezz.jei.api.recipe.vanilla.IJeiIngredientInfoRecipe]
[24May2026 18:05:49.604] [Render thread/DEBUG] [mezz.jei.library.recipes.RecipeManagerInternal/]: Adding recipes: RecipeType[uid=jei:information, recipeClass=interface mezz.jei.api.recipe.vanilla.IJeiIngredientInfoRecipe]
[24May2026 18:05:49.604] [Render thread/DEBUG] [mezz.jei.library.recipes.RecipeManagerInternal/]: Adding recipes: RecipeType[uid=jei:information, recipeClass=interface mezz.jei.api.recipe.vanilla.IJeiIngredientInfoRecipe]
[24May2026 18:05:49.605] [Render thread/DEBUG] [mezz.jei.library.recipes.RecipeManagerInternal/]: Adding recipes: RecipeType[uid=jei:information, recipeClass=interface mezz.jei.api.recipe.vanilla.IJeiIngredientInfoRecipe]
[24May2026 18:05:49.605] [Render thread/DEBUG] [mezz.jei.library.recipes.RecipeManagerInternal/]: Adding recipes: RecipeType[uid=jei:information, recipeClass=interface mezz.jei.api.recipe.vanilla.IJeiIngredientInfoRecipe]
[24May2026 18:05:49.605] [Render thread/DEBUG] [mezz.jei.library.recipes.RecipeManagerInternal/]: Adding recipes: RecipeType[uid=jei:information, recipeClass=interface mezz.jei.api.recipe.vanilla.IJeiIngredientInfoRecipe]
[24May2026 18:05:49.605] [Render thread/DEBUG] [mezz.jei.library.recipes.RecipeManagerInternal/]: Adding recipes: RecipeType[uid=jei:information, recipeClass=interface mezz.jei.api.recipe.vanilla.IJeiIngredientInfoRecipe]
[24May2026 18:05:49.605] [Render thread/DEBUG] [mezz.jei.library.recipes.RecipeManagerInternal/]: Adding recipes: RecipeType[uid=jei:information, recipeClass=interface mezz.jei.api.recipe.vanilla.IJeiIngredientInfoRecipe]
[24May2026 18:05:49.605] [Render thread/DEBUG] [mezz.jei.library.recipes.RecipeManagerInternal/]: Adding recipes: RecipeType[uid=jei:information, recipeClass=interface mezz.jei.api.recipe.vanilla.IJeiIngredientInfoRecipe]
[24May2026 18:05:49.605] [Render thread/DEBUG] [mezz.jei.library.recipes.RecipeManagerInternal/]: Adding recipes: RecipeType[uid=jei:information, recipeClass=interface mezz.jei.api.recipe.vanilla.IJeiIngredientInfoRecipe]
[24May2026 18:05:49.605] [Render thread/DEBUG] [mezz.jei.library.recipes.RecipeManagerInternal/]: Adding recipes: RecipeType[uid=jei:information, recipeClass=interface mezz.jei.api.recipe.vanilla.IJeiIngredientInfoRecipe]
[24May2026 18:05:49.606] [Render thread/DEBUG] [mezz.jei.library.recipes.RecipeManagerInternal/]: Adding recipes: RecipeType[uid=jei:information, recipeClass=interface mezz.jei.api.recipe.vanilla.IJeiIngredientInfoRecipe]
[24May2026 18:05:49.606] [Render thread/DEBUG] [mezz.jei.library.recipes.RecipeManagerInternal/]: Adding recipes: RecipeType[uid=jei:information, recipeClass=interface mezz.jei.api.recipe.vanilla.IJeiIngredientInfoRecipe]
[24May2026 18:05:49.606] [Render thread/DEBUG] [mezz.jei.library.recipes.RecipeManagerInternal/]: Adding recipes: RecipeType[uid=jei:information, recipeClass=interface mezz.jei.api.recipe.vanilla.IJeiIngredientInfoRecipe]
[24May2026 18:05:49.606] [Render thread/DEBUG] [mezz.jei.library.recipes.RecipeManagerInternal/]: Adding recipes: RecipeType[uid=jei:information, recipeClass=interface mezz.jei.api.recipe.vanilla.IJeiIngredientInfoRecipe]
[24May2026 18:05:49.606] [Render thread/DEBUG] [mezz.jei.library.recipes.RecipeManagerInternal/]: Adding recipes: RecipeType[uid=jei:information, recipeClass=interface mezz.jei.api.recipe.vanilla.IJeiIngredientInfoRecipe]
[24May2026 18:05:49.606] [Render thread/DEBUG] [mezz.jei.library.recipes.RecipeManagerInternal/]: Adding recipes: RecipeType[uid=jei:information, recipeClass=interface mezz.jei.api.recipe.vanilla.IJeiIngredientInfoRecipe]
[24May2026 18:05:49.606] [Render thread/DEBUG] [mezz.jei.library.recipes.RecipeManagerInternal/]: Adding recipes: RecipeType[uid=jei:information, recipeClass=interface mezz.jei.api.recipe.vanilla.IJeiIngredientInfoRecipe]
[24May2026 18:05:49.606] [Render thread/DEBUG] [mezz.jei.library.recipes.RecipeManagerInternal/]: Adding recipes: RecipeType[uid=jei:information, recipeClass=interface mezz.jei.api.recipe.vanilla.IJeiIngredientInfoRecipe]
[24May2026 18:05:49.606] [Render thread/DEBUG] [mezz.jei.library.recipes.RecipeManagerInternal/]: Adding recipes: RecipeType[uid=jei:information, recipeClass=interface mezz.jei.api.recipe.vanilla.IJeiIngredientInfoRecipe]
[24May2026 18:05:49.607] [Render thread/DEBUG] [mezz.jei.library.recipes.RecipeManagerInternal/]: Adding recipes: RecipeType[uid=jei:information, recipeClass=interface mezz.jei.api.recipe.vanilla.IJeiIngredientInfoRecipe]
[24May2026 18:05:49.607] [Render thread/DEBUG] [mezz.jei.library.recipes.RecipeManagerInternal/]: Adding recipes: RecipeType[uid=jei:information, recipeClass=interface mezz.jei.api.recipe.vanilla.IJeiIngredientInfoRecipe]
[24May2026 18:05:49.607] [Render thread/DEBUG] [mezz.jei.library.recipes.RecipeManagerInternal/]: Adding recipes: RecipeType[uid=jei:information, recipeClass=interface mezz.jei.api.recipe.vanilla.IJeiIngredientInfoRecipe]
[24May2026 18:05:49.607] [Render thread/DEBUG] [mezz.jei.library.recipes.RecipeManagerInternal/]: Adding recipes: RecipeType[uid=jei:information, recipeClass=interface mezz.jei.api.recipe.vanilla.IJeiIngredientInfoRecipe]
[24May2026 18:05:49.607] [Render thread/DEBUG] [mezz.jei.library.recipes.RecipeManagerInternal/]: Adding recipes: RecipeType[uid=jei:information, recipeClass=interface mezz.jei.api.recipe.vanilla.IJeiIngredientInfoRecipe]
[24May2026 18:05:49.607] [Render thread/DEBUG] [mezz.jei.library.recipes.RecipeManagerInternal/]: Adding recipes: RecipeType[uid=jei:information, recipeClass=interface mezz.jei.api.recipe.vanilla.IJeiIngredientInfoRecipe]
[24May2026 18:05:49.607] [Render thread/DEBUG] [mezz.jei.library.recipes.RecipeManagerInternal/]: Adding recipes: RecipeType[uid=jei:information, recipeClass=interface mezz.jei.api.recipe.vanilla.IJeiIngredientInfoRecipe]
[24May2026 18:05:49.607] [Render thread/DEBUG] [mezz.jei.library.recipes.RecipeManagerInternal/]: Adding recipes: RecipeType[uid=jei:information, recipeClass=interface mezz.jei.api.recipe.vanilla.IJeiIngredientInfoRecipe]
[24May2026 18:05:49.607] [Render thread/DEBUG] [mezz.jei.library.recipes.RecipeManagerInternal/]: Adding recipes: RecipeType[uid=jei:information, recipeClass=interface mezz.jei.api.recipe.vanilla.IJeiIngredientInfoRecipe]
[24May2026 18:05:49.608] [Render thread/DEBUG] [mezz.jei.library.recipes.RecipeManagerInternal/]: Adding recipes: RecipeType[uid=jei:information, recipeClass=interface mezz.jei.api.recipe.vanilla.IJeiIngredientInfoRecipe]
[24May2026 18:05:49.608] [Render thread/DEBUG] [mezz.jei.library.recipes.RecipeManagerInternal/]: Adding recipes: RecipeType[uid=jei:information, recipeClass=interface mezz.jei.api.recipe.vanilla.IJeiIngredientInfoRecipe]
[24May2026 18:05:49.608] [Render thread/DEBUG] [mezz.jei.library.recipes.RecipeManagerInternal/]: Adding recipes: RecipeType[uid=jei:information, recipeClass=interface mezz.jei.api.recipe.vanilla.IJeiIngredientInfoRecipe]
[24May2026 18:05:49.608] [Render thread/DEBUG] [mezz.jei.library.recipes.RecipeManagerInternal/]: Adding recipes: RecipeType[uid=jei:information, recipeClass=interface mezz.jei.api.recipe.vanilla.IJeiIngredientInfoRecipe]
[24May2026 18:05:49.608] [Render thread/DEBUG] [mezz.jei.library.recipes.RecipeManagerInternal/]: Adding recipes: RecipeType[uid=jei:information, recipeClass=interface mezz.jei.api.recipe.vanilla.IJeiIngredientInfoRecipe]
[24May2026 18:05:49.608] [Render thread/DEBUG] [mezz.jei.library.recipes.RecipeManagerInternal/]: Adding recipes: RecipeType[uid=jei:information, recipeClass=interface mezz.jei.api.recipe.vanilla.IJeiIngredientInfoRecipe]
[24May2026 18:05:49.608] [Render thread/DEBUG] [mezz.jei.library.recipes.RecipeManagerInternal/]: Adding recipes: RecipeType[uid=jei:information, recipeClass=interface mezz.jei.api.recipe.vanilla.IJeiIngredientInfoRecipe]
[24May2026 18:05:49.608] [Render thread/DEBUG] [mezz.jei.library.recipes.RecipeManagerInternal/]: Adding recipes: RecipeType[uid=jei:information, recipeClass=interface mezz.jei.api.recipe.vanilla.IJeiIngredientInfoRecipe]
[24May2026 18:05:49.608] [Render thread/DEBUG] [mezz.jei.library.recipes.RecipeManagerInternal/]: Adding recipes: RecipeType[uid=jei:information, recipeClass=interface mezz.jei.api.recipe.vanilla.IJeiIngredientInfoRecipe]
[24May2026 18:05:49.608] [Render thread/DEBUG] [mezz.jei.library.recipes.RecipeManagerInternal/]: Adding recipes: RecipeType[uid=jei:information, recipeClass=interface mezz.jei.api.recipe.vanilla.IJeiIngredientInfoRecipe]
[24May2026 18:05:49.608] [Render thread/DEBUG] [mezz.jei.library.recipes.RecipeManagerInternal/]: Adding recipes: RecipeType[uid=jei:information, recipeClass=interface mezz.jei.api.recipe.vanilla.IJeiIngredientInfoRecipe]
[24May2026 18:05:49.608] [Render thread/DEBUG] [mezz.jei.library.recipes.RecipeManagerInternal/]: Adding recipes: RecipeType[uid=jei:information, recipeClass=interface mezz.jei.api.recipe.vanilla.IJeiIngredientInfoRecipe]
[24May2026 18:05:49.608] [Render thread/DEBUG] [mezz.jei.library.recipes.RecipeManagerInternal/]: Adding recipes: RecipeType[uid=jei:information, recipeClass=interface mezz.jei.api.recipe.vanilla.IJeiIngredientInfoRecipe]
[24May2026 18:05:49.609] [Render thread/DEBUG] [mezz.jei.library.recipes.RecipeManagerInternal/]: Adding recipes: RecipeType[uid=jei:information, recipeClass=interface mezz.jei.api.recipe.vanilla.IJeiIngredientInfoRecipe]
[24May2026 18:05:49.609] [Render thread/DEBUG] [mezz.jei.library.recipes.RecipeManagerInternal/]: Adding recipes: RecipeType[uid=jei:information, recipeClass=interface mezz.jei.api.recipe.vanilla.IJeiIngredientInfoRecipe]
[24May2026 18:05:49.609] [Render thread/DEBUG] [mezz.jei.library.recipes.RecipeManagerInternal/]: Adding recipes: RecipeType[uid=jei:information, recipeClass=interface mezz.jei.api.recipe.vanilla.IJeiIngredientInfoRecipe]
[24May2026 18:05:49.609] [Render thread/DEBUG] [mezz.jei.library.recipes.RecipeManagerInternal/]: Adding recipes: RecipeType[uid=jei:information, recipeClass=interface mezz.jei.api.recipe.vanilla.IJeiIngredientInfoRecipe]
[24May2026 18:05:49.609] [Render thread/DEBUG] [mezz.jei.library.recipes.RecipeManagerInternal/]: Adding recipes: RecipeType[uid=jei:information, recipeClass=interface mezz.jei.api.recipe.vanilla.IJeiIngredientInfoRecipe]
[24May2026 18:05:49.609] [Render thread/DEBUG] [mezz.jei.library.recipes.RecipeManagerInternal/]: Adding recipes: RecipeType[uid=jei:information, recipeClass=interface mezz.jei.api.recipe.vanilla.IJeiIngredientInfoRecipe]
[24May2026 18:05:49.609] [Render thread/DEBUG] [mezz.jei.library.recipes.RecipeManagerInternal/]: Adding recipes: RecipeType[uid=jei:information, recipeClass=interface mezz.jei.api.recipe.vanilla.IJeiIngredientInfoRecipe]
[24May2026 18:05:49.609] [Render thread/DEBUG] [mezz.jei.library.recipes.RecipeManagerInternal/]: Adding recipes: RecipeType[uid=jei:information, recipeClass=interface mezz.jei.api.recipe.vanilla.IJeiIngredientInfoRecipe]
[24May2026 18:05:49.610] [Render thread/DEBUG] [mezz.jei.library.recipes.RecipeManagerInternal/]: Adding recipes: RecipeType[uid=jei:information, recipeClass=interface mezz.jei.api.recipe.vanilla.IJeiIngredientInfoRecipe]
[24May2026 18:05:49.610] [Render thread/DEBUG] [mezz.jei.library.recipes.RecipeManagerInternal/]: Adding recipes: RecipeType[uid=jei:information, recipeClass=interface mezz.jei.api.recipe.vanilla.IJeiIngredientInfoRecipe]
[24May2026 18:05:49.610] [Render thread/DEBUG] [mezz.jei.library.recipes.RecipeManagerInternal/]: Adding recipes: RecipeType[uid=jei:information, recipeClass=interface mezz.jei.api.recipe.vanilla.IJeiIngredientInfoRecipe]
[24May2026 18:05:49.610] [Render thread/DEBUG] [mezz.jei.library.recipes.RecipeManagerInternal/]: Adding recipes: RecipeType[uid=jei:information, recipeClass=interface mezz.jei.api.recipe.vanilla.IJeiIngredientInfoRecipe]
[24May2026 18:05:49.610] [Render thread/DEBUG] [mezz.jei.library.recipes.RecipeManagerInternal/]: Adding recipes: RecipeType[uid=jei:information, recipeClass=interface mezz.jei.api.recipe.vanilla.IJeiIngredientInfoRecipe]
[24May2026 18:05:49.610] [Render thread/DEBUG] [mezz.jei.library.recipes.RecipeManagerInternal/]: Adding recipes: RecipeType[uid=jei:information, recipeClass=interface mezz.jei.api.recipe.vanilla.IJeiIngredientInfoRecipe]
[24May2026 18:05:49.610] [Render thread/DEBUG] [mezz.jei.library.recipes.RecipeManagerInternal/]: Adding recipes: RecipeType[uid=jei:information, recipeClass=interface mezz.jei.api.recipe.vanilla.IJeiIngredientInfoRecipe]
[24May2026 18:05:49.611] [Render thread/DEBUG] [mezz.jei.library.recipes.RecipeManagerInternal/]: Adding recipes: RecipeType[uid=jei:information, recipeClass=interface mezz.jei.api.recipe.vanilla.IJeiIngredientInfoRecipe]
[24May2026 18:05:49.611] [Render thread/DEBUG] [mezz.jei.library.recipes.RecipeManagerInternal/]: Adding recipes: RecipeType[uid=jei:information, recipeClass=interface mezz.jei.api.recipe.vanilla.IJeiIngredientInfoRecipe]
[24May2026 18:05:49.611] [Render thread/DEBUG] [mezz.jei.library.recipes.RecipeManagerInternal/]: Adding recipes: RecipeType[uid=jei:information, recipeClass=interface mezz.jei.api.recipe.vanilla.IJeiIngredientInfoRecipe]
[24May2026 18:05:49.611] [Render thread/DEBUG] [mezz.jei.library.recipes.RecipeManagerInternal/]: Adding recipes: RecipeType[uid=jei:information, recipeClass=interface mezz.jei.api.recipe.vanilla.IJeiIngredientInfoRecipe]
[24May2026 18:05:49.611] [Render thread/DEBUG] [mezz.jei.library.recipes.RecipeManagerInternal/]: Adding recipes: RecipeType[uid=jei:information, recipeClass=interface mezz.jei.api.recipe.vanilla.IJeiIngredientInfoRecipe]
[24May2026 18:05:49.611] [Render thread/DEBUG] [mezz.jei.library.recipes.RecipeManagerInternal/]: Adding recipes: RecipeType[uid=jei:information, recipeClass=interface mezz.jei.api.recipe.vanilla.IJeiIngredientInfoRecipe]
[24May2026 18:05:49.611] [Render thread/DEBUG] [mezz.jei.library.recipes.RecipeManagerInternal/]: Adding recipes: RecipeType[uid=jei:information, recipeClass=interface mezz.jei.api.recipe.vanilla.IJeiIngredientInfoRecipe]
[24May2026 18:05:49.612] [Render thread/DEBUG] [mezz.jei.library.recipes.RecipeManagerInternal/]: Adding recipes: RecipeType[uid=jei:information, recipeClass=interface mezz.jei.api.recipe.vanilla.IJeiIngredientInfoRecipe]
[24May2026 18:05:49.612] [Render thread/DEBUG] [mezz.jei.library.recipes.RecipeManagerInternal/]: Adding recipes: RecipeType[uid=jei:information, recipeClass=interface mezz.jei.api.recipe.vanilla.IJeiIngredientInfoRecipe]
[24May2026 18:05:49.612] [Render thread/DEBUG] [mezz.jei.library.recipes.RecipeManagerInternal/]: Adding recipes: RecipeType[uid=jei:information, recipeClass=interface mezz.jei.api.recipe.vanilla.IJeiIngredientInfoRecipe]
[24May2026 18:05:49.612] [Render thread/DEBUG] [mezz.jei.library.recipes.RecipeManagerInternal/]: Adding recipes: RecipeType[uid=jei:information, recipeClass=interface mezz.jei.api.recipe.vanilla.IJeiIngredientInfoRecipe]
[24May2026 18:05:49.612] [Render thread/DEBUG] [mezz.jei.library.recipes.RecipeManagerInternal/]: Adding recipes: RecipeType[uid=jei:information, recipeClass=interface mezz.jei.api.recipe.vanilla.IJeiIngredientInfoRecipe]
[24May2026 18:05:49.612] [Render thread/DEBUG] [mezz.jei.library.recipes.RecipeManagerInternal/]: Adding recipes: RecipeType[uid=jei:information, recipeClass=interface mezz.jei.api.recipe.vanilla.IJeiIngredientInfoRecipe]
[24May2026 18:05:49.612] [Render thread/DEBUG] [mezz.jei.library.recipes.RecipeManagerInternal/]: Adding recipes: RecipeType[uid=jei:information, recipeClass=interface mezz.jei.api.recipe.vanilla.IJeiIngredientInfoRecipe]
[24May2026 18:05:49.613] [Render thread/DEBUG] [mezz.jei.library.recipes.RecipeManagerInternal/]: Adding recipes: RecipeType[uid=jei:information, recipeClass=interface mezz.jei.api.recipe.vanilla.IJeiIngredientInfoRecipe]
[24May2026 18:05:49.613] [Render thread/DEBUG] [mezz.jei.library.recipes.RecipeManagerInternal/]: Adding recipes: RecipeType[uid=jei:information, recipeClass=interface mezz.jei.api.recipe.vanilla.IJeiIngredientInfoRecipe]
[24May2026 18:05:49.613] [Render thread/DEBUG] [mezz.jei.library.recipes.RecipeManagerInternal/]: Adding recipes: RecipeType[uid=jei:information, recipeClass=interface mezz.jei.api.recipe.vanilla.IJeiIngredientInfoRecipe]
[24May2026 18:05:49.613] [Render thread/DEBUG] [mezz.jei.library.recipes.RecipeManagerInternal/]: Adding recipes: RecipeType[uid=jei:information, recipeClass=interface mezz.jei.api.recipe.vanilla.IJeiIngredientInfoRecipe]
[24May2026 18:05:49.613] [Render thread/DEBUG] [mezz.jei.library.recipes.RecipeManagerInternal/]: Adding recipes: RecipeType[uid=jei:information, recipeClass=interface mezz.jei.api.recipe.vanilla.IJeiIngredientInfoRecipe]
[24May2026 18:05:49.613] [Render thread/DEBUG] [mezz.jei.library.recipes.RecipeManagerInternal/]: Adding recipes: RecipeType[uid=jei:information, recipeClass=interface mezz.jei.api.recipe.vanilla.IJeiIngredientInfoRecipe]
[24May2026 18:05:49.613] [Render thread/DEBUG] [mezz.jei.library.recipes.RecipeManagerInternal/]: Adding recipes: RecipeType[uid=jei:information, recipeClass=interface mezz.jei.api.recipe.vanilla.IJeiIngredientInfoRecipe]
[24May2026 18:05:49.613] [Render thread/DEBUG] [mezz.jei.library.recipes.RecipeManagerInternal/]: Adding recipes: RecipeType[uid=jei:information, recipeClass=interface mezz.jei.api.recipe.vanilla.IJeiIngredientInfoRecipe]
[24May2026 18:05:49.614] [Render thread/DEBUG] [mezz.jei.library.recipes.RecipeManagerInternal/]: Adding recipes: RecipeType[uid=jei:information, recipeClass=interface mezz.jei.api.recipe.vanilla.IJeiIngredientInfoRecipe]
[24May2026 18:05:49.614] [Render thread/DEBUG] [mezz.jei.library.recipes.RecipeManagerInternal/]: Adding recipes: RecipeType[uid=jei:information, recipeClass=interface mezz.jei.api.recipe.vanilla.IJeiIngredientInfoRecipe]
[24May2026 18:05:49.614] [Render thread/DEBUG] [mezz.jei.library.recipes.RecipeManagerInternal/]: Adding recipes: RecipeType[uid=jei:information, recipeClass=interface mezz.jei.api.recipe.vanilla.IJeiIngredientInfoRecipe]
[24May2026 18:05:49.614] [Render thread/DEBUG] [mezz.jei.library.recipes.RecipeManagerInternal/]: Adding recipes: RecipeType[uid=jei:information, recipeClass=interface mezz.jei.api.recipe.vanilla.IJeiIngredientInfoRecipe]
[24May2026 18:05:49.614] [Render thread/DEBUG] [mezz.jei.library.recipes.RecipeManagerInternal/]: Adding recipes: RecipeType[uid=jei:information, recipeClass=interface mezz.jei.api.recipe.vanilla.IJeiIngredientInfoRecipe]
[24May2026 18:05:49.614] [Render thread/DEBUG] [mezz.jei.library.recipes.RecipeManagerInternal/]: Adding recipes: RecipeType[uid=jei:information, recipeClass=interface mezz.jei.api.recipe.vanilla.IJeiIngredientInfoRecipe]
[24May2026 18:05:49.614] [Render thread/DEBUG] [mezz.jei.library.recipes.RecipeManagerInternal/]: Adding recipes: RecipeType[uid=jei:information, recipeClass=interface mezz.jei.api.recipe.vanilla.IJeiIngredientInfoRecipe]
[24May2026 18:05:49.614] [Render thread/DEBUG] [mezz.jei.library.recipes.RecipeManagerInternal/]: Adding recipes: RecipeType[uid=jei:information, recipeClass=interface mezz.jei.api.recipe.vanilla.IJeiIngredientInfoRecipe]
[24May2026 18:05:49.614] [Render thread/DEBUG] [mezz.jei.library.recipes.RecipeManagerInternal/]: Adding recipes: RecipeType[uid=jei:information, recipeClass=interface mezz.jei.api.recipe.vanilla.IJeiIngredientInfoRecipe]
[24May2026 18:05:49.615] [Render thread/DEBUG] [mezz.jei.library.recipes.RecipeManagerInternal/]: Adding recipes: RecipeType[uid=jei:information, recipeClass=interface mezz.jei.api.recipe.vanilla.IJeiIngredientInfoRecipe]
[24May2026 18:05:49.615] [Render thread/DEBUG] [mezz.jei.library.recipes.RecipeManagerInternal/]: Adding recipes: RecipeType[uid=jei:information, recipeClass=interface mezz.jei.api.recipe.vanilla.IJeiIngredientInfoRecipe]
[24May2026 18:05:49.615] [Render thread/DEBUG] [mezz.jei.library.recipes.RecipeManagerInternal/]: Adding recipes: RecipeType[uid=jei:information, recipeClass=interface mezz.jei.api.recipe.vanilla.IJeiIngredientInfoRecipe]
[24May2026 18:05:49.615] [Render thread/DEBUG] [mezz.jei.library.recipes.RecipeManagerInternal/]: Adding recipes: RecipeType[uid=jei:information, recipeClass=interface mezz.jei.api.recipe.vanilla.IJeiIngredientInfoRecipe]
[24May2026 18:05:49.615] [Render thread/DEBUG] [mezz.jei.library.recipes.RecipeManagerInternal/]: Adding recipes: RecipeType[uid=jei:information, recipeClass=interface mezz.jei.api.recipe.vanilla.IJeiIngredientInfoRecipe]
[24May2026 18:05:49.615] [Render thread/DEBUG] [mezz.jei.library.recipes.RecipeManagerInternal/]: Adding recipes: RecipeType[uid=jei:information, recipeClass=interface mezz.jei.api.recipe.vanilla.IJeiIngredientInfoRecipe]
[24May2026 18:05:49.615] [Render thread/DEBUG] [mezz.jei.library.recipes.RecipeManagerInternal/]: Adding recipes: RecipeType[uid=jei:information, recipeClass=interface mezz.jei.api.recipe.vanilla.IJeiIngredientInfoRecipe]
[24May2026 18:05:49.615] [Render thread/DEBUG] [mezz.jei.library.recipes.RecipeManagerInternal/]: Adding recipes: RecipeType[uid=jei:information, recipeClass=interface mezz.jei.api.recipe.vanilla.IJeiIngredientInfoRecipe]
[24May2026 18:05:49.615] [Render thread/DEBUG] [mezz.jei.library.recipes.RecipeManagerInternal/]: Adding recipes: RecipeType[uid=jei:information, recipeClass=interface mezz.jei.api.recipe.vanilla.IJeiIngredientInfoRecipe]
[24May2026 18:05:49.616] [Render thread/DEBUG] [mezz.jei.library.recipes.RecipeManagerInternal/]: Adding recipes: RecipeType[uid=jei:information, recipeClass=interface mezz.jei.api.recipe.vanilla.IJeiIngredientInfoRecipe]
[24May2026 18:05:49.616] [Render thread/DEBUG] [mezz.jei.library.recipes.RecipeManagerInternal/]: Adding recipes: RecipeType[uid=jei:information, recipeClass=interface mezz.jei.api.recipe.vanilla.IJeiIngredientInfoRecipe]
[24May2026 18:05:49.616] [Render thread/DEBUG] [mezz.jei.library.recipes.RecipeManagerInternal/]: Adding recipes: RecipeType[uid=jei:information, recipeClass=interface mezz.jei.api.recipe.vanilla.IJeiIngredientInfoRecipe]
[24May2026 18:05:49.616] [Render thread/DEBUG] [mezz.jei.library.recipes.RecipeManagerInternal/]: Adding recipes: RecipeType[uid=jei:information, recipeClass=interface mezz.jei.api.recipe.vanilla.IJeiIngredientInfoRecipe]
[24May2026 18:05:49.616] [Render thread/DEBUG] [mezz.jei.library.recipes.RecipeManagerInternal/]: Adding recipes: RecipeType[uid=jei:information, recipeClass=interface mezz.jei.api.recipe.vanilla.IJeiIngredientInfoRecipe]
[24May2026 18:05:49.616] [Render thread/DEBUG] [mezz.jei.library.recipes.RecipeManagerInternal/]: Adding recipes: RecipeType[uid=jei:information, recipeClass=interface mezz.jei.api.recipe.vanilla.IJeiIngredientInfoRecipe]
[24May2026 18:05:49.616] [Render thread/DEBUG] [mezz.jei.library.recipes.RecipeManagerInternal/]: Adding recipes: RecipeType[uid=jei:information, recipeClass=interface mezz.jei.api.recipe.vanilla.IJeiIngredientInfoRecipe]
[24May2026 18:05:49.616] [Render thread/DEBUG] [mezz.jei.library.recipes.RecipeManagerInternal/]: Adding recipes: RecipeType[uid=jei:information, recipeClass=interface mezz.jei.api.recipe.vanilla.IJeiIngredientInfoRecipe]
[24May2026 18:05:49.616] [Render thread/DEBUG] [mezz.jei.library.recipes.RecipeManagerInternal/]: Adding recipes: RecipeType[uid=jei:information, recipeClass=interface mezz.jei.api.recipe.vanilla.IJeiIngredientInfoRecipe]
[24May2026 18:05:49.616] [Render thread/DEBUG] [mezz.jei.library.recipes.RecipeManagerInternal/]: Adding recipes: RecipeType[uid=jei:information, recipeClass=interface mezz.jei.api.recipe.vanilla.IJeiIngredientInfoRecipe]
[24May2026 18:05:49.616] [Render thread/DEBUG] [mezz.jei.library.recipes.RecipeManagerInternal/]: Adding recipes: RecipeType[uid=jei:information, recipeClass=interface mezz.jei.api.recipe.vanilla.IJeiIngredientInfoRecipe]
[24May2026 18:05:49.616] [Render thread/DEBUG] [mezz.jei.library.recipes.RecipeManagerInternal/]: Adding recipes: RecipeType[uid=jei:information, recipeClass=interface mezz.jei.api.recipe.vanilla.IJeiIngredientInfoRecipe]
[24May2026 18:05:49.616] [Render thread/DEBUG] [mezz.jei.library.recipes.RecipeManagerInternal/]: Adding recipes: RecipeType[uid=jei:information, recipeClass=interface mezz.jei.api.recipe.vanilla.IJeiIngredientInfoRecipe]
[24May2026 18:05:49.618] [Render thread/DEBUG] [mezz.jei.library.recipes.RecipeManagerInternal/]: Adding recipes: RecipeType[uid=jei:information, recipeClass=interface mezz.jei.api.recipe.vanilla.IJeiIngredientInfoRecipe]
[24May2026 18:05:49.618] [Render thread/DEBUG] [mezz.jei.library.recipes.RecipeManagerInternal/]: Adding recipes: RecipeType[uid=jei:information, recipeClass=interface mezz.jei.api.recipe.vanilla.IJeiIngredientInfoRecipe]
[24May2026 18:05:49.618] [Render thread/DEBUG] [mezz.jei.library.recipes.RecipeManagerInternal/]: Adding recipes: RecipeType[uid=jei:information, recipeClass=interface mezz.jei.api.recipe.vanilla.IJeiIngredientInfoRecipe]
[24May2026 18:05:49.618] [Render thread/DEBUG] [mezz.jei.library.recipes.RecipeManagerInternal/]: Adding recipes: RecipeType[uid=jei:information, recipeClass=interface mezz.jei.api.recipe.vanilla.IJeiIngredientInfoRecipe]
[24May2026 18:05:49.618] [Render thread/DEBUG] [mezz.jei.library.recipes.RecipeManagerInternal/]: Adding recipes: RecipeType[uid=jei:information, recipeClass=interface mezz.jei.api.recipe.vanilla.IJeiIngredientInfoRecipe]
[24May2026 18:05:49.618] [Render thread/DEBUG] [mezz.jei.library.recipes.RecipeManagerInternal/]: Adding recipes: RecipeType[uid=jei:information, recipeClass=interface mezz.jei.api.recipe.vanilla.IJeiIngredientInfoRecipe]
[24May2026 18:05:49.618] [Render thread/DEBUG] [mezz.jei.library.recipes.RecipeManagerInternal/]: Adding recipes: RecipeType[uid=jei:information, recipeClass=interface mezz.jei.api.recipe.vanilla.IJeiIngredientInfoRecipe]
[24May2026 18:05:49.618] [Render thread/DEBUG] [mezz.jei.library.recipes.RecipeManagerInternal/]: Adding recipes: RecipeType[uid=jei:information, recipeClass=interface mezz.jei.api.recipe.vanilla.IJeiIngredientInfoRecipe]
[24May2026 18:05:49.618] [Render thread/DEBUG] [mezz.jei.library.recipes.RecipeManagerInternal/]: Adding recipes: RecipeType[uid=jei:information, recipeClass=interface mezz.jei.api.recipe.vanilla.IJeiIngredientInfoRecipe]
[24May2026 18:05:49.619] [Render thread/DEBUG] [mezz.jei.library.recipes.RecipeManagerInternal/]: Adding recipes: RecipeType[uid=jei:information, recipeClass=interface mezz.jei.api.recipe.vanilla.IJeiIngredientInfoRecipe]
[24May2026 18:05:49.619] [Render thread/DEBUG] [mezz.jei.library.recipes.RecipeManagerInternal/]: Adding recipes: RecipeType[uid=jei:information, recipeClass=interface mezz.jei.api.recipe.vanilla.IJeiIngredientInfoRecipe]
[24May2026 18:05:49.619] [Render thread/DEBUG] [mezz.jei.library.recipes.RecipeManagerInternal/]: Adding recipes: RecipeType[uid=jei:information, recipeClass=interface mezz.jei.api.recipe.vanilla.IJeiIngredientInfoRecipe]
[24May2026 18:05:49.619] [Render thread/DEBUG] [mezz.jei.library.recipes.RecipeManagerInternal/]: Adding recipes: RecipeType[uid=jei:information, recipeClass=interface mezz.jei.api.recipe.vanilla.IJeiIngredientInfoRecipe]
[24May2026 18:05:49.619] [Render thread/DEBUG] [mezz.jei.library.recipes.RecipeManagerInternal/]: Adding recipes: RecipeType[uid=jei:information, recipeClass=interface mezz.jei.api.recipe.vanilla.IJeiIngredientInfoRecipe]
[24May2026 18:05:49.619] [Render thread/DEBUG] [mezz.jei.library.recipes.RecipeManagerInternal/]: Adding recipes: RecipeType[uid=jei:information, recipeClass=interface mezz.jei.api.recipe.vanilla.IJeiIngredientInfoRecipe]
[24May2026 18:05:49.619] [Render thread/DEBUG] [mezz.jei.library.recipes.RecipeManagerInternal/]: Adding recipes: RecipeType[uid=jei:information, recipeClass=interface mezz.jei.api.recipe.vanilla.IJeiIngredientInfoRecipe]
[24May2026 18:05:49.619] [Render thread/DEBUG] [mezz.jei.library.recipes.RecipeManagerInternal/]: Adding recipes: RecipeType[uid=jei:information, recipeClass=interface mezz.jei.api.recipe.vanilla.IJeiIngredientInfoRecipe]
[24May2026 18:05:49.620] [Render thread/DEBUG] [mezz.jei.library.recipes.RecipeManagerInternal/]: Adding recipes: RecipeType[uid=jei:information, recipeClass=interface mezz.jei.api.recipe.vanilla.IJeiIngredientInfoRecipe]
[24May2026 18:05:49.620] [Render thread/DEBUG] [mezz.jei.library.recipes.RecipeManagerInternal/]: Adding recipes: RecipeType[uid=jei:information, recipeClass=interface mezz.jei.api.recipe.vanilla.IJeiIngredientInfoRecipe]
[24May2026 18:05:49.620] [Render thread/DEBUG] [mezz.jei.library.recipes.RecipeManagerInternal/]: Adding recipes: RecipeType[uid=jei:information, recipeClass=interface mezz.jei.api.recipe.vanilla.IJeiIngredientInfoRecipe]
[24May2026 18:05:49.620] [Render thread/DEBUG] [mezz.jei.library.recipes.RecipeManagerInternal/]: Adding recipes: RecipeType[uid=jei:information, recipeClass=interface mezz.jei.api.recipe.vanilla.IJeiIngredientInfoRecipe]
[24May2026 18:05:49.620] [Render thread/DEBUG] [mezz.jei.library.recipes.RecipeManagerInternal/]: Adding recipes: RecipeType[uid=jei:information, recipeClass=interface mezz.jei.api.recipe.vanilla.IJeiIngredientInfoRecipe]
[24May2026 18:05:49.620] [Render thread/DEBUG] [mezz.jei.library.recipes.RecipeManagerInternal/]: Adding recipes: RecipeType[uid=jei:information, recipeClass=interface mezz.jei.api.recipe.vanilla.IJeiIngredientInfoRecipe]
[24May2026 18:05:49.620] [Render thread/DEBUG] [mezz.jei.library.recipes.RecipeManagerInternal/]: Adding recipes: RecipeType[uid=jei:information, recipeClass=interface mezz.jei.api.recipe.vanilla.IJeiIngredientInfoRecipe]
[24May2026 18:05:49.620] [Render thread/DEBUG] [mezz.jei.library.recipes.RecipeManagerInternal/]: Adding recipes: RecipeType[uid=jei:information, recipeClass=interface mezz.jei.api.recipe.vanilla.IJeiIngredientInfoRecipe]
[24May2026 18:05:49.620] [Render thread/DEBUG] [mezz.jei.library.recipes.RecipeManagerInternal/]: Adding recipes: RecipeType[uid=jei:information, recipeClass=interface mezz.jei.api.recipe.vanilla.IJeiIngredientInfoRecipe]
[24May2026 18:05:49.621] [Render thread/DEBUG] [mezz.jei.library.recipes.RecipeManagerInternal/]: Adding recipes: RecipeType[uid=jei:information, recipeClass=interface mezz.jei.api.recipe.vanilla.IJeiIngredientInfoRecipe]
[24May2026 18:05:49.621] [Render thread/DEBUG] [mezz.jei.library.recipes.RecipeManagerInternal/]: Adding recipes: RecipeType[uid=jei:information, recipeClass=interface mezz.jei.api.recipe.vanilla.IJeiIngredientInfoRecipe]
[24May2026 18:05:49.621] [Render thread/DEBUG] [mezz.jei.library.recipes.RecipeManagerInternal/]: Adding recipes: RecipeType[uid=jei:information, recipeClass=interface mezz.jei.api.recipe.vanilla.IJeiIngredientInfoRecipe]
[24May2026 18:05:49.622] [Render thread/DEBUG] [mezz.jei.library.recipes.RecipeManagerInternal/]: Adding recipes: RecipeType[uid=jei:information, recipeClass=interface mezz.jei.api.recipe.vanilla.IJeiIngredientInfoRecipe]
[24May2026 18:05:49.622] [Render thread/DEBUG] [mezz.jei.library.recipes.RecipeManagerInternal/]: Adding recipes: RecipeType[uid=jei:information, recipeClass=interface mezz.jei.api.recipe.vanilla.IJeiIngredientInfoRecipe]
[24May2026 18:05:49.622] [Render thread/DEBUG] [mezz.jei.library.recipes.RecipeManagerInternal/]: Adding recipes: RecipeType[uid=jei:information, recipeClass=interface mezz.jei.api.recipe.vanilla.IJeiIngredientInfoRecipe]
[24May2026 18:05:49.622] [Render thread/DEBUG] [mezz.jei.library.recipes.RecipeManagerInternal/]: Adding recipes: RecipeType[uid=jei:information, recipeClass=interface mezz.jei.api.recipe.vanilla.IJeiIngredientInfoRecipe]
[24May2026 18:05:49.622] [Render thread/DEBUG] [mezz.jei.library.recipes.RecipeManagerInternal/]: Adding recipes: RecipeType[uid=jei:information, recipeClass=interface mezz.jei.api.recipe.vanilla.IJeiIngredientInfoRecipe]
[24May2026 18:05:49.622] [Render thread/DEBUG] [mezz.jei.library.recipes.RecipeManagerInternal/]: Adding recipes: RecipeType[uid=jei:information, recipeClass=interface mezz.jei.api.recipe.vanilla.IJeiIngredientInfoRecipe]
[24May2026 18:05:49.622] [Render thread/DEBUG] [mezz.jei.library.recipes.RecipeManagerInternal/]: Adding recipes: RecipeType[uid=jei:information, recipeClass=interface mezz.jei.api.recipe.vanilla.IJeiIngredientInfoRecipe]
[24May2026 18:05:49.623] [Render thread/DEBUG] [mezz.jei.library.recipes.RecipeManagerInternal/]: Adding recipes: RecipeType[uid=jei:information, recipeClass=interface mezz.jei.api.recipe.vanilla.IJeiIngredientInfoRecipe]
[24May2026 18:05:49.623] [Render thread/DEBUG] [mezz.jei.library.recipes.RecipeManagerInternal/]: Adding recipes: RecipeType[uid=jei:information, recipeClass=interface mezz.jei.api.recipe.vanilla.IJeiIngredientInfoRecipe]
[24May2026 18:05:49.623] [Render thread/DEBUG] [mezz.jei.library.recipes.RecipeManagerInternal/]: Adding recipes: RecipeType[uid=jei:information, recipeClass=interface mezz.jei.api.recipe.vanilla.IJeiIngredientInfoRecipe]
[24May2026 18:05:49.623] [Render thread/DEBUG] [mezz.jei.library.recipes.RecipeManagerInternal/]: Adding recipes: RecipeType[uid=jei:information, recipeClass=interface mezz.jei.api.recipe.vanilla.IJeiIngredientInfoRecipe]
[24May2026 18:05:49.623] [Render thread/DEBUG] [mezz.jei.library.recipes.RecipeManagerInternal/]: Adding recipes: RecipeType[uid=jei:information, recipeClass=interface mezz.jei.api.recipe.vanilla.IJeiIngredientInfoRecipe]
[24May2026 18:05:49.623] [Render thread/DEBUG] [mezz.jei.library.recipes.RecipeManagerInternal/]: Adding recipes: RecipeType[uid=jei:information, recipeClass=interface mezz.jei.api.recipe.vanilla.IJeiIngredientInfoRecipe]
[24May2026 18:05:49.623] [Render thread/DEBUG] [mezz.jei.library.recipes.RecipeManagerInternal/]: Adding recipes: RecipeType[uid=jei:information, recipeClass=interface mezz.jei.api.recipe.vanilla.IJeiIngredientInfoRecipe]
[24May2026 18:05:49.623] [Render thread/DEBUG] [mezz.jei.library.recipes.RecipeManagerInternal/]: Adding recipes: RecipeType[uid=jei:information, recipeClass=interface mezz.jei.api.recipe.vanilla.IJeiIngredientInfoRecipe]
[24May2026 18:05:49.623] [Render thread/DEBUG] [mezz.jei.library.recipes.RecipeManagerInternal/]: Adding recipes: RecipeType[uid=jei:information, recipeClass=interface mezz.jei.api.recipe.vanilla.IJeiIngredientInfoRecipe]
[24May2026 18:05:49.624] [Render thread/DEBUG] [mezz.jei.library.recipes.RecipeManagerInternal/]: Adding recipes: RecipeType[uid=jei:information, recipeClass=interface mezz.jei.api.recipe.vanilla.IJeiIngredientInfoRecipe]
[24May2026 18:05:49.624] [Render thread/DEBUG] [mezz.jei.library.recipes.RecipeManagerInternal/]: Adding recipes: RecipeType[uid=jei:information, recipeClass=interface mezz.jei.api.recipe.vanilla.IJeiIngredientInfoRecipe]
[24May2026 18:05:49.624] [Render thread/DEBUG] [mezz.jei.library.recipes.RecipeManagerInternal/]: Adding recipes: RecipeType[uid=jei:information, recipeClass=interface mezz.jei.api.recipe.vanilla.IJeiIngredientInfoRecipe]
[24May2026 18:05:49.624] [Render thread/DEBUG] [mezz.jei.library.recipes.RecipeManagerInternal/]: Adding recipes: RecipeType[uid=jei:information, recipeClass=interface mezz.jei.api.recipe.vanilla.IJeiIngredientInfoRecipe]
[24May2026 18:05:49.624] [Render thread/DEBUG] [mezz.jei.library.recipes.RecipeManagerInternal/]: Adding recipes: RecipeType[uid=jei:information, recipeClass=interface mezz.jei.api.recipe.vanilla.IJeiIngredientInfoRecipe]
[24May2026 18:05:49.624] [Render thread/DEBUG] [mezz.jei.library.recipes.RecipeManagerInternal/]: Adding recipes: RecipeType[uid=jei:information, recipeClass=interface mezz.jei.api.recipe.vanilla.IJeiIngredientInfoRecipe]
[24May2026 18:05:49.624] [Render thread/DEBUG] [mezz.jei.library.recipes.RecipeManagerInternal/]: Adding recipes: RecipeType[uid=jei:information, recipeClass=interface mezz.jei.api.recipe.vanilla.IJeiIngredientInfoRecipe]
[24May2026 18:05:49.624] [Render thread/DEBUG] [mezz.jei.library.recipes.RecipeManagerInternal/]: Adding recipes: RecipeType[uid=jei:information, recipeClass=interface mezz.jei.api.recipe.vanilla.IJeiIngredientInfoRecipe]
[24May2026 18:05:49.625] [Render thread/DEBUG] [mezz.jei.library.recipes.RecipeManagerInternal/]: Adding recipes: RecipeType[uid=jei:information, recipeClass=interface mezz.jei.api.recipe.vanilla.IJeiIngredientInfoRecipe]
[24May2026 18:05:49.625] [Render thread/DEBUG] [mezz.jei.library.recipes.RecipeManagerInternal/]: Adding recipes: RecipeType[uid=jei:information, recipeClass=interface mezz.jei.api.recipe.vanilla.IJeiIngredientInfoRecipe]
[24May2026 18:05:49.625] [Render thread/DEBUG] [mezz.jei.library.recipes.RecipeManagerInternal/]: Adding recipes: RecipeType[uid=jei:information, recipeClass=interface mezz.jei.api.recipe.vanilla.IJeiIngredientInfoRecipe]
[24May2026 18:05:49.625] [Render thread/DEBUG] [mezz.jei.library.recipes.RecipeManagerInternal/]: Adding recipes: RecipeType[uid=jei:information, recipeClass=interface mezz.jei.api.recipe.vanilla.IJeiIngredientInfoRecipe]
[24May2026 18:05:49.625] [Render thread/DEBUG] [mezz.jei.library.recipes.RecipeManagerInternal/]: Adding recipes: RecipeType[uid=jei:information, recipeClass=interface mezz.jei.api.recipe.vanilla.IJeiIngredientInfoRecipe]
[24May2026 18:05:49.625] [Render thread/DEBUG] [mezz.jei.library.recipes.RecipeManagerInternal/]: Adding recipes: RecipeType[uid=jei:information, recipeClass=interface mezz.jei.api.recipe.vanilla.IJeiIngredientInfoRecipe]
[24May2026 18:05:49.625] [Render thread/DEBUG] [mezz.jei.library.recipes.RecipeManagerInternal/]: Adding recipes: RecipeType[uid=jei:information, recipeClass=interface mezz.jei.api.recipe.vanilla.IJeiIngredientInfoRecipe]
[24May2026 18:05:49.625] [Render thread/DEBUG] [mezz.jei.library.recipes.RecipeManagerInternal/]: Adding recipes: RecipeType[uid=jei:information, recipeClass=interface mezz.jei.api.recipe.vanilla.IJeiIngredientInfoRecipe]
[24May2026 18:05:49.626] [Render thread/DEBUG] [mezz.jei.library.recipes.RecipeManagerInternal/]: Adding recipes: RecipeType[uid=jei:information, recipeClass=interface mezz.jei.api.recipe.vanilla.IJeiIngredientInfoRecipe]
[24May2026 18:05:49.626] [Render thread/DEBUG] [mezz.jei.library.recipes.RecipeManagerInternal/]: Adding recipes: RecipeType[uid=jei:information, recipeClass=interface mezz.jei.api.recipe.vanilla.IJeiIngredientInfoRecipe]
[24May2026 18:05:49.626] [Render thread/DEBUG] [mezz.jei.library.recipes.RecipeManagerInternal/]: Adding recipes: RecipeType[uid=jei:information, recipeClass=interface mezz.jei.api.recipe.vanilla.IJeiIngredientInfoRecipe]
[24May2026 18:05:49.626] [Render thread/DEBUG] [mezz.jei.library.recipes.RecipeManagerInternal/]: Adding recipes: RecipeType[uid=jei:information, recipeClass=interface mezz.jei.api.recipe.vanilla.IJeiIngredientInfoRecipe]
[24May2026 18:05:49.626] [Render thread/DEBUG] [mezz.jei.library.recipes.RecipeManagerInternal/]: Adding recipes: RecipeType[uid=jei:information, recipeClass=interface mezz.jei.api.recipe.vanilla.IJeiIngredientInfoRecipe]
[24May2026 18:05:49.626] [Render thread/DEBUG] [mezz.jei.library.recipes.RecipeManagerInternal/]: Adding recipes: RecipeType[uid=jei:information, recipeClass=interface mezz.jei.api.recipe.vanilla.IJeiIngredientInfoRecipe]
[24May2026 18:05:49.626] [Render thread/DEBUG] [mezz.jei.library.recipes.RecipeManagerInternal/]: Adding recipes: RecipeType[uid=jei:information, recipeClass=interface mezz.jei.api.recipe.vanilla.IJeiIngredientInfoRecipe]
[24May2026 18:05:49.626] [Render thread/DEBUG] [mezz.jei.library.recipes.RecipeManagerInternal/]: Adding recipes: RecipeType[uid=jei:information, recipeClass=interface mezz.jei.api.recipe.vanilla.IJeiIngredientInfoRecipe]
[24May2026 18:05:49.626] [Render thread/DEBUG] [mezz.jei.library.recipes.RecipeManagerInternal/]: Adding recipes: RecipeType[uid=jei:information, recipeClass=interface mezz.jei.api.recipe.vanilla.IJeiIngredientInfoRecipe]
[24May2026 18:05:49.627] [Render thread/DEBUG] [mezz.jei.library.recipes.RecipeManagerInternal/]: Adding recipes: RecipeType[uid=jei:information, recipeClass=interface mezz.jei.api.recipe.vanilla.IJeiIngredientInfoRecipe]
[24May2026 18:05:49.627] [Render thread/DEBUG] [mezz.jei.library.recipes.RecipeManagerInternal/]: Adding recipes: RecipeType[uid=jei:information, recipeClass=interface mezz.jei.api.recipe.vanilla.IJeiIngredientInfoRecipe]
[24May2026 18:05:49.627] [Render thread/DEBUG] [mezz.jei.library.recipes.RecipeManagerInternal/]: Adding recipes: RecipeType[uid=jei:information, recipeClass=interface mezz.jei.api.recipe.vanilla.IJeiIngredientInfoRecipe]
[24May2026 18:05:49.629] [Render thread/DEBUG] [mezz.jei.library.recipes.RecipeManagerInternal/]: Adding recipes: RecipeType[uid=jei:information, recipeClass=interface mezz.jei.api.recipe.vanilla.IJeiIngredientInfoRecipe]
[24May2026 18:05:49.629] [Render thread/DEBUG] [mezz.jei.library.recipes.RecipeManagerInternal/]: Adding recipes: RecipeType[uid=jei:information, recipeClass=interface mezz.jei.api.recipe.vanilla.IJeiIngredientInfoRecipe]
[24May2026 18:05:49.629] [Render thread/DEBUG] [mezz.jei.library.recipes.RecipeManagerInternal/]: Adding recipes: RecipeType[uid=jei:information, recipeClass=interface mezz.jei.api.recipe.vanilla.IJeiIngredientInfoRecipe]
[24May2026 18:05:49.629] [Render thread/DEBUG] [mezz.jei.library.recipes.RecipeManagerInternal/]: Adding recipes: RecipeType[uid=jei:information, recipeClass=interface mezz.jei.api.recipe.vanilla.IJeiIngredientInfoRecipe]
[24May2026 18:05:49.629] [Render thread/DEBUG] [mezz.jei.library.recipes.RecipeManagerInternal/]: Adding recipes: RecipeType[uid=jei:information, recipeClass=interface mezz.jei.api.recipe.vanilla.IJeiIngredientInfoRecipe]
[24May2026 18:05:49.630] [Render thread/DEBUG] [mezz.jei.library.recipes.RecipeManagerInternal/]: Adding recipes: RecipeType[uid=jei:information, recipeClass=interface mezz.jei.api.recipe.vanilla.IJeiIngredientInfoRecipe]
[24May2026 18:05:49.630] [Render thread/DEBUG] [mezz.jei.library.recipes.RecipeManagerInternal/]: Adding recipes: RecipeType[uid=jei:information, recipeClass=interface mezz.jei.api.recipe.vanilla.IJeiIngredientInfoRecipe]
[24May2026 18:05:49.630] [Render thread/DEBUG] [mezz.jei.library.recipes.RecipeManagerInternal/]: Adding recipes: RecipeType[uid=jei:information, recipeClass=interface mezz.jei.api.recipe.vanilla.IJeiIngredientInfoRecipe]
[24May2026 18:05:49.630] [Render thread/DEBUG] [mezz.jei.library.recipes.RecipeManagerInternal/]: Adding recipes: RecipeType[uid=jei:information, recipeClass=interface mezz.jei.api.recipe.vanilla.IJeiIngredientInfoRecipe]
[24May2026 18:05:49.630] [Render thread/DEBUG] [mezz.jei.library.recipes.RecipeManagerInternal/]: Adding recipes: RecipeType[uid=jei:information, recipeClass=interface mezz.jei.api.recipe.vanilla.IJeiIngredientInfoRecipe]
[24May2026 18:05:49.630] [Render thread/DEBUG] [mezz.jei.library.recipes.RecipeManagerInternal/]: Adding recipes: RecipeType[uid=jei:information, recipeClass=interface mezz.jei.api.recipe.vanilla.IJeiIngredientInfoRecipe]
[24May2026 18:05:49.631] [Render thread/DEBUG] [mezz.jei.library.recipes.RecipeManagerInternal/]: Adding recipes: RecipeType[uid=jei:information, recipeClass=interface mezz.jei.api.recipe.vanilla.IJeiIngredientInfoRecipe]
[24May2026 18:05:49.631] [Render thread/DEBUG] [mezz.jei.library.recipes.RecipeManagerInternal/]: Adding recipes: RecipeType[uid=jei:information, recipeClass=interface mezz.jei.api.recipe.vanilla.IJeiIngredientInfoRecipe]
[24May2026 18:05:49.631] [Render thread/DEBUG] [mezz.jei.library.recipes.RecipeManagerInternal/]: Adding recipes: RecipeType[uid=jei:information, recipeClass=interface mezz.jei.api.recipe.vanilla.IJeiIngredientInfoRecipe]
[24May2026 18:05:49.631] [Render thread/DEBUG] [mezz.jei.library.recipes.RecipeManagerInternal/]: Adding recipes: RecipeType[uid=jei:information, recipeClass=interface mezz.jei.api.recipe.vanilla.IJeiIngredientInfoRecipe]
[24May2026 18:05:49.631] [Render thread/DEBUG] [mezz.jei.library.recipes.RecipeManagerInternal/]: Adding recipes: RecipeType[uid=jei:information, recipeClass=interface mezz.jei.api.recipe.vanilla.IJeiIngredientInfoRecipe]
[24May2026 18:05:49.631] [Render thread/DEBUG] [mezz.jei.library.recipes.RecipeManagerInternal/]: Adding recipes: RecipeType[uid=jei:information, recipeClass=interface mezz.jei.api.recipe.vanilla.IJeiIngredientInfoRecipe]
[24May2026 18:05:49.632] [Render thread/DEBUG] [mezz.jei.library.recipes.RecipeManagerInternal/]: Adding recipes: RecipeType[uid=jei:information, recipeClass=interface mezz.jei.api.recipe.vanilla.IJeiIngredientInfoRecipe]
[24May2026 18:05:49.632] [Render thread/DEBUG] [mezz.jei.library.recipes.RecipeManagerInternal/]: Adding recipes: RecipeType[uid=jei:information, recipeClass=interface mezz.jei.api.recipe.vanilla.IJeiIngredientInfoRecipe]
[24May2026 18:05:49.632] [Render thread/DEBUG] [mezz.jei.library.recipes.RecipeManagerInternal/]: Adding recipes: RecipeType[uid=jei:information, recipeClass=interface mezz.jei.api.recipe.vanilla.IJeiIngredientInfoRecipe]
[24May2026 18:05:49.632] [Render thread/DEBUG] [mezz.jei.library.recipes.RecipeManagerInternal/]: Adding recipes: RecipeType[uid=jei:information, recipeClass=interface mezz.jei.api.recipe.vanilla.IJeiIngredientInfoRecipe]
[24May2026 18:05:49.632] [Render thread/DEBUG] [mezz.jei.library.recipes.RecipeManagerInternal/]: Adding recipes: RecipeType[uid=jei:information, recipeClass=interface mezz.jei.api.recipe.vanilla.IJeiIngredientInfoRecipe]
[24May2026 18:05:49.632] [Render thread/DEBUG] [mezz.jei.library.recipes.RecipeManagerInternal/]: Adding recipes: RecipeType[uid=jei:information, recipeClass=interface mezz.jei.api.recipe.vanilla.IJeiIngredientInfoRecipe]
[24May2026 18:05:49.632] [Render thread/DEBUG] [mezz.jei.library.recipes.RecipeManagerInternal/]: Adding recipes: RecipeType[uid=jei:information, recipeClass=interface mezz.jei.api.recipe.vanilla.IJeiIngredientInfoRecipe]
[24May2026 18:05:49.632] [Render thread/DEBUG] [mezz.jei.library.recipes.RecipeManagerInternal/]: Adding recipes: RecipeType[uid=jei:information, recipeClass=interface mezz.jei.api.recipe.vanilla.IJeiIngredientInfoRecipe]
[24May2026 18:05:49.633] [Render thread/DEBUG] [mezz.jei.library.recipes.RecipeManagerInternal/]: Adding recipes: RecipeType[uid=jei:information, recipeClass=interface mezz.jei.api.recipe.vanilla.IJeiIngredientInfoRecipe]
[24May2026 18:05:49.633] [Render thread/DEBUG] [mezz.jei.library.recipes.RecipeManagerInternal/]: Adding recipes: RecipeType[uid=jei:information, recipeClass=interface mezz.jei.api.recipe.vanilla.IJeiIngredientInfoRecipe]
[24May2026 18:05:49.633] [Render thread/DEBUG] [mezz.jei.library.recipes.RecipeManagerInternal/]: Adding recipes: RecipeType[uid=jei:information, recipeClass=interface mezz.jei.api.recipe.vanilla.IJeiIngredientInfoRecipe]
[24May2026 18:05:49.633] [Render thread/DEBUG] [mezz.jei.library.recipes.RecipeManagerInternal/]: Adding recipes: RecipeType[uid=jei:information, recipeClass=interface mezz.jei.api.recipe.vanilla.IJeiIngredientInfoRecipe]
[24May2026 18:05:49.633] [Render thread/DEBUG] [mezz.jei.library.recipes.RecipeManagerInternal/]: Adding recipes: RecipeType[uid=jei:information, recipeClass=interface mezz.jei.api.recipe.vanilla.IJeiIngredientInfoRecipe]
[24May2026 18:05:49.633] [Render thread/DEBUG] [mezz.jei.library.recipes.RecipeManagerInternal/]: Adding recipes: RecipeType[uid=jei:information, recipeClass=interface mezz.jei.api.recipe.vanilla.IJeiIngredientInfoRecipe]
[24May2026 18:05:49.633] [Render thread/DEBUG] [mezz.jei.library.recipes.RecipeManagerInternal/]: Adding recipes: RecipeType[uid=jei:information, recipeClass=interface mezz.jei.api.recipe.vanilla.IJeiIngredientInfoRecipe]
[24May2026 18:05:49.634] [Render thread/DEBUG] [mezz.jei.library.recipes.RecipeManagerInternal/]: Adding recipes: RecipeType[uid=jei:information, recipeClass=interface mezz.jei.api.recipe.vanilla.IJeiIngredientInfoRecipe]
[24May2026 18:05:49.634] [Render thread/DEBUG] [mezz.jei.library.recipes.RecipeManagerInternal/]: Adding recipes: RecipeType[uid=jei:information, recipeClass=interface mezz.jei.api.recipe.vanilla.IJeiIngredientInfoRecipe]
[24May2026 18:05:49.634] [Render thread/DEBUG] [mezz.jei.library.recipes.RecipeManagerInternal/]: Adding recipes: RecipeType[uid=jei:information, recipeClass=interface mezz.jei.api.recipe.vanilla.IJeiIngredientInfoRecipe]
[24May2026 18:05:49.634] [Render thread/DEBUG] [mezz.jei.library.recipes.RecipeManagerInternal/]: Adding recipes: RecipeType[uid=jei:information, recipeClass=interface mezz.jei.api.recipe.vanilla.IJeiIngredientInfoRecipe]
[24May2026 18:05:49.634] [Render thread/DEBUG] [mezz.jei.library.recipes.RecipeManagerInternal/]: Adding recipes: RecipeType[uid=jei:information, recipeClass=interface mezz.jei.api.recipe.vanilla.IJeiIngredientInfoRecipe]
[24May2026 18:05:49.634] [Render thread/DEBUG] [mezz.jei.library.recipes.RecipeManagerInternal/]: Adding recipes: RecipeType[uid=jei:information, recipeClass=interface mezz.jei.api.recipe.vanilla.IJeiIngredientInfoRecipe]
[24May2026 18:05:49.634] [Render thread/DEBUG] [mezz.jei.library.recipes.RecipeManagerInternal/]: Adding recipes: RecipeType[uid=jei:information, recipeClass=interface mezz.jei.api.recipe.vanilla.IJeiIngredientInfoRecipe]
[24May2026 18:05:49.634] [Render thread/DEBUG] [mezz.jei.library.recipes.RecipeManagerInternal/]: Adding recipes: RecipeType[uid=jei:information, recipeClass=interface mezz.jei.api.recipe.vanilla.IJeiIngredientInfoRecipe]
[24May2026 18:05:49.634] [Render thread/DEBUG] [mezz.jei.library.recipes.RecipeManagerInternal/]: Adding recipes: RecipeType[uid=jei:information, recipeClass=interface mezz.jei.api.recipe.vanilla.IJeiIngredientInfoRecipe]
[24May2026 18:05:49.635] [Render thread/DEBUG] [mezz.jei.library.recipes.RecipeManagerInternal/]: Adding recipes: RecipeType[uid=jei:information, recipeClass=interface mezz.jei.api.recipe.vanilla.IJeiIngredientInfoRecipe]
[24May2026 18:05:49.635] [Render thread/DEBUG] [mezz.jei.library.recipes.RecipeManagerInternal/]: Adding recipes: RecipeType[uid=jei:information, recipeClass=interface mezz.jei.api.recipe.vanilla.IJeiIngredientInfoRecipe]
[24May2026 18:05:49.635] [Render thread/DEBUG] [mezz.jei.library.recipes.RecipeManagerInternal/]: Adding recipes: RecipeType[uid=jei:information, recipeClass=interface mezz.jei.api.recipe.vanilla.IJeiIngredientInfoRecipe]
[24May2026 18:05:49.635] [Render thread/DEBUG] [mezz.jei.library.recipes.RecipeManagerInternal/]: Adding recipes: RecipeType[uid=jei:information, recipeClass=interface mezz.jei.api.recipe.vanilla.IJeiIngredientInfoRecipe]
[24May2026 18:05:49.635] [Render thread/DEBUG] [mezz.jei.library.recipes.RecipeManagerInternal/]: Adding recipes: RecipeType[uid=jei:information, recipeClass=interface mezz.jei.api.recipe.vanilla.IJeiIngredientInfoRecipe]
[24May2026 18:05:49.635] [Render thread/DEBUG] [mezz.jei.library.recipes.RecipeManagerInternal/]: Adding recipes: RecipeType[uid=jei:information, recipeClass=interface mezz.jei.api.recipe.vanilla.IJeiIngredientInfoRecipe]
[24May2026 18:05:49.635] [Render thread/DEBUG] [mezz.jei.library.recipes.RecipeManagerInternal/]: Adding recipes: RecipeType[uid=jei:information, recipeClass=interface mezz.jei.api.recipe.vanilla.IJeiIngredientInfoRecipe]
[24May2026 18:05:49.635] [Render thread/DEBUG] [mezz.jei.library.recipes.RecipeManagerInternal/]: Adding recipes: RecipeType[uid=jei:information, recipeClass=interface mezz.jei.api.recipe.vanilla.IJeiIngredientInfoRecipe]
[24May2026 18:05:49.635] [Render thread/DEBUG] [mezz.jei.library.recipes.RecipeManagerInternal/]: Adding recipes: RecipeType[uid=jei:information, recipeClass=interface mezz.jei.api.recipe.vanilla.IJeiIngredientInfoRecipe]
[24May2026 18:05:49.636] [Render thread/DEBUG] [mezz.jei.library.recipes.RecipeManagerInternal/]: Adding recipes: RecipeType[uid=jei:information, recipeClass=interface mezz.jei.api.recipe.vanilla.IJeiIngredientInfoRecipe]
[24May2026 18:05:49.636] [Render thread/DEBUG] [mezz.jei.library.recipes.RecipeManagerInternal/]: Adding recipes: RecipeType[uid=jei:information, recipeClass=interface mezz.jei.api.recipe.vanilla.IJeiIngredientInfoRecipe]
[24May2026 18:05:49.636] [Render thread/DEBUG] [mezz.jei.library.recipes.RecipeManagerInternal/]: Adding recipes: RecipeType[uid=jei:information, recipeClass=interface mezz.jei.api.recipe.vanilla.IJeiIngredientInfoRecipe]
[24May2026 18:05:49.636] [Render thread/DEBUG] [mezz.jei.library.recipes.RecipeManagerInternal/]: Adding recipes: RecipeType[uid=jei:information, recipeClass=interface mezz.jei.api.recipe.vanilla.IJeiIngredientInfoRecipe]
[24May2026 18:05:49.636] [Render thread/DEBUG] [mezz.jei.library.recipes.RecipeManagerInternal/]: Adding recipes: RecipeType[uid=jei:information, recipeClass=interface mezz.jei.api.recipe.vanilla.IJeiIngredientInfoRecipe]
[24May2026 18:05:49.636] [Render thread/DEBUG] [mezz.jei.library.recipes.RecipeManagerInternal/]: Adding recipes: RecipeType[uid=jei:information, recipeClass=interface mezz.jei.api.recipe.vanilla.IJeiIngredientInfoRecipe]
[24May2026 18:05:49.636] [Render thread/DEBUG] [mezz.jei.library.recipes.RecipeManagerInternal/]: Adding recipes: RecipeType[uid=jei:information, recipeClass=interface mezz.jei.api.recipe.vanilla.IJeiIngredientInfoRecipe]
[24May2026 18:05:49.636] [Render thread/DEBUG] [mezz.jei.library.recipes.RecipeManagerInternal/]: Adding recipes: RecipeType[uid=jei:information, recipeClass=interface mezz.jei.api.recipe.vanilla.IJeiIngredientInfoRecipe]
[24May2026 18:05:49.636] [Render thread/DEBUG] [mezz.jei.library.recipes.RecipeManagerInternal/]: Adding recipes: RecipeType[uid=jei:information, recipeClass=interface mezz.jei.api.recipe.vanilla.IJeiIngredientInfoRecipe]
[24May2026 18:05:49.637] [Render thread/DEBUG] [mezz.jei.library.recipes.RecipeManagerInternal/]: Adding recipes: RecipeType[uid=jei:information, recipeClass=interface mezz.jei.api.recipe.vanilla.IJeiIngredientInfoRecipe]
[24May2026 18:05:49.637] [Render thread/DEBUG] [mezz.jei.library.recipes.RecipeManagerInternal/]: Adding recipes: RecipeType[uid=jei:information, recipeClass=interface mezz.jei.api.recipe.vanilla.IJeiIngredientInfoRecipe]
[24May2026 18:05:49.637] [Render thread/DEBUG] [mezz.jei.library.recipes.RecipeManagerInternal/]: Adding recipes: RecipeType[uid=jei:information, recipeClass=interface mezz.jei.api.recipe.vanilla.IJeiIngredientInfoRecipe]
[24May2026 18:05:49.637] [Render thread/DEBUG] [mezz.jei.library.recipes.RecipeManagerInternal/]: Adding recipes: RecipeType[uid=jei:information, recipeClass=interface mezz.jei.api.recipe.vanilla.IJeiIngredientInfoRecipe]
[24May2026 18:05:49.637] [Render thread/DEBUG] [mezz.jei.library.recipes.RecipeManagerInternal/]: Adding recipes: RecipeType[uid=jei:information, recipeClass=interface mezz.jei.api.recipe.vanilla.IJeiIngredientInfoRecipe]
[24May2026 18:05:49.637] [Render thread/DEBUG] [mezz.jei.library.recipes.RecipeManagerInternal/]: Adding recipes: RecipeType[uid=jei:information, recipeClass=interface mezz.jei.api.recipe.vanilla.IJeiIngredientInfoRecipe]
[24May2026 18:05:49.637] [Render thread/DEBUG] [mezz.jei.library.recipes.RecipeManagerInternal/]: Adding recipes: RecipeType[uid=jei:information, recipeClass=interface mezz.jei.api.recipe.vanilla.IJeiIngredientInfoRecipe]
[24May2026 18:05:49.637] [Render thread/DEBUG] [mezz.jei.library.recipes.RecipeManagerInternal/]: Adding recipes: RecipeType[uid=jei:information, recipeClass=interface mezz.jei.api.recipe.vanilla.IJeiIngredientInfoRecipe]
[24May2026 18:05:49.637] [Render thread/DEBUG] [mezz.jei.library.recipes.RecipeManagerInternal/]: Adding recipes: RecipeType[uid=jei:information, recipeClass=interface mezz.jei.api.recipe.vanilla.IJeiIngredientInfoRecipe]
[24May2026 18:05:49.637] [Render thread/DEBUG] [mezz.jei.library.recipes.RecipeManagerInternal/]: Adding recipes: RecipeType[uid=jei:information, recipeClass=interface mezz.jei.api.recipe.vanilla.IJeiIngredientInfoRecipe]
[24May2026 18:05:49.637] [Render thread/DEBUG] [mezz.jei.library.recipes.RecipeManagerInternal/]: Adding recipes: RecipeType[uid=jei:information, recipeClass=interface mezz.jei.api.recipe.vanilla.IJeiIngredientInfoRecipe]
[24May2026 18:05:49.637] [Render thread/DEBUG] [mezz.jei.library.recipes.RecipeManagerInternal/]: Adding recipes: RecipeType[uid=jei:information, recipeClass=interface mezz.jei.api.recipe.vanilla.IJeiIngredientInfoRecipe]
[24May2026 18:05:49.637] [Render thread/DEBUG] [mezz.jei.library.recipes.RecipeManagerInternal/]: Adding recipes: RecipeType[uid=jei:information, recipeClass=interface mezz.jei.api.recipe.vanilla.IJeiIngredientInfoRecipe]
[24May2026 18:05:49.637] [Render thread/DEBUG] [mezz.jei.library.recipes.RecipeManagerInternal/]: Adding recipes: RecipeType[uid=jei:information, recipeClass=interface mezz.jei.api.recipe.vanilla.IJeiIngredientInfoRecipe]
[24May2026 18:05:49.638] [Render thread/DEBUG] [mezz.jei.library.recipes.RecipeManagerInternal/]: Adding recipes: RecipeType[uid=jei:information, recipeClass=interface mezz.jei.api.recipe.vanilla.IJeiIngredientInfoRecipe]
[24May2026 18:05:49.638] [Render thread/DEBUG] [mezz.jei.library.recipes.RecipeManagerInternal/]: Adding recipes: RecipeType[uid=jei:information, recipeClass=interface mezz.jei.api.recipe.vanilla.IJeiIngredientInfoRecipe]
[24May2026 18:05:49.638] [Render thread/DEBUG] [mezz.jei.library.recipes.RecipeManagerInternal/]: Adding recipes: RecipeType[uid=jei:information, recipeClass=interface mezz.jei.api.recipe.vanilla.IJeiIngredientInfoRecipe]
[24May2026 18:05:49.638] [Render thread/DEBUG] [mezz.jei.library.recipes.RecipeManagerInternal/]: Adding recipes: RecipeType[uid=jei:information, recipeClass=interface mezz.jei.api.recipe.vanilla.IJeiIngredientInfoRecipe]
[24May2026 18:05:49.638] [Render thread/DEBUG] [mezz.jei.library.recipes.RecipeManagerInternal/]: Adding recipes: RecipeType[uid=jei:information, recipeClass=interface mezz.jei.api.recipe.vanilla.IJeiIngredientInfoRecipe]
[24May2026 18:05:49.638] [Render thread/DEBUG] [mezz.jei.library.recipes.RecipeManagerInternal/]: Adding recipes: RecipeType[uid=jei:information, recipeClass=interface mezz.jei.api.recipe.vanilla.IJeiIngredientInfoRecipe]
[24May2026 18:05:49.638] [Render thread/DEBUG] [mezz.jei.library.recipes.RecipeManagerInternal/]: Adding recipes: RecipeType[uid=jei:information, recipeClass=interface mezz.jei.api.recipe.vanilla.IJeiIngredientInfoRecipe]
[24May2026 18:05:49.638] [Render thread/DEBUG] [mezz.jei.library.recipes.RecipeManagerInternal/]: Adding recipes: RecipeType[uid=jei:information, recipeClass=interface mezz.jei.api.recipe.vanilla.IJeiIngredientInfoRecipe]
[24May2026 18:05:49.638] [Render thread/DEBUG] [mezz.jei.library.recipes.RecipeManagerInternal/]: Adding recipes: RecipeType[uid=jei:information, recipeClass=interface mezz.jei.api.recipe.vanilla.IJeiIngredientInfoRecipe]
[24May2026 18:05:49.638] [Render thread/DEBUG] [mezz.jei.library.recipes.RecipeManagerInternal/]: Adding recipes: RecipeType[uid=jei:information, recipeClass=interface mezz.jei.api.recipe.vanilla.IJeiIngredientInfoRecipe]
[24May2026 18:05:49.639] [Render thread/DEBUG] [mezz.jei.library.recipes.RecipeManagerInternal/]: Adding recipes: RecipeType[uid=jei:information, recipeClass=interface mezz.jei.api.recipe.vanilla.IJeiIngredientInfoRecipe]
[24May2026 18:05:49.639] [Render thread/DEBUG] [mezz.jei.library.recipes.RecipeManagerInternal/]: Adding recipes: RecipeType[uid=jei:information, recipeClass=interface mezz.jei.api.recipe.vanilla.IJeiIngredientInfoRecipe]
[24May2026 18:05:49.639] [Render thread/DEBUG] [mezz.jei.library.recipes.RecipeManagerInternal/]: Adding recipes: RecipeType[uid=jei:information, recipeClass=interface mezz.jei.api.recipe.vanilla.IJeiIngredientInfoRecipe]
[24May2026 18:05:49.639] [Render thread/DEBUG] [mezz.jei.library.recipes.RecipeManagerInternal/]: Adding recipes: RecipeType[uid=jei:information, recipeClass=interface mezz.jei.api.recipe.vanilla.IJeiIngredientInfoRecipe]
[24May2026 18:05:49.639] [Render thread/DEBUG] [mezz.jei.library.recipes.RecipeManagerInternal/]: Adding recipes: RecipeType[uid=jei:information, recipeClass=interface mezz.jei.api.recipe.vanilla.IJeiIngredientInfoRecipe]
[24May2026 18:05:49.639] [Render thread/DEBUG] [mezz.jei.library.recipes.RecipeManagerInternal/]: Adding recipes: RecipeType[uid=jei:information, recipeClass=interface mezz.jei.api.recipe.vanilla.IJeiIngredientInfoRecipe]
[24May2026 18:05:49.639] [Render thread/DEBUG] [mezz.jei.library.recipes.RecipeManagerInternal/]: Adding recipes: RecipeType[uid=jei:information, recipeClass=interface mezz.jei.api.recipe.vanilla.IJeiIngredientInfoRecipe]
[24May2026 18:05:49.639] [Render thread/DEBUG] [mezz.jei.library.recipes.RecipeManagerInternal/]: Adding recipes: RecipeType[uid=jei:information, recipeClass=interface mezz.jei.api.recipe.vanilla.IJeiIngredientInfoRecipe]
[24May2026 18:05:49.640] [Render thread/DEBUG] [mezz.jei.library.recipes.RecipeManagerInternal/]: Adding recipes: RecipeType[uid=jei:information, recipeClass=interface mezz.jei.api.recipe.vanilla.IJeiIngredientInfoRecipe]
[24May2026 18:05:49.640] [Render thread/DEBUG] [mezz.jei.library.recipes.RecipeManagerInternal/]: Adding recipes: RecipeType[uid=jei:information, recipeClass=interface mezz.jei.api.recipe.vanilla.IJeiIngredientInfoRecipe]
[24May2026 18:05:49.641] [Render thread/DEBUG] [mezz.jei.library.recipes.RecipeManagerInternal/]: Adding recipes: RecipeType[uid=jei:information, recipeClass=interface mezz.jei.api.recipe.vanilla.IJeiIngredientInfoRecipe]
[24May2026 18:05:49.641] [Render thread/DEBUG] [mezz.jei.library.recipes.RecipeManagerInternal/]: Adding recipes: RecipeType[uid=jei:information, recipeClass=interface mezz.jei.api.recipe.vanilla.IJeiIngredientInfoRecipe]
[24May2026 18:05:49.641] [Render thread/DEBUG] [mezz.jei.library.recipes.RecipeManagerInternal/]: Adding recipes: RecipeType[uid=jei:information, recipeClass=interface mezz.jei.api.recipe.vanilla.IJeiIngredientInfoRecipe]
[24May2026 18:05:49.641] [Render thread/DEBUG] [mezz.jei.library.recipes.RecipeManagerInternal/]: Adding recipes: RecipeType[uid=jei:information, recipeClass=interface mezz.jei.api.recipe.vanilla.IJeiIngredientInfoRecipe]
[24May2026 18:05:49.641] [Render thread/DEBUG] [mezz.jei.library.recipes.RecipeManagerInternal/]: Adding recipes: RecipeType[uid=jei:information, recipeClass=interface mezz.jei.api.recipe.vanilla.IJeiIngredientInfoRecipe]
[24May2026 18:05:49.642] [Render thread/DEBUG] [mezz.jei.library.recipes.RecipeManagerInternal/]: Adding recipes: RecipeType[uid=jei:information, recipeClass=interface mezz.jei.api.recipe.vanilla.IJeiIngredientInfoRecipe]
[24May2026 18:05:49.642] [Render thread/DEBUG] [mezz.jei.library.recipes.RecipeManagerInternal/]: Adding recipes: RecipeType[uid=jei:information, recipeClass=interface mezz.jei.api.recipe.vanilla.IJeiIngredientInfoRecipe]
[24May2026 18:05:49.642] [Render thread/DEBUG] [mezz.jei.library.recipes.RecipeManagerInternal/]: Adding recipes: RecipeType[uid=jei:information, recipeClass=interface mezz.jei.api.recipe.vanilla.IJeiIngredientInfoRecipe]
[24May2026 18:05:49.642] [Render thread/DEBUG] [mezz.jei.library.recipes.RecipeManagerInternal/]: Adding recipes: RecipeType[uid=jei:information, recipeClass=interface mezz.jei.api.recipe.vanilla.IJeiIngredientInfoRecipe]
[24May2026 18:05:49.642] [Render thread/DEBUG] [mezz.jei.library.recipes.RecipeManagerInternal/]: Adding recipes: RecipeType[uid=jei:information, recipeClass=interface mezz.jei.api.recipe.vanilla.IJeiIngredientInfoRecipe]
[24May2026 18:05:49.642] [Render thread/DEBUG] [mezz.jei.library.recipes.RecipeManagerInternal/]: Adding recipes: RecipeType[uid=jei:information, recipeClass=interface mezz.jei.api.recipe.vanilla.IJeiIngredientInfoRecipe]
[24May2026 18:05:49.642] [Render thread/DEBUG] [mezz.jei.library.recipes.RecipeManagerInternal/]: Adding recipes: RecipeType[uid=jei:information, recipeClass=interface mezz.jei.api.recipe.vanilla.IJeiIngredientInfoRecipe]
[24May2026 18:05:49.643] [Render thread/DEBUG] [mezz.jei.library.recipes.RecipeManagerInternal/]: Adding recipes: RecipeType[uid=jei:information, recipeClass=interface mezz.jei.api.recipe.vanilla.IJeiIngredientInfoRecipe]
[24May2026 18:05:49.643] [Render thread/DEBUG] [mezz.jei.library.recipes.RecipeManagerInternal/]: Adding recipes: RecipeType[uid=jei:information, recipeClass=interface mezz.jei.api.recipe.vanilla.IJeiIngredientInfoRecipe]
[24May2026 18:05:49.643] [Render thread/DEBUG] [mezz.jei.library.recipes.RecipeManagerInternal/]: Adding recipes: RecipeType[uid=jei:information, recipeClass=interface mezz.jei.api.recipe.vanilla.IJeiIngredientInfoRecipe]
[24May2026 18:05:49.643] [Render thread/DEBUG] [mezz.jei.library.recipes.RecipeManagerInternal/]: Adding recipes: RecipeType[uid=jei:information, recipeClass=interface mezz.jei.api.recipe.vanilla.IJeiIngredientInfoRecipe]
[24May2026 18:05:49.643] [Render thread/DEBUG] [mezz.jei.library.recipes.RecipeManagerInternal/]: Adding recipes: RecipeType[uid=jei:information, recipeClass=interface mezz.jei.api.recipe.vanilla.IJeiIngredientInfoRecipe]
[24May2026 18:05:49.643] [Render thread/DEBUG] [mezz.jei.library.recipes.RecipeManagerInternal/]: Adding recipes: RecipeType[uid=jei:information, recipeClass=interface mezz.jei.api.recipe.vanilla.IJeiIngredientInfoRecipe]
[24May2026 18:05:49.643] [Render thread/DEBUG] [mezz.jei.library.recipes.RecipeManagerInternal/]: Adding recipes: RecipeType[uid=jei:information, recipeClass=interface mezz.jei.api.recipe.vanilla.IJeiIngredientInfoRecipe]
[24May2026 18:05:49.643] [Render thread/DEBUG] [mezz.jei.library.recipes.RecipeManagerInternal/]: Adding recipes: RecipeType[uid=jei:information, recipeClass=interface mezz.jei.api.recipe.vanilla.IJeiIngredientInfoRecipe]
[24May2026 18:05:49.643] [Render thread/DEBUG] [mezz.jei.library.recipes.RecipeManagerInternal/]: Adding recipes: RecipeType[uid=jei:information, recipeClass=interface mezz.jei.api.recipe.vanilla.IJeiIngredientInfoRecipe]
[24May2026 18:05:49.644] [Render thread/DEBUG] [mezz.jei.library.recipes.RecipeManagerInternal/]: Adding recipes: RecipeType[uid=jei:information, recipeClass=interface mezz.jei.api.recipe.vanilla.IJeiIngredientInfoRecipe]
[24May2026 18:05:49.644] [Render thread/DEBUG] [mezz.jei.library.recipes.RecipeManagerInternal/]: Adding recipes: RecipeType[uid=jei:information, recipeClass=interface mezz.jei.api.recipe.vanilla.IJeiIngredientInfoRecipe]
[24May2026 18:05:49.644] [Render thread/DEBUG] [mezz.jei.library.recipes.RecipeManagerInternal/]: Adding recipes: RecipeType[uid=jei:information, recipeClass=interface mezz.jei.api.recipe.vanilla.IJeiIngredientInfoRecipe]
[24May2026 18:05:49.644] [Render thread/DEBUG] [mezz.jei.library.recipes.RecipeManagerInternal/]: Adding recipes: RecipeType[uid=jei:information, recipeClass=interface mezz.jei.api.recipe.vanilla.IJeiIngredientInfoRecipe]
[24May2026 18:05:49.644] [Render thread/DEBUG] [mezz.jei.library.recipes.RecipeManagerInternal/]: Adding recipes: RecipeType[uid=jei:information, recipeClass=interface mezz.jei.api.recipe.vanilla.IJeiIngredientInfoRecipe]
[24May2026 18:05:49.644] [Render thread/DEBUG] [mezz.jei.library.recipes.RecipeManagerInternal/]: Adding recipes: RecipeType[uid=jei:information, recipeClass=interface mezz.jei.api.recipe.vanilla.IJeiIngredientInfoRecipe]
[24May2026 18:05:49.644] [Render thread/DEBUG] [mezz.jei.library.recipes.RecipeManagerInternal/]: Adding recipes: RecipeType[uid=jei:information, recipeClass=interface mezz.jei.api.recipe.vanilla.IJeiIngredientInfoRecipe]
[24May2026 18:05:49.644] [Render thread/DEBUG] [mezz.jei.library.recipes.RecipeManagerInternal/]: Adding recipes: RecipeType[uid=jei:information, recipeClass=interface mezz.jei.api.recipe.vanilla.IJeiIngredientInfoRecipe]
[24May2026 18:05:49.644] [Render thread/DEBUG] [mezz.jei.library.recipes.RecipeManagerInternal/]: Adding recipes: RecipeType[uid=jei:information, recipeClass=interface mezz.jei.api.recipe.vanilla.IJeiIngredientInfoRecipe]
[24May2026 18:05:49.645] [Render thread/DEBUG] [mezz.jei.library.recipes.RecipeManagerInternal/]: Adding recipes: RecipeType[uid=jei:information, recipeClass=interface mezz.jei.api.recipe.vanilla.IJeiIngredientInfoRecipe]
[24May2026 18:05:49.645] [Render thread/DEBUG] [mezz.jei.library.recipes.RecipeManagerInternal/]: Adding recipes: RecipeType[uid=jei:information, recipeClass=interface mezz.jei.api.recipe.vanilla.IJeiIngredientInfoRecipe]
[24May2026 18:05:49.645] [Render thread/DEBUG] [mezz.jei.library.recipes.RecipeManagerInternal/]: Adding recipes: RecipeType[uid=jei:information, recipeClass=interface mezz.jei.api.recipe.vanilla.IJeiIngredientInfoRecipe]
[24May2026 18:05:49.645] [Render thread/DEBUG] [mezz.jei.library.recipes.RecipeManagerInternal/]: Adding recipes: RecipeType[uid=jei:information, recipeClass=interface mezz.jei.api.recipe.vanilla.IJeiIngredientInfoRecipe]
[24May2026 18:05:49.645] [Render thread/DEBUG] [mezz.jei.library.recipes.RecipeManagerInternal/]: Adding recipes: RecipeType[uid=jei:information, recipeClass=interface mezz.jei.api.recipe.vanilla.IJeiIngredientInfoRecipe]
[24May2026 18:05:49.645] [Render thread/DEBUG] [mezz.jei.library.recipes.RecipeManagerInternal/]: Adding recipes: RecipeType[uid=jei:information, recipeClass=interface mezz.jei.api.recipe.vanilla.IJeiIngredientInfoRecipe]
[24May2026 18:05:49.645] [Render thread/DEBUG] [mezz.jei.library.recipes.RecipeManagerInternal/]: Adding recipes: RecipeType[uid=jei:information, recipeClass=interface mezz.jei.api.recipe.vanilla.IJeiIngredientInfoRecipe]
[24May2026 18:05:49.645] [Render thread/DEBUG] [mezz.jei.library.recipes.RecipeManagerInternal/]: Adding recipes: RecipeType[uid=jei:information, recipeClass=interface mezz.jei.api.recipe.vanilla.IJeiIngredientInfoRecipe]
[24May2026 18:05:49.645] [Render thread/DEBUG] [mezz.jei.library.recipes.RecipeManagerInternal/]: Adding recipes: RecipeType[uid=jei:information, recipeClass=interface mezz.jei.api.recipe.vanilla.IJeiIngredientInfoRecipe]
[24May2026 18:05:49.645] [Render thread/DEBUG] [mezz.jei.library.recipes.RecipeManagerInternal/]: Adding recipes: RecipeType[uid=jei:information, recipeClass=interface mezz.jei.api.recipe.vanilla.IJeiIngredientInfoRecipe]
[24May2026 18:05:49.645] [Render thread/DEBUG] [mezz.jei.library.recipes.RecipeManagerInternal/]: Adding recipes: RecipeType[uid=jei:information, recipeClass=interface mezz.jei.api.recipe.vanilla.IJeiIngredientInfoRecipe]
[24May2026 18:05:49.645] [Render thread/DEBUG] [mezz.jei.library.recipes.RecipeManagerInternal/]: Adding recipes: RecipeType[uid=jei:information, recipeClass=interface mezz.jei.api.recipe.vanilla.IJeiIngredientInfoRecipe]
[24May2026 18:05:49.647] [Render thread/DEBUG] [mezz.jei.library.recipes.RecipeManagerInternal/]: Adding recipes: RecipeType[uid=jei:information, recipeClass=interface mezz.jei.api.recipe.vanilla.IJeiIngredientInfoRecipe]
[24May2026 18:05:49.647] [Render thread/DEBUG] [mezz.jei.library.recipes.RecipeManagerInternal/]: Adding recipes: RecipeType[uid=jei:information, recipeClass=interface mezz.jei.api.recipe.vanilla.IJeiIngredientInfoRecipe]
[24May2026 18:05:49.647] [Render thread/DEBUG] [mezz.jei.library.recipes.RecipeManagerInternal/]: Adding recipes: RecipeType[uid=jei:information, recipeClass=interface mezz.jei.api.recipe.vanilla.IJeiIngredientInfoRecipe]
[24May2026 18:05:49.647] [Render thread/DEBUG] [mezz.jei.library.recipes.RecipeManagerInternal/]: Adding recipes: RecipeType[uid=jei:information, recipeClass=interface mezz.jei.api.recipe.vanilla.IJeiIngredientInfoRecipe]
[24May2026 18:05:49.647] [Render thread/DEBUG] [mezz.jei.library.recipes.RecipeManagerInternal/]: Adding recipes: RecipeType[uid=jei:information, recipeClass=interface mezz.jei.api.recipe.vanilla.IJeiIngredientInfoRecipe]
[24May2026 18:05:49.647] [Render thread/DEBUG] [mezz.jei.library.recipes.RecipeManagerInternal/]: Adding recipes: RecipeType[uid=jei:information, recipeClass=interface mezz.jei.api.recipe.vanilla.IJeiIngredientInfoRecipe]
[24May2026 18:05:49.647] [Render thread/DEBUG] [mezz.jei.library.recipes.RecipeManagerInternal/]: Adding recipes: RecipeType[uid=jei:information, recipeClass=interface mezz.jei.api.recipe.vanilla.IJeiIngredientInfoRecipe]
[24May2026 18:05:49.647] [Render thread/DEBUG] [mezz.jei.library.recipes.RecipeManagerInternal/]: Adding recipes: RecipeType[uid=jei:information, recipeClass=interface mezz.jei.api.recipe.vanilla.IJeiIngredientInfoRecipe]
[24May2026 18:05:49.647] [Render thread/DEBUG] [mezz.jei.library.recipes.RecipeManagerInternal/]: Adding recipes: RecipeType[uid=jei:information, recipeClass=interface mezz.jei.api.recipe.vanilla.IJeiIngredientInfoRecipe]
[24May2026 18:05:49.647] [Render thread/DEBUG] [mezz.jei.library.recipes.RecipeManagerInternal/]: Adding recipes: RecipeType[uid=jei:information, recipeClass=interface mezz.jei.api.recipe.vanilla.IJeiIngredientInfoRecipe]
[24May2026 18:05:49.647] [Render thread/DEBUG] [mezz.jei.library.recipes.RecipeManagerInternal/]: Adding recipes: RecipeType[uid=jei:information, recipeClass=interface mezz.jei.api.recipe.vanilla.IJeiIngredientInfoRecipe]
[24May2026 18:05:49.647] [Render thread/DEBUG] [mezz.jei.library.recipes.RecipeManagerInternal/]: Adding recipes: RecipeType[uid=jei:information, recipeClass=interface mezz.jei.api.recipe.vanilla.IJeiIngredientInfoRecipe]
[24May2026 18:05:49.648] [Render thread/DEBUG] [mezz.jei.library.recipes.RecipeManagerInternal/]: Adding recipes: RecipeType[uid=jei:information, recipeClass=interface mezz.jei.api.recipe.vanilla.IJeiIngredientInfoRecipe]
[24May2026 18:05:49.648] [Render thread/DEBUG] [mezz.jei.library.recipes.RecipeManagerInternal/]: Adding recipes: RecipeType[uid=jei:information, recipeClass=interface mezz.jei.api.recipe.vanilla.IJeiIngredientInfoRecipe]
[24May2026 18:05:49.648] [Render thread/DEBUG] [mezz.jei.library.recipes.RecipeManagerInternal/]: Adding recipes: RecipeType[uid=jei:information, recipeClass=interface mezz.jei.api.recipe.vanilla.IJeiIngredientInfoRecipe]
[24May2026 18:05:49.648] [Render thread/DEBUG] [mezz.jei.library.recipes.RecipeManagerInternal/]: Adding recipes: RecipeType[uid=jei:information, recipeClass=interface mezz.jei.api.recipe.vanilla.IJeiIngredientInfoRecipe]
[24May2026 18:05:49.648] [Render thread/DEBUG] [mezz.jei.library.recipes.RecipeManagerInternal/]: Adding recipes: RecipeType[uid=jei:information, recipeClass=interface mezz.jei.api.recipe.vanilla.IJeiIngredientInfoRecipe]
[24May2026 18:05:49.648] [Render thread/DEBUG] [mezz.jei.library.recipes.RecipeManagerInternal/]: Adding recipes: RecipeType[uid=jei:information, recipeClass=interface mezz.jei.api.recipe.vanilla.IJeiIngredientInfoRecipe]
[24May2026 18:05:49.648] [Render thread/DEBUG] [mezz.jei.library.recipes.RecipeManagerInternal/]: Adding recipes: RecipeType[uid=jei:information, recipeClass=interface mezz.jei.api.recipe.vanilla.IJeiIngredientInfoRecipe]
[24May2026 18:05:49.648] [Render thread/DEBUG] [mezz.jei.library.recipes.RecipeManagerInternal/]: Adding recipes: RecipeType[uid=jei:information, recipeClass=interface mezz.jei.api.recipe.vanilla.IJeiIngredientInfoRecipe]
[24May2026 18:05:49.649] [Render thread/DEBUG] [mezz.jei.library.recipes.RecipeManagerInternal/]: Adding recipes: RecipeType[uid=jei:information, recipeClass=interface mezz.jei.api.recipe.vanilla.IJeiIngredientInfoRecipe]
[24May2026 18:05:49.649] [Render thread/DEBUG] [mezz.jei.library.recipes.RecipeManagerInternal/]: Adding recipes: RecipeType[uid=jei:information, recipeClass=interface mezz.jei.api.recipe.vanilla.IJeiIngredientInfoRecipe]
[24May2026 18:05:49.649] [Render thread/DEBUG] [mezz.jei.library.recipes.RecipeManagerInternal/]: Adding recipes: RecipeType[uid=jei:information, recipeClass=interface mezz.jei.api.recipe.vanilla.IJeiIngredientInfoRecipe]
[24May2026 18:05:49.649] [Render thread/DEBUG] [mezz.jei.library.recipes.RecipeManagerInternal/]: Adding recipes: RecipeType[uid=jei:information, recipeClass=interface mezz.jei.api.recipe.vanilla.IJeiIngredientInfoRecipe]
[24May2026 18:05:49.649] [Render thread/DEBUG] [mezz.jei.library.recipes.RecipeManagerInternal/]: Adding recipes: RecipeType[uid=jei:information, recipeClass=interface mezz.jei.api.recipe.vanilla.IJeiIngredientInfoRecipe]
[24May2026 18:05:49.649] [Render thread/DEBUG] [mezz.jei.library.recipes.RecipeManagerInternal/]: Adding recipes: RecipeType[uid=jei:information, recipeClass=interface mezz.jei.api.recipe.vanilla.IJeiIngredientInfoRecipe]
[24May2026 18:05:49.650] [Render thread/DEBUG] [mezz.jei.library.recipes.RecipeManagerInternal/]: Adding recipes: RecipeType[uid=jei:information, recipeClass=interface mezz.jei.api.recipe.vanilla.IJeiIngredientInfoRecipe]
[24May2026 18:05:49.650] [Render thread/DEBUG] [mezz.jei.library.recipes.RecipeManagerInternal/]: Adding recipes: RecipeType[uid=jei:information, recipeClass=interface mezz.jei.api.recipe.vanilla.IJeiIngredientInfoRecipe]
[24May2026 18:05:49.650] [Render thread/DEBUG] [mezz.jei.library.recipes.RecipeManagerInternal/]: Adding recipes: RecipeType[uid=jei:information, recipeClass=interface mezz.jei.api.recipe.vanilla.IJeiIngredientInfoRecipe]
[24May2026 18:05:49.650] [Render thread/DEBUG] [mezz.jei.library.recipes.RecipeManagerInternal/]: Adding recipes: RecipeType[uid=jei:information, recipeClass=interface mezz.jei.api.recipe.vanilla.IJeiIngredientInfoRecipe]
[24May2026 18:05:49.650] [Render thread/DEBUG] [mezz.jei.library.recipes.RecipeManagerInternal/]: Adding recipes: RecipeType[uid=jei:information, recipeClass=interface mezz.jei.api.recipe.vanilla.IJeiIngredientInfoRecipe]
[24May2026 18:05:49.650] [Render thread/DEBUG] [mezz.jei.library.recipes.RecipeManagerInternal/]: Adding recipes: RecipeType[uid=jei:information, recipeClass=interface mezz.jei.api.recipe.vanilla.IJeiIngredientInfoRecipe]
[24May2026 18:05:49.650] [Render thread/DEBUG] [mezz.jei.library.recipes.RecipeManagerInternal/]: Adding recipes: RecipeType[uid=jei:information, recipeClass=interface mezz.jei.api.recipe.vanilla.IJeiIngredientInfoRecipe]
[24May2026 18:05:49.650] [Render thread/DEBUG] [mezz.jei.library.recipes.RecipeManagerInternal/]: Adding recipes: RecipeType[uid=jei:information, recipeClass=interface mezz.jei.api.recipe.vanilla.IJeiIngredientInfoRecipe]
[24May2026 18:05:49.651] [Render thread/DEBUG] [mezz.jei.library.recipes.RecipeManagerInternal/]: Adding recipes: RecipeType[uid=jei:information, recipeClass=interface mezz.jei.api.recipe.vanilla.IJeiIngredientInfoRecipe]
[24May2026 18:05:49.651] [Render thread/DEBUG] [mezz.jei.library.recipes.RecipeManagerInternal/]: Adding recipes: RecipeType[uid=jei:information, recipeClass=interface mezz.jei.api.recipe.vanilla.IJeiIngredientInfoRecipe]
[24May2026 18:05:49.651] [Render thread/DEBUG] [mezz.jei.library.recipes.RecipeManagerInternal/]: Adding recipes: RecipeType[uid=jei:information, recipeClass=interface mezz.jei.api.recipe.vanilla.IJeiIngredientInfoRecipe]
[24May2026 18:05:49.651] [Render thread/DEBUG] [mezz.jei.library.recipes.RecipeManagerInternal/]: Adding recipes: RecipeType[uid=jei:information, recipeClass=interface mezz.jei.api.recipe.vanilla.IJeiIngredientInfoRecipe]
[24May2026 18:05:49.651] [Render thread/DEBUG] [mezz.jei.library.recipes.RecipeManagerInternal/]: Adding recipes: RecipeType[uid=jei:information, recipeClass=interface mezz.jei.api.recipe.vanilla.IJeiIngredientInfoRecipe]
[24May2026 18:05:49.652] [Render thread/DEBUG] [mezz.jei.library.recipes.RecipeManagerInternal/]: Adding recipes: RecipeType[uid=jei:information, recipeClass=interface mezz.jei.api.recipe.vanilla.IJeiIngredientInfoRecipe]
[24May2026 18:05:49.652] [Render thread/DEBUG] [mezz.jei.library.recipes.RecipeManagerInternal/]: Adding recipes: RecipeType[uid=jei:information, recipeClass=interface mezz.jei.api.recipe.vanilla.IJeiIngredientInfoRecipe]
[24May2026 18:05:49.652] [Render thread/DEBUG] [mezz.jei.library.recipes.RecipeManagerInternal/]: Adding recipes: RecipeType[uid=jei:information, recipeClass=interface mezz.jei.api.recipe.vanilla.IJeiIngredientInfoRecipe]
[24May2026 18:05:49.652] [Render thread/DEBUG] [mezz.jei.library.recipes.RecipeManagerInternal/]: Adding recipes: RecipeType[uid=jei:information, recipeClass=interface mezz.jei.api.recipe.vanilla.IJeiIngredientInfoRecipe]
[24May2026 18:05:49.652] [Render thread/DEBUG] [mezz.jei.library.recipes.RecipeManagerInternal/]: Adding recipes: RecipeType[uid=jei:information, recipeClass=interface mezz.jei.api.recipe.vanilla.IJeiIngredientInfoRecipe]
[24May2026 18:05:49.652] [Render thread/DEBUG] [mezz.jei.library.recipes.RecipeManagerInternal/]: Adding recipes: RecipeType[uid=jei:information, recipeClass=interface mezz.jei.api.recipe.vanilla.IJeiIngredientInfoRecipe]
[24May2026 18:05:49.652] [Render thread/DEBUG] [mezz.jei.library.recipes.RecipeManagerInternal/]: Adding recipes: RecipeType[uid=jei:information, recipeClass=interface mezz.jei.api.recipe.vanilla.IJeiIngredientInfoRecipe]
[24May2026 18:05:49.652] [Render thread/DEBUG] [mezz.jei.library.recipes.RecipeManagerInternal/]: Adding recipes: RecipeType[uid=jei:information, recipeClass=interface mezz.jei.api.recipe.vanilla.IJeiIngredientInfoRecipe]
[24May2026 18:05:49.652] [Render thread/DEBUG] [mezz.jei.library.recipes.RecipeManagerInternal/]: Adding recipes: RecipeType[uid=jei:information, recipeClass=interface mezz.jei.api.recipe.vanilla.IJeiIngredientInfoRecipe]
[24May2026 18:05:49.653] [Render thread/DEBUG] [mezz.jei.library.recipes.RecipeManagerInternal/]: Adding recipes: RecipeType[uid=jei:information, recipeClass=interface mezz.jei.api.recipe.vanilla.IJeiIngredientInfoRecipe]
[24May2026 18:05:49.653] [Render thread/DEBUG] [mezz.jei.library.recipes.RecipeManagerInternal/]: Adding recipes: RecipeType[uid=jei:information, recipeClass=interface mezz.jei.api.recipe.vanilla.IJeiIngredientInfoRecipe]
[24May2026 18:05:49.653] [Render thread/DEBUG] [mezz.jei.library.recipes.RecipeManagerInternal/]: Adding recipes: RecipeType[uid=jei:information, recipeClass=interface mezz.jei.api.recipe.vanilla.IJeiIngredientInfoRecipe]
[24May2026 18:05:49.653] [Render thread/DEBUG] [mezz.jei.library.recipes.RecipeManagerInternal/]: Adding recipes: RecipeType[uid=jei:information, recipeClass=interface mezz.jei.api.recipe.vanilla.IJeiIngredientInfoRecipe]
[24May2026 18:05:49.653] [Render thread/DEBUG] [mezz.jei.library.recipes.RecipeManagerInternal/]: Adding recipes: RecipeType[uid=jei:information, recipeClass=interface mezz.jei.api.recipe.vanilla.IJeiIngredientInfoRecipe]
[24May2026 18:05:49.653] [Render thread/DEBUG] [mezz.jei.library.recipes.RecipeManagerInternal/]: Adding recipes: RecipeType[uid=jei:information, recipeClass=interface mezz.jei.api.recipe.vanilla.IJeiIngredientInfoRecipe]
[24May2026 18:05:49.653] [Render thread/DEBUG] [mezz.jei.library.recipes.RecipeManagerInternal/]: Adding recipes: RecipeType[uid=jei:information, recipeClass=interface mezz.jei.api.recipe.vanilla.IJeiIngredientInfoRecipe]
[24May2026 18:05:49.654] [Render thread/DEBUG] [mezz.jei.library.recipes.RecipeManagerInternal/]: Adding recipes: RecipeType[uid=jei:information, recipeClass=interface mezz.jei.api.recipe.vanilla.IJeiIngredientInfoRecipe]
[24May2026 18:05:49.654] [Render thread/DEBUG] [mezz.jei.library.recipes.RecipeManagerInternal/]: Adding recipes: RecipeType[uid=jei:information, recipeClass=interface mezz.jei.api.recipe.vanilla.IJeiIngredientInfoRecipe]
[24May2026 18:05:49.654] [Render thread/DEBUG] [mezz.jei.library.recipes.RecipeManagerInternal/]: Adding recipes: RecipeType[uid=jei:information, recipeClass=interface mezz.jei.api.recipe.vanilla.IJeiIngredientInfoRecipe]
[24May2026 18:05:49.654] [Render thread/DEBUG] [mezz.jei.library.recipes.RecipeManagerInternal/]: Adding recipes: RecipeType[uid=jei:information, recipeClass=interface mezz.jei.api.recipe.vanilla.IJeiIngredientInfoRecipe]
[24May2026 18:05:49.654] [Render thread/DEBUG] [mezz.jei.library.recipes.RecipeManagerInternal/]: Adding recipes: RecipeType[uid=jei:information, recipeClass=interface mezz.jei.api.recipe.vanilla.IJeiIngredientInfoRecipe]
[24May2026 18:05:49.655] [Render thread/DEBUG] [mezz.jei.library.recipes.RecipeManagerInternal/]: Adding recipes: RecipeType[uid=jei:information, recipeClass=interface mezz.jei.api.recipe.vanilla.IJeiIngredientInfoRecipe]
[24May2026 18:05:49.655] [Render thread/DEBUG] [mezz.jei.library.recipes.RecipeManagerInternal/]: Adding recipes: RecipeType[uid=jei:information, recipeClass=interface mezz.jei.api.recipe.vanilla.IJeiIngredientInfoRecipe]
[24May2026 18:05:49.655] [Render thread/DEBUG] [mezz.jei.library.recipes.RecipeManagerInternal/]: Adding recipes: RecipeType[uid=jei:information, recipeClass=interface mezz.jei.api.recipe.vanilla.IJeiIngredientInfoRecipe]
[24May2026 18:05:49.655] [Render thread/DEBUG] [mezz.jei.library.recipes.RecipeManagerInternal/]: Adding recipes: RecipeType[uid=jei:information, recipeClass=interface mezz.jei.api.recipe.vanilla.IJeiIngredientInfoRecipe]
[24May2026 18:05:49.655] [Render thread/DEBUG] [mezz.jei.library.recipes.RecipeManagerInternal/]: Adding recipes: RecipeType[uid=jei:information, recipeClass=interface mezz.jei.api.recipe.vanilla.IJeiIngredientInfoRecipe]
[24May2026 18:05:49.655] [Render thread/DEBUG] [mezz.jei.library.recipes.RecipeManagerInternal/]: Adding recipes: RecipeType[uid=jei:information, recipeClass=interface mezz.jei.api.recipe.vanilla.IJeiIngredientInfoRecipe]
[24May2026 18:05:49.655] [Render thread/DEBUG] [mezz.jei.library.recipes.RecipeManagerInternal/]: Adding recipes: RecipeType[uid=jei:information, recipeClass=interface mezz.jei.api.recipe.vanilla.IJeiIngredientInfoRecipe]
[24May2026 18:05:49.656] [Render thread/DEBUG] [mezz.jei.library.recipes.RecipeManagerInternal/]: Adding recipes: RecipeType[uid=jei:information, recipeClass=interface mezz.jei.api.recipe.vanilla.IJeiIngredientInfoRecipe]
[24May2026 18:05:49.656] [Render thread/DEBUG] [mezz.jei.library.recipes.RecipeManagerInternal/]: Adding recipes: RecipeType[uid=jei:information, recipeClass=interface mezz.jei.api.recipe.vanilla.IJeiIngredientInfoRecipe]
[24May2026 18:05:49.656] [Render thread/DEBUG] [mezz.jei.library.recipes.RecipeManagerInternal/]: Adding recipes: RecipeType[uid=jei:information, recipeClass=interface mezz.jei.api.recipe.vanilla.IJeiIngredientInfoRecipe]
[24May2026 18:05:49.656] [Render thread/DEBUG] [mezz.jei.library.recipes.RecipeManagerInternal/]: Adding recipes: RecipeType[uid=jei:information, recipeClass=interface mezz.jei.api.recipe.vanilla.IJeiIngredientInfoRecipe]
[24May2026 18:05:49.656] [Render thread/DEBUG] [mezz.jei.library.recipes.RecipeManagerInternal/]: Adding recipes: RecipeType[uid=jei:information, recipeClass=interface mezz.jei.api.recipe.vanilla.IJeiIngredientInfoRecipe]
[24May2026 18:05:49.656] [Render thread/DEBUG] [mezz.jei.library.recipes.RecipeManagerInternal/]: Adding recipes: RecipeType[uid=jei:information, recipeClass=interface mezz.jei.api.recipe.vanilla.IJeiIngredientInfoRecipe]
[24May2026 18:05:49.656] [Render thread/DEBUG] [mezz.jei.library.recipes.RecipeManagerInternal/]: Adding recipes: RecipeType[uid=jei:information, recipeClass=interface mezz.jei.api.recipe.vanilla.IJeiIngredientInfoRecipe]
[24May2026 18:05:49.656] [Render thread/DEBUG] [mezz.jei.library.recipes.RecipeManagerInternal/]: Adding recipes: RecipeType[uid=jei:information, recipeClass=interface mezz.jei.api.recipe.vanilla.IJeiIngredientInfoRecipe]
[24May2026 18:05:49.656] [Render thread/DEBUG] [mezz.jei.library.recipes.RecipeManagerInternal/]: Adding recipes: RecipeType[uid=jei:information, recipeClass=interface mezz.jei.api.recipe.vanilla.IJeiIngredientInfoRecipe]
[24May2026 18:05:49.657] [Render thread/DEBUG] [mezz.jei.library.recipes.RecipeManagerInternal/]: Adding recipes: RecipeType[uid=jei:information, recipeClass=interface mezz.jei.api.recipe.vanilla.IJeiIngredientInfoRecipe]
[24May2026 18:05:49.657] [Render thread/DEBUG] [mezz.jei.library.recipes.RecipeManagerInternal/]: Adding recipes: RecipeType[uid=jei:information, recipeClass=interface mezz.jei.api.recipe.vanilla.IJeiIngredientInfoRecipe]
[24May2026 18:05:49.658] [Render thread/DEBUG] [mezz.jei.library.recipes.RecipeManagerInternal/]: Adding recipes: RecipeType[uid=jei:information, recipeClass=interface mezz.jei.api.recipe.vanilla.IJeiIngredientInfoRecipe]
[24May2026 18:05:49.658] [Render thread/DEBUG] [mezz.jei.library.recipes.RecipeManagerInternal/]: Adding recipes: RecipeType[uid=jei:information, recipeClass=interface mezz.jei.api.recipe.vanilla.IJeiIngredientInfoRecipe]
[24May2026 18:05:49.659] [Render thread/DEBUG] [mezz.jei.library.recipes.RecipeManagerInternal/]: Adding recipes: RecipeType[uid=jei:information, recipeClass=interface mezz.jei.api.recipe.vanilla.IJeiIngredientInfoRecipe]
[24May2026 18:05:49.659] [Render thread/DEBUG] [mezz.jei.library.recipes.RecipeManagerInternal/]: Adding recipes: RecipeType[uid=jei:information, recipeClass=interface mezz.jei.api.recipe.vanilla.IJeiIngredientInfoRecipe]
[24May2026 18:05:49.659] [Render thread/DEBUG] [mezz.jei.library.recipes.RecipeManagerInternal/]: Adding recipes: RecipeType[uid=jei:information, recipeClass=interface mezz.jei.api.recipe.vanilla.IJeiIngredientInfoRecipe]
[24May2026 18:05:49.659] [Render thread/DEBUG] [mezz.jei.library.recipes.RecipeManagerInternal/]: Adding recipes: RecipeType[uid=jei:information, recipeClass=interface mezz.jei.api.recipe.vanilla.IJeiIngredientInfoRecipe]
[24May2026 18:05:49.659] [Render thread/DEBUG] [mezz.jei.library.recipes.RecipeManagerInternal/]: Adding recipes: RecipeType[uid=jei:information, recipeClass=interface mezz.jei.api.recipe.vanilla.IJeiIngredientInfoRecipe]
[24May2026 18:05:49.659] [Render thread/DEBUG] [mezz.jei.library.recipes.RecipeManagerInternal/]: Adding recipes: RecipeType[uid=jei:information, recipeClass=interface mezz.jei.api.recipe.vanilla.IJeiIngredientInfoRecipe]
[24May2026 18:05:49.659] [Render thread/DEBUG] [mezz.jei.library.recipes.RecipeManagerInternal/]: Adding recipes: RecipeType[uid=jei:information, recipeClass=interface mezz.jei.api.recipe.vanilla.IJeiIngredientInfoRecipe]
[24May2026 18:05:49.659] [Render thread/DEBUG] [mezz.jei.library.recipes.RecipeManagerInternal/]: Adding recipes: RecipeType[uid=jei:information, recipeClass=interface mezz.jei.api.recipe.vanilla.IJeiIngredientInfoRecipe]
[24May2026 18:05:49.659] [Render thread/DEBUG] [mezz.jei.library.recipes.RecipeManagerInternal/]: Adding recipes: RecipeType[uid=jei:information, recipeClass=interface mezz.jei.api.recipe.vanilla.IJeiIngredientInfoRecipe]
[24May2026 18:05:49.660] [Render thread/DEBUG] [mezz.jei.library.recipes.RecipeManagerInternal/]: Adding recipes: RecipeType[uid=jei:information, recipeClass=interface mezz.jei.api.recipe.vanilla.IJeiIngredientInfoRecipe]
[24May2026 18:05:49.660] [Render thread/DEBUG] [mezz.jei.library.recipes.RecipeManagerInternal/]: Adding recipes: RecipeType[uid=jei:information, recipeClass=interface mezz.jei.api.recipe.vanilla.IJeiIngredientInfoRecipe]
[24May2026 18:05:49.660] [Render thread/DEBUG] [mezz.jei.library.recipes.RecipeManagerInternal/]: Adding recipes: RecipeType[uid=jei:information, recipeClass=interface mezz.jei.api.recipe.vanilla.IJeiIngredientInfoRecipe]
[24May2026 18:05:49.660] [Render thread/DEBUG] [mezz.jei.library.recipes.RecipeManagerInternal/]: Adding recipes: RecipeType[uid=jei:information, recipeClass=interface mezz.jei.api.recipe.vanilla.IJeiIngredientInfoRecipe]
[24May2026 18:05:49.660] [Render thread/DEBUG] [mezz.jei.library.recipes.RecipeManagerInternal/]: Adding recipes: RecipeType[uid=jei:information, recipeClass=interface mezz.jei.api.recipe.vanilla.IJeiIngredientInfoRecipe]
[24May2026 18:05:49.660] [Render thread/DEBUG] [mezz.jei.library.recipes.RecipeManagerInternal/]: Adding recipes: RecipeType[uid=jei:information, recipeClass=interface mezz.jei.api.recipe.vanilla.IJeiIngredientInfoRecipe]
[24May2026 18:05:49.660] [Render thread/DEBUG] [mezz.jei.library.recipes.RecipeManagerInternal/]: Adding recipes: RecipeType[uid=jei:information, recipeClass=interface mezz.jei.api.recipe.vanilla.IJeiIngredientInfoRecipe]
[24May2026 18:05:49.660] [Render thread/DEBUG] [mezz.jei.library.recipes.RecipeManagerInternal/]: Adding recipes: RecipeType[uid=jei:information, recipeClass=interface mezz.jei.api.recipe.vanilla.IJeiIngredientInfoRecipe]
[24May2026 18:05:49.660] [Render thread/DEBUG] [mezz.jei.library.recipes.RecipeManagerInternal/]: Adding recipes: RecipeType[uid=jei:information, recipeClass=interface mezz.jei.api.recipe.vanilla.IJeiIngredientInfoRecipe]
[24May2026 18:05:49.661] [Render thread/DEBUG] [mezz.jei.library.recipes.RecipeManagerInternal/]: Adding recipes: RecipeType[uid=jei:information, recipeClass=interface mezz.jei.api.recipe.vanilla.IJeiIngredientInfoRecipe]
[24May2026 18:05:49.661] [Render thread/DEBUG] [mezz.jei.library.recipes.RecipeManagerInternal/]: Adding recipes: RecipeType[uid=jei:information, recipeClass=interface mezz.jei.api.recipe.vanilla.IJeiIngredientInfoRecipe]
[24May2026 18:05:49.661] [Render thread/DEBUG] [mezz.jei.library.recipes.RecipeManagerInternal/]: Adding recipes: RecipeType[uid=jei:information, recipeClass=interface mezz.jei.api.recipe.vanilla.IJeiIngredientInfoRecipe]
[24May2026 18:05:49.661] [Render thread/DEBUG] [mezz.jei.library.recipes.RecipeManagerInternal/]: Adding recipes: RecipeType[uid=jei:information, recipeClass=interface mezz.jei.api.recipe.vanilla.IJeiIngredientInfoRecipe]
[24May2026 18:05:49.661] [Render thread/DEBUG] [mezz.jei.library.recipes.RecipeManagerInternal/]: Adding recipes: RecipeType[uid=jei:information, recipeClass=interface mezz.jei.api.recipe.vanilla.IJeiIngredientInfoRecipe]
[24May2026 18:05:49.661] [Render thread/DEBUG] [mezz.jei.library.recipes.RecipeManagerInternal/]: Adding recipes: RecipeType[uid=jei:information, recipeClass=interface mezz.jei.api.recipe.vanilla.IJeiIngredientInfoRecipe]
[24May2026 18:05:49.661] [Render thread/DEBUG] [mezz.jei.library.recipes.RecipeManagerInternal/]: Adding recipes: RecipeType[uid=jei:information, recipeClass=interface mezz.jei.api.recipe.vanilla.IJeiIngredientInfoRecipe]
[24May2026 18:05:49.661] [Render thread/DEBUG] [mezz.jei.library.recipes.RecipeManagerInternal/]: Adding recipes: RecipeType[uid=jei:information, recipeClass=interface mezz.jei.api.recipe.vanilla.IJeiIngredientInfoRecipe]
[24May2026 18:05:49.662] [Render thread/DEBUG] [mezz.jei.library.recipes.RecipeManagerInternal/]: Adding recipes: RecipeType[uid=jei:information, recipeClass=interface mezz.jei.api.recipe.vanilla.IJeiIngredientInfoRecipe]
[24May2026 18:05:49.662] [Render thread/DEBUG] [mezz.jei.library.recipes.RecipeManagerInternal/]: Adding recipes: RecipeType[uid=jei:information, recipeClass=interface mezz.jei.api.recipe.vanilla.IJeiIngredientInfoRecipe]
[24May2026 18:05:49.662] [Render thread/DEBUG] [mezz.jei.library.recipes.RecipeManagerInternal/]: Adding recipes: RecipeType[uid=jei:information, recipeClass=interface mezz.jei.api.recipe.vanilla.IJeiIngredientInfoRecipe]
[24May2026 18:05:49.662] [Render thread/DEBUG] [mezz.jei.library.recipes.RecipeManagerInternal/]: Adding recipes: RecipeType[uid=jei:information, recipeClass=interface mezz.jei.api.recipe.vanilla.IJeiIngredientInfoRecipe]
[24May2026 18:05:49.662] [Render thread/DEBUG] [mezz.jei.library.recipes.RecipeManagerInternal/]: Adding recipes: RecipeType[uid=jei:information, recipeClass=interface mezz.jei.api.recipe.vanilla.IJeiIngredientInfoRecipe]
[24May2026 18:05:49.662] [Render thread/DEBUG] [mezz.jei.library.recipes.RecipeManagerInternal/]: Adding recipes: RecipeType[uid=jei:information, recipeClass=interface mezz.jei.api.recipe.vanilla.IJeiIngredientInfoRecipe]
[24May2026 18:05:49.662] [Render thread/DEBUG] [mezz.jei.library.recipes.RecipeManagerInternal/]: Adding recipes: RecipeType[uid=jei:information, recipeClass=interface mezz.jei.api.recipe.vanilla.IJeiIngredientInfoRecipe]
[24May2026 18:05:49.662] [Render thread/DEBUG] [mezz.jei.library.recipes.RecipeManagerInternal/]: Adding recipes: RecipeType[uid=jei:information, recipeClass=interface mezz.jei.api.recipe.vanilla.IJeiIngredientInfoRecipe]
[24May2026 18:05:49.662] [Render thread/DEBUG] [mezz.jei.library.recipes.RecipeManagerInternal/]: Adding recipes: RecipeType[uid=jei:information, recipeClass=interface mezz.jei.api.recipe.vanilla.IJeiIngredientInfoRecipe]
[24May2026 18:05:49.663] [Render thread/DEBUG] [mezz.jei.library.recipes.RecipeManagerInternal/]: Adding recipes: RecipeType[uid=jei:information, recipeClass=interface mezz.jei.api.recipe.vanilla.IJeiIngredientInfoRecipe]
[24May2026 18:05:49.663] [Render thread/DEBUG] [mezz.jei.library.recipes.RecipeManagerInternal/]: Adding recipes: RecipeType[uid=jei:information, recipeClass=interface mezz.jei.api.recipe.vanilla.IJeiIngredientInfoRecipe]
[24May2026 18:05:49.663] [Render thread/DEBUG] [mezz.jei.library.recipes.RecipeManagerInternal/]: Adding recipes: RecipeType[uid=jei:information, recipeClass=interface mezz.jei.api.recipe.vanilla.IJeiIngredientInfoRecipe]
[24May2026 18:05:49.663] [Render thread/DEBUG] [mezz.jei.library.recipes.RecipeManagerInternal/]: Adding recipes: RecipeType[uid=jei:information, recipeClass=interface mezz.jei.api.recipe.vanilla.IJeiIngredientInfoRecipe]
[24May2026 18:05:49.663] [Render thread/DEBUG] [mezz.jei.library.recipes.RecipeManagerInternal/]: Adding recipes: RecipeType[uid=jei:information, recipeClass=interface mezz.jei.api.recipe.vanilla.IJeiIngredientInfoRecipe]
[24May2026 18:05:49.663] [Render thread/DEBUG] [mezz.jei.library.recipes.RecipeManagerInternal/]: Adding recipes: RecipeType[uid=jei:information, recipeClass=interface mezz.jei.api.recipe.vanilla.IJeiIngredientInfoRecipe]
[24May2026 18:05:49.663] [Render thread/DEBUG] [mezz.jei.library.recipes.RecipeManagerInternal/]: Adding recipes: RecipeType[uid=jei:information, recipeClass=interface mezz.jei.api.recipe.vanilla.IJeiIngredientInfoRecipe]
[24May2026 18:05:49.663] [Render thread/DEBUG] [mezz.jei.library.recipes.RecipeManagerInternal/]: Adding recipes: RecipeType[uid=jei:information, recipeClass=interface mezz.jei.api.recipe.vanilla.IJeiIngredientInfoRecipe]
[24May2026 18:05:49.663] [Render thread/DEBUG] [mezz.jei.library.recipes.RecipeManagerInternal/]: Adding recipes: RecipeType[uid=jei:information, recipeClass=interface mezz.jei.api.recipe.vanilla.IJeiIngredientInfoRecipe]
[24May2026 18:05:49.663] [Render thread/DEBUG] [mezz.jei.library.recipes.RecipeManagerInternal/]: Adding recipes: RecipeType[uid=jei:information, recipeClass=interface mezz.jei.api.recipe.vanilla.IJeiIngredientInfoRecipe]
[24May2026 18:05:49.664] [Render thread/DEBUG] [mezz.jei.library.recipes.RecipeManagerInternal/]: Adding recipes: RecipeType[uid=jei:information, recipeClass=interface mezz.jei.api.recipe.vanilla.IJeiIngredientInfoRecipe]
[24May2026 18:05:49.664] [Render thread/DEBUG] [mezz.jei.library.recipes.RecipeManagerInternal/]: Adding recipes: RecipeType[uid=jei:information, recipeClass=interface mezz.jei.api.recipe.vanilla.IJeiIngredientInfoRecipe]
[24May2026 18:05:49.664] [Render thread/DEBUG] [mezz.jei.library.recipes.RecipeManagerInternal/]: Adding recipes: RecipeType[uid=jei:information, recipeClass=interface mezz.jei.api.recipe.vanilla.IJeiIngredientInfoRecipe]
[24May2026 18:05:49.664] [Render thread/DEBUG] [mezz.jei.library.recipes.RecipeManagerInternal/]: Adding recipes: RecipeType[uid=jei:information, recipeClass=interface mezz.jei.api.recipe.vanilla.IJeiIngredientInfoRecipe]
[24May2026 18:05:49.664] [Render thread/DEBUG] [mezz.jei.library.recipes.RecipeManagerInternal/]: Adding recipes: RecipeType[uid=jei:information, recipeClass=interface mezz.jei.api.recipe.vanilla.IJeiIngredientInfoRecipe]
[24May2026 18:05:49.664] [Render thread/DEBUG] [mezz.jei.library.recipes.RecipeManagerInternal/]: Adding recipes: RecipeType[uid=jei:information, recipeClass=interface mezz.jei.api.recipe.vanilla.IJeiIngredientInfoRecipe]
[24May2026 18:05:49.664] [Render thread/DEBUG] [mezz.jei.library.recipes.RecipeManagerInternal/]: Adding recipes: RecipeType[uid=jei:information, recipeClass=interface mezz.jei.api.recipe.vanilla.IJeiIngredientInfoRecipe]
[24May2026 18:05:49.664] [Render thread/DEBUG] [mezz.jei.library.recipes.RecipeManagerInternal/]: Adding recipes: RecipeType[uid=jei:information, recipeClass=interface mezz.jei.api.recipe.vanilla.IJeiIngredientInfoRecipe]
[24May2026 18:05:49.664] [Render thread/DEBUG] [mezz.jei.library.recipes.RecipeManagerInternal/]: Adding recipes: RecipeType[uid=jei:information, recipeClass=interface mezz.jei.api.recipe.vanilla.IJeiIngredientInfoRecipe]
[24May2026 18:05:49.665] [Render thread/DEBUG] [mezz.jei.library.recipes.RecipeManagerInternal/]: Adding recipes: RecipeType[uid=jei:information, recipeClass=interface mezz.jei.api.recipe.vanilla.IJeiIngredientInfoRecipe]
[24May2026 18:05:49.665] [Render thread/DEBUG] [mezz.jei.library.recipes.RecipeManagerInternal/]: Adding recipes: RecipeType[uid=jei:information, recipeClass=interface mezz.jei.api.recipe.vanilla.IJeiIngredientInfoRecipe]
[24May2026 18:05:49.665] [Render thread/DEBUG] [mezz.jei.library.recipes.RecipeManagerInternal/]: Adding recipes: RecipeType[uid=jei:information, recipeClass=interface mezz.jei.api.recipe.vanilla.IJeiIngredientInfoRecipe]
[24May2026 18:05:49.665] [Render thread/DEBUG] [mezz.jei.library.recipes.RecipeManagerInternal/]: Adding recipes: RecipeType[uid=jei:information, recipeClass=interface mezz.jei.api.recipe.vanilla.IJeiIngredientInfoRecipe]
[24May2026 18:05:49.665] [Render thread/DEBUG] [mezz.jei.library.recipes.RecipeManagerInternal/]: Adding recipes: RecipeType[uid=jei:information, recipeClass=interface mezz.jei.api.recipe.vanilla.IJeiIngredientInfoRecipe]
[24May2026 18:05:49.665] [Render thread/DEBUG] [mezz.jei.library.recipes.RecipeManagerInternal/]: Adding recipes: RecipeType[uid=jei:information, recipeClass=interface mezz.jei.api.recipe.vanilla.IJeiIngredientInfoRecipe]
[24May2026 18:05:49.665] [Render thread/DEBUG] [mezz.jei.library.recipes.RecipeManagerInternal/]: Adding recipes: RecipeType[uid=jei:information, recipeClass=interface mezz.jei.api.recipe.vanilla.IJeiIngredientInfoRecipe]
[24May2026 18:05:49.665] [Render thread/DEBUG] [mezz.jei.library.recipes.RecipeManagerInternal/]: Adding recipes: RecipeType[uid=jei:information, recipeClass=interface mezz.jei.api.recipe.vanilla.IJeiIngredientInfoRecipe]
[24May2026 18:05:49.665] [Render thread/DEBUG] [mezz.jei.library.recipes.RecipeManagerInternal/]: Adding recipes: RecipeType[uid=jei:information, recipeClass=interface mezz.jei.api.recipe.vanilla.IJeiIngredientInfoRecipe]
[24May2026 18:05:49.665] [Render thread/DEBUG] [mezz.jei.library.recipes.RecipeManagerInternal/]: Adding recipes: RecipeType[uid=jei:information, recipeClass=interface mezz.jei.api.recipe.vanilla.IJeiIngredientInfoRecipe]
[24May2026 18:05:49.666] [Render thread/DEBUG] [mezz.jei.library.recipes.RecipeManagerInternal/]: Adding recipes: RecipeType[uid=jei:information, recipeClass=interface mezz.jei.api.recipe.vanilla.IJeiIngredientInfoRecipe]
[24May2026 18:05:49.666] [Render thread/DEBUG] [mezz.jei.library.recipes.RecipeManagerInternal/]: Adding recipes: RecipeType[uid=jei:information, recipeClass=interface mezz.jei.api.recipe.vanilla.IJeiIngredientInfoRecipe]
[24May2026 18:05:49.666] [Render thread/DEBUG] [mezz.jei.library.recipes.RecipeManagerInternal/]: Adding recipes: RecipeType[uid=jei:information, recipeClass=interface mezz.jei.api.recipe.vanilla.IJeiIngredientInfoRecipe]
[24May2026 18:05:49.666] [Render thread/DEBUG] [mezz.jei.library.recipes.RecipeManagerInternal/]: Adding recipes: RecipeType[uid=jei:information, recipeClass=interface mezz.jei.api.recipe.vanilla.IJeiIngredientInfoRecipe]
[24May2026 18:05:49.666] [Render thread/DEBUG] [mezz.jei.library.recipes.RecipeManagerInternal/]: Adding recipes: RecipeType[uid=jei:information, recipeClass=interface mezz.jei.api.recipe.vanilla.IJeiIngredientInfoRecipe]
[24May2026 18:05:49.667] [Render thread/DEBUG] [mezz.jei.library.recipes.RecipeManagerInternal/]: Adding recipes: RecipeType[uid=jei:information, recipeClass=interface mezz.jei.api.recipe.vanilla.IJeiIngredientInfoRecipe]
[24May2026 18:05:49.667] [Render thread/DEBUG] [mezz.jei.library.recipes.RecipeManagerInternal/]: Adding recipes: RecipeType[uid=jei:information, recipeClass=interface mezz.jei.api.recipe.vanilla.IJeiIngredientInfoRecipe]
[24May2026 18:05:49.667] [Render thread/DEBUG] [mezz.jei.library.recipes.RecipeManagerInternal/]: Adding recipes: RecipeType[uid=jei:information, recipeClass=interface mezz.jei.api.recipe.vanilla.IJeiIngredientInfoRecipe]
[24May2026 18:05:49.667] [Render thread/DEBUG] [mezz.jei.library.recipes.RecipeManagerInternal/]: Adding recipes: RecipeType[uid=jei:information, recipeClass=interface mezz.jei.api.recipe.vanilla.IJeiIngredientInfoRecipe]
[24May2026 18:05:49.667] [Render thread/DEBUG] [mezz.jei.library.recipes.RecipeManagerInternal/]: Adding recipes: RecipeType[uid=jei:information, recipeClass=interface mezz.jei.api.recipe.vanilla.IJeiIngredientInfoRecipe]
[24May2026 18:05:49.667] [Render thread/DEBUG] [mezz.jei.library.recipes.RecipeManagerInternal/]: Adding recipes: RecipeType[uid=jei:information, recipeClass=interface mezz.jei.api.recipe.vanilla.IJeiIngredientInfoRecipe]
[24May2026 18:05:49.667] [Render thread/DEBUG] [mezz.jei.library.recipes.RecipeManagerInternal/]: Adding recipes: RecipeType[uid=jei:information, recipeClass=interface mezz.jei.api.recipe.vanilla.IJeiIngredientInfoRecipe]
[24May2026 18:05:49.667] [Render thread/DEBUG] [mezz.jei.library.recipes.RecipeManagerInternal/]: Adding recipes: RecipeType[uid=jei:information, recipeClass=interface mezz.jei.api.recipe.vanilla.IJeiIngredientInfoRecipe]
[24May2026 18:05:49.667] [Render thread/DEBUG] [mezz.jei.library.recipes.RecipeManagerInternal/]: Adding recipes: RecipeType[uid=jei:information, recipeClass=interface mezz.jei.api.recipe.vanilla.IJeiIngredientInfoRecipe]
[24May2026 18:05:49.667] [Render thread/DEBUG] [mezz.jei.library.recipes.RecipeManagerInternal/]: Adding recipes: RecipeType[uid=jei:information, recipeClass=interface mezz.jei.api.recipe.vanilla.IJeiIngredientInfoRecipe]
[24May2026 18:05:49.667] [Render thread/DEBUG] [mezz.jei.library.recipes.RecipeManagerInternal/]: Adding recipes: RecipeType[uid=jei:information, recipeClass=interface mezz.jei.api.recipe.vanilla.IJeiIngredientInfoRecipe]
[24May2026 18:05:49.668] [Render thread/DEBUG] [mezz.jei.library.recipes.RecipeManagerInternal/]: Adding recipes: RecipeType[uid=jei:information, recipeClass=interface mezz.jei.api.recipe.vanilla.IJeiIngredientInfoRecipe]
[24May2026 18:05:49.668] [Render thread/DEBUG] [mezz.jei.library.recipes.RecipeManagerInternal/]: Adding recipes: RecipeType[uid=jei:information, recipeClass=interface mezz.jei.api.recipe.vanilla.IJeiIngredientInfoRecipe]
[24May2026 18:05:49.668] [Render thread/DEBUG] [mezz.jei.library.recipes.RecipeManagerInternal/]: Adding recipes: RecipeType[uid=jei:information, recipeClass=interface mezz.jei.api.recipe.vanilla.IJeiIngredientInfoRecipe]
[24May2026 18:05:49.668] [Render thread/DEBUG] [mezz.jei.library.recipes.RecipeManagerInternal/]: Adding recipes: RecipeType[uid=jei:information, recipeClass=interface mezz.jei.api.recipe.vanilla.IJeiIngredientInfoRecipe]
[24May2026 18:05:49.668] [Render thread/DEBUG] [mezz.jei.library.recipes.RecipeManagerInternal/]: Adding recipes: RecipeType[uid=jei:information, recipeClass=interface mezz.jei.api.recipe.vanilla.IJeiIngredientInfoRecipe]
[24May2026 18:05:49.669] [Render thread/DEBUG] [mezz.jei.library.recipes.RecipeManagerInternal/]: Adding recipes: RecipeType[uid=jei:information, recipeClass=interface mezz.jei.api.recipe.vanilla.IJeiIngredientInfoRecipe]
[24May2026 18:05:49.669] [Render thread/DEBUG] [mezz.jei.library.recipes.RecipeManagerInternal/]: Adding recipes: RecipeType[uid=jei:information, recipeClass=interface mezz.jei.api.recipe.vanilla.IJeiIngredientInfoRecipe]
[24May2026 18:05:49.669] [Render thread/DEBUG] [mezz.jei.library.recipes.RecipeManagerInternal/]: Adding recipes: RecipeType[uid=jei:information, recipeClass=interface mezz.jei.api.recipe.vanilla.IJeiIngredientInfoRecipe]
[24May2026 18:05:49.669] [Render thread/DEBUG] [mezz.jei.library.recipes.RecipeManagerInternal/]: Adding recipes: RecipeType[uid=jei:information, recipeClass=interface mezz.jei.api.recipe.vanilla.IJeiIngredientInfoRecipe]
[24May2026 18:05:49.669] [Render thread/DEBUG] [mezz.jei.library.recipes.RecipeManagerInternal/]: Adding recipes: RecipeType[uid=jei:information, recipeClass=interface mezz.jei.api.recipe.vanilla.IJeiIngredientInfoRecipe]
[24May2026 18:05:49.669] [Render thread/DEBUG] [mezz.jei.library.recipes.RecipeManagerInternal/]: Adding recipes: RecipeType[uid=jei:information, recipeClass=interface mezz.jei.api.recipe.vanilla.IJeiIngredientInfoRecipe]
[24May2026 18:05:49.669] [Render thread/DEBUG] [mezz.jei.library.recipes.RecipeManagerInternal/]: Adding recipes: RecipeType[uid=jei:information, recipeClass=interface mezz.jei.api.recipe.vanilla.IJeiIngredientInfoRecipe]
[24May2026 18:05:49.669] [Render thread/DEBUG] [mezz.jei.library.recipes.RecipeManagerInternal/]: Adding recipes: RecipeType[uid=jei:information, recipeClass=interface mezz.jei.api.recipe.vanilla.IJeiIngredientInfoRecipe]
[24May2026 18:05:49.670] [Render thread/DEBUG] [mezz.jei.library.recipes.RecipeManagerInternal/]: Adding recipes: RecipeType[uid=jei:information, recipeClass=interface mezz.jei.api.recipe.vanilla.IJeiIngredientInfoRecipe]
[24May2026 18:05:49.670] [Render thread/DEBUG] [mezz.jei.library.recipes.RecipeManagerInternal/]: Adding recipes: RecipeType[uid=jei:information, recipeClass=interface mezz.jei.api.recipe.vanilla.IJeiIngredientInfoRecipe]
[24May2026 18:05:49.670] [Render thread/DEBUG] [mezz.jei.library.recipes.RecipeManagerInternal/]: Adding recipes: RecipeType[uid=jei:information, recipeClass=interface mezz.jei.api.recipe.vanilla.IJeiIngredientInfoRecipe]
[24May2026 18:05:49.670] [Render thread/DEBUG] [mezz.jei.library.recipes.RecipeManagerInternal/]: Adding recipes: RecipeType[uid=jei:information, recipeClass=interface mezz.jei.api.recipe.vanilla.IJeiIngredientInfoRecipe]
[24May2026 18:05:49.670] [Render thread/DEBUG] [mezz.jei.library.recipes.RecipeManagerInternal/]: Adding recipes: RecipeType[uid=jei:information, recipeClass=interface mezz.jei.api.recipe.vanilla.IJeiIngredientInfoRecipe]
[24May2026 18:05:49.670] [Render thread/DEBUG] [mezz.jei.library.recipes.RecipeManagerInternal/]: Adding recipes: RecipeType[uid=jei:information, recipeClass=interface mezz.jei.api.recipe.vanilla.IJeiIngredientInfoRecipe]
[24May2026 18:05:49.670] [Render thread/DEBUG] [mezz.jei.library.recipes.RecipeManagerInternal/]: Adding recipes: RecipeType[uid=jei:information, recipeClass=interface mezz.jei.api.recipe.vanilla.IJeiIngredientInfoRecipe]
[24May2026 18:05:49.670] [Render thread/DEBUG] [mezz.jei.library.recipes.RecipeManagerInternal/]: Adding recipes: RecipeType[uid=jei:information, recipeClass=interface mezz.jei.api.recipe.vanilla.IJeiIngredientInfoRecipe]
[24May2026 18:05:49.671] [Render thread/DEBUG] [mezz.jei.library.recipes.RecipeManagerInternal/]: Adding recipes: RecipeType[uid=jei:information, recipeClass=interface mezz.jei.api.recipe.vanilla.IJeiIngredientInfoRecipe]
[24May2026 18:05:49.671] [Render thread/DEBUG] [mezz.jei.library.recipes.RecipeManagerInternal/]: Adding recipes: RecipeType[uid=jei:information, recipeClass=interface mezz.jei.api.recipe.vanilla.IJeiIngredientInfoRecipe]
[24May2026 18:05:49.671] [Render thread/DEBUG] [mezz.jei.library.recipes.RecipeManagerInternal/]: Adding recipes: RecipeType[uid=jei:information, recipeClass=interface mezz.jei.api.recipe.vanilla.IJeiIngredientInfoRecipe]
[24May2026 18:05:49.671] [Render thread/DEBUG] [mezz.jei.library.recipes.RecipeManagerInternal/]: Adding recipes: RecipeType[uid=jei:information, recipeClass=interface mezz.jei.api.recipe.vanilla.IJeiIngredientInfoRecipe]
[24May2026 18:05:49.671] [Render thread/DEBUG] [mezz.jei.library.recipes.RecipeManagerInternal/]: Adding recipes: RecipeType[uid=jei:information, recipeClass=interface mezz.jei.api.recipe.vanilla.IJeiIngredientInfoRecipe]
[24May2026 18:05:49.671] [Render thread/DEBUG] [mezz.jei.library.recipes.RecipeManagerInternal/]: Adding recipes: RecipeType[uid=jei:information, recipeClass=interface mezz.jei.api.recipe.vanilla.IJeiIngredientInfoRecipe]
[24May2026 18:05:49.672] [Render thread/DEBUG] [mezz.jei.library.recipes.RecipeManagerInternal/]: Adding recipes: RecipeType[uid=jei:information, recipeClass=interface mezz.jei.api.recipe.vanilla.IJeiIngredientInfoRecipe]
[24May2026 18:05:49.672] [Render thread/DEBUG] [mezz.jei.library.recipes.RecipeManagerInternal/]: Adding recipes: RecipeType[uid=jei:information, recipeClass=interface mezz.jei.api.recipe.vanilla.IJeiIngredientInfoRecipe]
[24May2026 18:05:49.673] [Render thread/DEBUG] [mezz.jei.library.recipes.RecipeManagerInternal/]: Adding recipes: RecipeType[uid=jei:information, recipeClass=interface mezz.jei.api.recipe.vanilla.IJeiIngredientInfoRecipe]
[24May2026 18:05:49.673] [Render thread/DEBUG] [mezz.jei.library.recipes.RecipeManagerInternal/]: Adding recipes: RecipeType[uid=jei:information, recipeClass=interface mezz.jei.api.recipe.vanilla.IJeiIngredientInfoRecipe]
[24May2026 18:05:49.673] [Render thread/DEBUG] [mezz.jei.library.recipes.RecipeManagerInternal/]: Adding recipes: RecipeType[uid=jei:information, recipeClass=interface mezz.jei.api.recipe.vanilla.IJeiIngredientInfoRecipe]
[24May2026 18:05:49.673] [Render thread/DEBUG] [mezz.jei.library.recipes.RecipeManagerInternal/]: Adding recipes: RecipeType[uid=jei:information, recipeClass=interface mezz.jei.api.recipe.vanilla.IJeiIngredientInfoRecipe]
[24May2026 18:05:49.673] [Render thread/DEBUG] [mezz.jei.library.recipes.RecipeManagerInternal/]: Adding recipes: RecipeType[uid=jei:information, recipeClass=interface mezz.jei.api.recipe.vanilla.IJeiIngredientInfoRecipe]
[24May2026 18:05:49.673] [Render thread/DEBUG] [mezz.jei.library.recipes.RecipeManagerInternal/]: Adding recipes: RecipeType[uid=jei:information, recipeClass=interface mezz.jei.api.recipe.vanilla.IJeiIngredientInfoRecipe]
[24May2026 18:05:49.674] [Render thread/DEBUG] [mezz.jei.library.recipes.RecipeManagerInternal/]: Adding recipes: RecipeType[uid=jei:information, recipeClass=interface mezz.jei.api.recipe.vanilla.IJeiIngredientInfoRecipe]
[24May2026 18:05:49.674] [Render thread/DEBUG] [mezz.jei.library.recipes.RecipeManagerInternal/]: Adding recipes: RecipeType[uid=jei:information, recipeClass=interface mezz.jei.api.recipe.vanilla.IJeiIngredientInfoRecipe]
[24May2026 18:05:49.674] [Render thread/DEBUG] [mezz.jei.library.recipes.RecipeManagerInternal/]: Adding recipes: RecipeType[uid=jei:information, recipeClass=interface mezz.jei.api.recipe.vanilla.IJeiIngredientInfoRecipe]
[24May2026 18:05:49.674] [Render thread/DEBUG] [mezz.jei.library.recipes.RecipeManagerInternal/]: Adding recipes: RecipeType[uid=jei:information, recipeClass=interface mezz.jei.api.recipe.vanilla.IJeiIngredientInfoRecipe]
[24May2026 18:05:49.674] [Render thread/DEBUG] [mezz.jei.library.recipes.RecipeManagerInternal/]: Adding recipes: RecipeType[uid=jei:information, recipeClass=interface mezz.jei.api.recipe.vanilla.IJeiIngredientInfoRecipe]
[24May2026 18:05:49.674] [Render thread/DEBUG] [mezz.jei.library.recipes.RecipeManagerInternal/]: Adding recipes: RecipeType[uid=jei:information, recipeClass=interface mezz.jei.api.recipe.vanilla.IJeiIngredientInfoRecipe]
[24May2026 18:05:49.674] [Render thread/DEBUG] [mezz.jei.library.recipes.RecipeManagerInternal/]: Adding recipes: RecipeType[uid=jei:information, recipeClass=interface mezz.jei.api.recipe.vanilla.IJeiIngredientInfoRecipe]
[24May2026 18:05:49.675] [Render thread/DEBUG] [mezz.jei.library.recipes.RecipeManagerInternal/]: Adding recipes: RecipeType[uid=jei:information, recipeClass=interface mezz.jei.api.recipe.vanilla.IJeiIngredientInfoRecipe]
[24May2026 18:05:49.675] [Render thread/DEBUG] [mezz.jei.library.recipes.RecipeManagerInternal/]: Adding recipes: RecipeType[uid=jei:information, recipeClass=interface mezz.jei.api.recipe.vanilla.IJeiIngredientInfoRecipe]
[24May2026 18:05:49.675] [Render thread/DEBUG] [mezz.jei.library.recipes.RecipeManagerInternal/]: Adding recipes: RecipeType[uid=jei:information, recipeClass=interface mezz.jei.api.recipe.vanilla.IJeiIngredientInfoRecipe]
[24May2026 18:05:49.675] [Render thread/DEBUG] [mezz.jei.library.recipes.RecipeManagerInternal/]: Adding recipes: RecipeType[uid=jei:information, recipeClass=interface mezz.jei.api.recipe.vanilla.IJeiIngredientInfoRecipe]
[24May2026 18:05:49.675] [Render thread/DEBUG] [mezz.jei.library.recipes.RecipeManagerInternal/]: Adding recipes: RecipeType[uid=jei:information, recipeClass=interface mezz.jei.api.recipe.vanilla.IJeiIngredientInfoRecipe]
[24May2026 18:05:49.675] [Render thread/DEBUG] [mezz.jei.library.recipes.RecipeManagerInternal/]: Adding recipes: RecipeType[uid=jei:information, recipeClass=interface mezz.jei.api.recipe.vanilla.IJeiIngredientInfoRecipe]
[24May2026 18:05:49.676] [Render thread/DEBUG] [mezz.jei.library.recipes.RecipeManagerInternal/]: Adding recipes: RecipeType[uid=jei:information, recipeClass=interface mezz.jei.api.recipe.vanilla.IJeiIngredientInfoRecipe]
[24May2026 18:05:49.676] [Render thread/DEBUG] [mezz.jei.library.recipes.RecipeManagerInternal/]: Adding recipes: RecipeType[uid=jei:information, recipeClass=interface mezz.jei.api.recipe.vanilla.IJeiIngredientInfoRecipe]
[24May2026 18:05:49.676] [Render thread/DEBUG] [mezz.jei.library.recipes.RecipeManagerInternal/]: Adding recipes: RecipeType[uid=jei:information, recipeClass=interface mezz.jei.api.recipe.vanilla.IJeiIngredientInfoRecipe]
[24May2026 18:05:49.676] [Render thread/DEBUG] [mezz.jei.library.recipes.RecipeManagerInternal/]: Adding recipes: RecipeType[uid=jei:information, recipeClass=interface mezz.jei.api.recipe.vanilla.IJeiIngredientInfoRecipe]
[24May2026 18:05:49.676] [Render thread/DEBUG] [mezz.jei.library.recipes.RecipeManagerInternal/]: Adding recipes: RecipeType[uid=jei:information, recipeClass=interface mezz.jei.api.recipe.vanilla.IJeiIngredientInfoRecipe]
[24May2026 18:05:49.677] [Render thread/DEBUG] [mezz.jei.library.recipes.RecipeManagerInternal/]: Adding recipes: RecipeType[uid=jei:information, recipeClass=interface mezz.jei.api.recipe.vanilla.IJeiIngredientInfoRecipe]
[24May2026 18:05:49.677] [Render thread/DEBUG] [mezz.jei.library.recipes.RecipeManagerInternal/]: Adding recipes: RecipeType[uid=jei:information, recipeClass=interface mezz.jei.api.recipe.vanilla.IJeiIngredientInfoRecipe]
[24May2026 18:05:49.677] [Render thread/DEBUG] [mezz.jei.library.recipes.RecipeManagerInternal/]: Adding recipes: RecipeType[uid=jei:information, recipeClass=interface mezz.jei.api.recipe.vanilla.IJeiIngredientInfoRecipe]
[24May2026 18:05:49.677] [Render thread/DEBUG] [mezz.jei.library.recipes.RecipeManagerInternal/]: Adding recipes: RecipeType[uid=jei:information, recipeClass=interface mezz.jei.api.recipe.vanilla.IJeiIngredientInfoRecipe]
[24May2026 18:05:49.677] [Render thread/DEBUG] [mezz.jei.library.recipes.RecipeManagerInternal/]: Adding recipes: RecipeType[uid=jei:information, recipeClass=interface mezz.jei.api.recipe.vanilla.IJeiIngredientInfoRecipe]
[24May2026 18:05:49.678] [Render thread/DEBUG] [mezz.jei.library.recipes.RecipeManagerInternal/]: Adding recipes: RecipeType[uid=jei:information, recipeClass=interface mezz.jei.api.recipe.vanilla.IJeiIngredientInfoRecipe]
[24May2026 18:05:49.678] [Render thread/DEBUG] [mezz.jei.library.recipes.RecipeManagerInternal/]: Adding recipes: RecipeType[uid=jei:information, recipeClass=interface mezz.jei.api.recipe.vanilla.IJeiIngredientInfoRecipe]
[24May2026 18:05:49.678] [Render thread/DEBUG] [mezz.jei.library.recipes.RecipeManagerInternal/]: Adding recipes: RecipeType[uid=jei:information, recipeClass=interface mezz.jei.api.recipe.vanilla.IJeiIngredientInfoRecipe]
[24May2026 18:05:49.679] [Render thread/DEBUG] [mezz.jei.library.recipes.RecipeManagerInternal/]: Adding recipes: RecipeType[uid=jei:information, recipeClass=interface mezz.jei.api.recipe.vanilla.IJeiIngredientInfoRecipe]
[24May2026 18:05:49.679] [Render thread/DEBUG] [mezz.jei.library.recipes.RecipeManagerInternal/]: Adding recipes: RecipeType[uid=jei:information, recipeClass=interface mezz.jei.api.recipe.vanilla.IJeiIngredientInfoRecipe]
[24May2026 18:05:49.679] [Render thread/DEBUG] [mezz.jei.library.recipes.RecipeManagerInternal/]: Adding recipes: RecipeType[uid=jei:information, recipeClass=interface mezz.jei.api.recipe.vanilla.IJeiIngredientInfoRecipe]
[24May2026 18:05:49.679] [Render thread/DEBUG] [mezz.jei.library.recipes.RecipeManagerInternal/]: Adding recipes: RecipeType[uid=jei:information, recipeClass=interface mezz.jei.api.recipe.vanilla.IJeiIngredientInfoRecipe]
[24May2026 18:05:49.679] [Render thread/DEBUG] [mezz.jei.library.recipes.RecipeManagerInternal/]: Adding recipes: RecipeType[uid=jei:information, recipeClass=interface mezz.jei.api.recipe.vanilla.IJeiIngredientInfoRecipe]
[24May2026 18:05:49.679] [Render thread/DEBUG] [mezz.jei.library.recipes.RecipeManagerInternal/]: Adding recipes: RecipeType[uid=jei:information, recipeClass=interface mezz.jei.api.recipe.vanilla.IJeiIngredientInfoRecipe]
[24May2026 18:05:49.679] [Render thread/DEBUG] [mezz.jei.library.recipes.RecipeManagerInternal/]: Adding recipes: RecipeType[uid=jei:information, recipeClass=interface mezz.jei.api.recipe.vanilla.IJeiIngredientInfoRecipe]
[24May2026 18:05:49.679] [Render thread/DEBUG] [mezz.jei.library.recipes.RecipeManagerInternal/]: Adding recipes: RecipeType[uid=jei:information, recipeClass=interface mezz.jei.api.recipe.vanilla.IJeiIngredientInfoRecipe]
[24May2026 18:05:49.680] [Render thread/DEBUG] [mezz.jei.library.recipes.RecipeManagerInternal/]: Adding recipes: RecipeType[uid=jei:information, recipeClass=interface mezz.jei.api.recipe.vanilla.IJeiIngredientInfoRecipe]
[24May2026 18:05:49.680] [Render thread/DEBUG] [mezz.jei.library.recipes.RecipeManagerInternal/]: Adding recipes: RecipeType[uid=jei:information, recipeClass=interface mezz.jei.api.recipe.vanilla.IJeiIngredientInfoRecipe]
[24May2026 18:05:49.680] [Render thread/DEBUG] [mezz.jei.library.recipes.RecipeManagerInternal/]: Adding recipes: RecipeType[uid=jei:information, recipeClass=interface mezz.jei.api.recipe.vanilla.IJeiIngredientInfoRecipe]
[24May2026 18:05:49.680] [Render thread/DEBUG] [mezz.jei.library.recipes.RecipeManagerInternal/]: Adding recipes: RecipeType[uid=jei:information, recipeClass=interface mezz.jei.api.recipe.vanilla.IJeiIngredientInfoRecipe]
[24May2026 18:05:49.680] [Render thread/DEBUG] [mezz.jei.library.recipes.RecipeManagerInternal/]: Adding recipes: RecipeType[uid=jei:information, recipeClass=interface mezz.jei.api.recipe.vanilla.IJeiIngredientInfoRecipe]
[24May2026 18:05:49.680] [Render thread/DEBUG] [mezz.jei.library.recipes.RecipeManagerInternal/]: Adding recipes: RecipeType[uid=jei:information, recipeClass=interface mezz.jei.api.recipe.vanilla.IJeiIngredientInfoRecipe]
[24May2026 18:05:49.680] [Render thread/DEBUG] [mezz.jei.library.recipes.RecipeManagerInternal/]: Adding recipes: RecipeType[uid=jei:information, recipeClass=interface mezz.jei.api.recipe.vanilla.IJeiIngredientInfoRecipe]
[24May2026 18:05:49.680] [Render thread/DEBUG] [mezz.jei.library.recipes.RecipeManagerInternal/]: Adding recipes: RecipeType[uid=jei:information, recipeClass=interface mezz.jei.api.recipe.vanilla.IJeiIngredientInfoRecipe]
[24May2026 18:05:49.681] [Render thread/DEBUG] [mezz.jei.library.recipes.RecipeManagerInternal/]: Adding recipes: RecipeType[uid=jei:information, recipeClass=interface mezz.jei.api.recipe.vanilla.IJeiIngredientInfoRecipe]
[24May2026 18:05:49.681] [Render thread/DEBUG] [mezz.jei.library.recipes.RecipeManagerInternal/]: Adding recipes: RecipeType[uid=jei:information, recipeClass=interface mezz.jei.api.recipe.vanilla.IJeiIngredientInfoRecipe]
[24May2026 18:05:49.681] [Render thread/DEBUG] [mezz.jei.library.recipes.RecipeManagerInternal/]: Adding recipes: RecipeType[uid=jei:information, recipeClass=interface mezz.jei.api.recipe.vanilla.IJeiIngredientInfoRecipe]
[24May2026 18:05:49.681] [Render thread/DEBUG] [mezz.jei.library.recipes.RecipeManagerInternal/]: Adding recipes: RecipeType[uid=jei:information, recipeClass=interface mezz.jei.api.recipe.vanilla.IJeiIngredientInfoRecipe]
[24May2026 18:05:49.681] [Render thread/DEBUG] [mezz.jei.library.recipes.RecipeManagerInternal/]: Adding recipes: RecipeType[uid=jei:information, recipeClass=interface mezz.jei.api.recipe.vanilla.IJeiIngredientInfoRecipe]
[24May2026 18:05:49.681] [Render thread/DEBUG] [mezz.jei.library.recipes.RecipeManagerInternal/]: Adding recipes: RecipeType[uid=jei:information, recipeClass=interface mezz.jei.api.recipe.vanilla.IJeiIngredientInfoRecipe]
[24May2026 18:05:49.681] [Render thread/DEBUG] [mezz.jei.library.recipes.RecipeManagerInternal/]: Adding recipes: RecipeType[uid=jei:information, recipeClass=interface mezz.jei.api.recipe.vanilla.IJeiIngredientInfoRecipe]
[24May2026 18:05:49.681] [Render thread/DEBUG] [mezz.jei.library.recipes.RecipeManagerInternal/]: Adding recipes: RecipeType[uid=jei:information, recipeClass=interface mezz.jei.api.recipe.vanilla.IJeiIngredientInfoRecipe]
[24May2026 18:05:49.682] [Render thread/DEBUG] [mezz.jei.library.recipes.RecipeManagerInternal/]: Adding recipes: RecipeType[uid=jei:information, recipeClass=interface mezz.jei.api.recipe.vanilla.IJeiIngredientInfoRecipe]
[24May2026 18:05:49.682] [Render thread/DEBUG] [mezz.jei.library.recipes.RecipeManagerInternal/]: Adding recipes: RecipeType[uid=jei:information, recipeClass=interface mezz.jei.api.recipe.vanilla.IJeiIngredientInfoRecipe]
[24May2026 18:05:49.682] [Render thread/DEBUG] [mezz.jei.library.recipes.RecipeManagerInternal/]: Adding recipes: RecipeType[uid=jei:information, recipeClass=interface mezz.jei.api.recipe.vanilla.IJeiIngredientInfoRecipe]
[24May2026 18:05:49.682] [Render thread/DEBUG] [mezz.jei.library.recipes.RecipeManagerInternal/]: Adding recipes: RecipeType[uid=jei:information, recipeClass=interface mezz.jei.api.recipe.vanilla.IJeiIngredientInfoRecipe]
[24May2026 18:05:49.682] [Render thread/DEBUG] [mezz.jei.library.recipes.RecipeManagerInternal/]: Adding recipes: RecipeType[uid=jei:information, recipeClass=interface mezz.jei.api.recipe.vanilla.IJeiIngredientInfoRecipe]
[24May2026 18:05:49.682] [Render thread/DEBUG] [mezz.jei.library.recipes.RecipeManagerInternal/]: Adding recipes: RecipeType[uid=jei:information, recipeClass=interface mezz.jei.api.recipe.vanilla.IJeiIngredientInfoRecipe]
[24May2026 18:05:49.682] [Render thread/DEBUG] [mezz.jei.library.recipes.RecipeManagerInternal/]: Adding recipes: RecipeType[uid=jei:information, recipeClass=interface mezz.jei.api.recipe.vanilla.IJeiIngredientInfoRecipe]
[24May2026 18:05:49.682] [Render thread/DEBUG] [mezz.jei.library.recipes.RecipeManagerInternal/]: Adding recipes: RecipeType[uid=jei:information, recipeClass=interface mezz.jei.api.recipe.vanilla.IJeiIngredientInfoRecipe]
[24May2026 18:05:49.684] [Render thread/DEBUG] [mezz.jei.library.recipes.RecipeManagerInternal/]: Adding recipes: RecipeType[uid=jei:information, recipeClass=interface mezz.jei.api.recipe.vanilla.IJeiIngredientInfoRecipe]
[24May2026 18:05:49.684] [Render thread/DEBUG] [mezz.jei.library.recipes.RecipeManagerInternal/]: Adding recipes: RecipeType[uid=jei:information, recipeClass=interface mezz.jei.api.recipe.vanilla.IJeiIngredientInfoRecipe]
[24May2026 18:05:49.684] [Render thread/DEBUG] [mezz.jei.library.recipes.RecipeManagerInternal/]: Adding recipes: RecipeType[uid=jei:information, recipeClass=interface mezz.jei.api.recipe.vanilla.IJeiIngredientInfoRecipe]
[24May2026 18:05:49.684] [Render thread/DEBUG] [mezz.jei.library.recipes.RecipeManagerInternal/]: Adding recipes: RecipeType[uid=jei:information, recipeClass=interface mezz.jei.api.recipe.vanilla.IJeiIngredientInfoRecipe]
[24May2026 18:05:49.685] [Render thread/DEBUG] [mezz.jei.library.recipes.RecipeManagerInternal/]: Adding recipes: RecipeType[uid=jei:information, recipeClass=interface mezz.jei.api.recipe.vanilla.IJeiIngredientInfoRecipe]
[24May2026 18:05:49.685] [Render thread/DEBUG] [mezz.jei.library.recipes.RecipeManagerInternal/]: Adding recipes: RecipeType[uid=jei:information, recipeClass=interface mezz.jei.api.recipe.vanilla.IJeiIngredientInfoRecipe]
[24May2026 18:05:49.685] [Render thread/DEBUG] [mezz.jei.library.recipes.RecipeManagerInternal/]: Adding recipes: RecipeType[uid=jei:information, recipeClass=interface mezz.jei.api.recipe.vanilla.IJeiIngredientInfoRecipe]
[24May2026 18:05:49.685] [Render thread/DEBUG] [mezz.jei.library.recipes.RecipeManagerInternal/]: Adding recipes: RecipeType[uid=jei:information, recipeClass=interface mezz.jei.api.recipe.vanilla.IJeiIngredientInfoRecipe]
[24May2026 18:05:49.685] [Render thread/DEBUG] [mezz.jei.library.recipes.RecipeManagerInternal/]: Adding recipes: RecipeType[uid=jei:information, recipeClass=interface mezz.jei.api.recipe.vanilla.IJeiIngredientInfoRecipe]
[24May2026 18:05:49.685] [Render thread/DEBUG] [mezz.jei.library.recipes.RecipeManagerInternal/]: Adding recipes: RecipeType[uid=jei:information, recipeClass=interface mezz.jei.api.recipe.vanilla.IJeiIngredientInfoRecipe]
[24May2026 18:05:49.685] [Render thread/DEBUG] [mezz.jei.library.recipes.RecipeManagerInternal/]: Adding recipes: RecipeType[uid=jei:information, recipeClass=interface mezz.jei.api.recipe.vanilla.IJeiIngredientInfoRecipe]
[24May2026 18:05:49.685] [Render thread/DEBUG] [mezz.jei.library.recipes.RecipeManagerInternal/]: Adding recipes: RecipeType[uid=jei:information, recipeClass=interface mezz.jei.api.recipe.vanilla.IJeiIngredientInfoRecipe]
[24May2026 18:05:49.686] [Render thread/DEBUG] [mezz.jei.library.recipes.RecipeManagerInternal/]: Adding recipes: RecipeType[uid=jei:information, recipeClass=interface mezz.jei.api.recipe.vanilla.IJeiIngredientInfoRecipe]
[24May2026 18:05:49.686] [Render thread/DEBUG] [mezz.jei.library.recipes.RecipeManagerInternal/]: Adding recipes: RecipeType[uid=jei:information, recipeClass=interface mezz.jei.api.recipe.vanilla.IJeiIngredientInfoRecipe]
[24May2026 18:05:49.686] [Render thread/DEBUG] [mezz.jei.library.recipes.RecipeManagerInternal/]: Adding recipes: RecipeType[uid=jei:information, recipeClass=interface mezz.jei.api.recipe.vanilla.IJeiIngredientInfoRecipe]
[24May2026 18:05:49.686] [Render thread/DEBUG] [mezz.jei.library.recipes.RecipeManagerInternal/]: Adding recipes: RecipeType[uid=jei:information, recipeClass=interface mezz.jei.api.recipe.vanilla.IJeiIngredientInfoRecipe]
[24May2026 18:05:49.686] [Render thread/DEBUG] [mezz.jei.library.recipes.RecipeManagerInternal/]: Adding recipes: RecipeType[uid=jei:information, recipeClass=interface mezz.jei.api.recipe.vanilla.IJeiIngredientInfoRecipe]
[24May2026 18:05:49.686] [Render thread/DEBUG] [mezz.jei.library.recipes.RecipeManagerInternal/]: Adding recipes: RecipeType[uid=jei:information, recipeClass=interface mezz.jei.api.recipe.vanilla.IJeiIngredientInfoRecipe]
[24May2026 18:05:49.686] [Render thread/DEBUG] [mezz.jei.library.recipes.RecipeManagerInternal/]: Adding recipes: RecipeType[uid=jei:information, recipeClass=interface mezz.jei.api.recipe.vanilla.IJeiIngredientInfoRecipe]
[24May2026 18:05:49.686] [Render thread/DEBUG] [mezz.jei.library.recipes.RecipeManagerInternal/]: Adding recipes: RecipeType[uid=jei:information, recipeClass=interface mezz.jei.api.recipe.vanilla.IJeiIngredientInfoRecipe]
[24May2026 18:05:49.687] [Render thread/DEBUG] [mezz.jei.library.recipes.RecipeManagerInternal/]: Adding recipes: RecipeType[uid=jei:information, recipeClass=interface mezz.jei.api.recipe.vanilla.IJeiIngredientInfoRecipe]
[24May2026 18:05:49.687] [Render thread/DEBUG] [mezz.jei.library.recipes.RecipeManagerInternal/]: Adding recipes: RecipeType[uid=jei:information, recipeClass=interface mezz.jei.api.recipe.vanilla.IJeiIngredientInfoRecipe]
[24May2026 18:05:49.688] [Render thread/DEBUG] [mezz.jei.library.recipes.RecipeManagerInternal/]: Adding recipes: RecipeType[uid=jei:information, recipeClass=interface mezz.jei.api.recipe.vanilla.IJeiIngredientInfoRecipe]
[24May2026 18:05:49.688] [Render thread/DEBUG] [mezz.jei.library.recipes.RecipeManagerInternal/]: Adding recipes: RecipeType[uid=jei:information, recipeClass=interface mezz.jei.api.recipe.vanilla.IJeiIngredientInfoRecipe]
[24May2026 18:05:49.688] [Render thread/DEBUG] [mezz.jei.library.recipes.RecipeManagerInternal/]: Adding recipes: RecipeType[uid=jei:information, recipeClass=interface mezz.jei.api.recipe.vanilla.IJeiIngredientInfoRecipe]
[24May2026 18:05:49.688] [Render thread/DEBUG] [mezz.jei.library.recipes.RecipeManagerInternal/]: Adding recipes: RecipeType[uid=jei:information, recipeClass=interface mezz.jei.api.recipe.vanilla.IJeiIngredientInfoRecipe]
[24May2026 18:05:49.688] [Render thread/DEBUG] [mezz.jei.library.recipes.RecipeManagerInternal/]: Adding recipes: RecipeType[uid=jei:information, recipeClass=interface mezz.jei.api.recipe.vanilla.IJeiIngredientInfoRecipe]
[24May2026 18:05:49.688] [Render thread/DEBUG] [mezz.jei.library.recipes.RecipeManagerInternal/]: Adding recipes: RecipeType[uid=jei:information, recipeClass=interface mezz.jei.api.recipe.vanilla.IJeiIngredientInfoRecipe]
[24May2026 18:05:49.688] [Render thread/DEBUG] [mezz.jei.library.recipes.RecipeManagerInternal/]: Adding recipes: RecipeType[uid=jei:information, recipeClass=interface mezz.jei.api.recipe.vanilla.IJeiIngredientInfoRecipe]
[24May2026 18:05:49.688] [Render thread/DEBUG] [mezz.jei.library.recipes.RecipeManagerInternal/]: Adding recipes: RecipeType[uid=jei:information, recipeClass=interface mezz.jei.api.recipe.vanilla.IJeiIngredientInfoRecipe]
[24May2026 18:05:49.689] [Render thread/DEBUG] [mezz.jei.library.recipes.RecipeManagerInternal/]: Adding recipes: RecipeType[uid=jei:information, recipeClass=interface mezz.jei.api.recipe.vanilla.IJeiIngredientInfoRecipe]
[24May2026 18:05:49.689] [Render thread/DEBUG] [mezz.jei.library.recipes.RecipeManagerInternal/]: Adding recipes: RecipeType[uid=jei:information, recipeClass=interface mezz.jei.api.recipe.vanilla.IJeiIngredientInfoRecipe]
[24May2026 18:05:49.689] [Render thread/DEBUG] [mezz.jei.library.recipes.RecipeManagerInternal/]: Adding recipes: RecipeType[uid=jei:information, recipeClass=interface mezz.jei.api.recipe.vanilla.IJeiIngredientInfoRecipe]
[24May2026 18:05:49.689] [Render thread/DEBUG] [mezz.jei.library.recipes.RecipeManagerInternal/]: Adding recipes: RecipeType[uid=jei:information, recipeClass=interface mezz.jei.api.recipe.vanilla.IJeiIngredientInfoRecipe]
[24May2026 18:05:49.689] [Render thread/DEBUG] [mezz.jei.library.recipes.RecipeManagerInternal/]: Adding recipes: RecipeType[uid=jei:information, recipeClass=interface mezz.jei.api.recipe.vanilla.IJeiIngredientInfoRecipe]
[24May2026 18:05:49.689] [Render thread/DEBUG] [mezz.jei.library.recipes.RecipeManagerInternal/]: Adding recipes: RecipeType[uid=jei:information, recipeClass=interface mezz.jei.api.recipe.vanilla.IJeiIngredientInfoRecipe]
[24May2026 18:05:49.690] [Render thread/DEBUG] [mezz.jei.library.recipes.RecipeManagerInternal/]: Adding recipes: RecipeType[uid=jei:information, recipeClass=interface mezz.jei.api.recipe.vanilla.IJeiIngredientInfoRecipe]
[24May2026 18:05:49.690] [Render thread/DEBUG] [mezz.jei.library.recipes.RecipeManagerInternal/]: Adding recipes: RecipeType[uid=jei:information, recipeClass=interface mezz.jei.api.recipe.vanilla.IJeiIngredientInfoRecipe]
[24May2026 18:05:49.690] [Render thread/DEBUG] [mezz.jei.library.recipes.RecipeManagerInternal/]: Adding recipes: RecipeType[uid=jei:information, recipeClass=interface mezz.jei.api.recipe.vanilla.IJeiIngredientInfoRecipe]
[24May2026 18:05:49.690] [Render thread/DEBUG] [mezz.jei.library.recipes.RecipeManagerInternal/]: Adding recipes: RecipeType[uid=jei:information, recipeClass=interface mezz.jei.api.recipe.vanilla.IJeiIngredientInfoRecipe]
[24May2026 18:05:49.690] [Render thread/DEBUG] [mezz.jei.library.recipes.RecipeManagerInternal/]: Adding recipes: RecipeType[uid=jei:information, recipeClass=interface mezz.jei.api.recipe.vanilla.IJeiIngredientInfoRecipe]
[24May2026 18:05:49.690] [Render thread/DEBUG] [mezz.jei.library.recipes.RecipeManagerInternal/]: Adding recipes: RecipeType[uid=jei:information, recipeClass=interface mezz.jei.api.recipe.vanilla.IJeiIngredientInfoRecipe]
[24May2026 18:05:49.690] [Render thread/DEBUG] [mezz.jei.library.recipes.RecipeManagerInternal/]: Adding recipes: RecipeType[uid=jei:information, recipeClass=interface mezz.jei.api.recipe.vanilla.IJeiIngredientInfoRecipe]
[24May2026 18:05:49.690] [Render thread/DEBUG] [mezz.jei.library.recipes.RecipeManagerInternal/]: Adding recipes: RecipeType[uid=jei:information, recipeClass=interface mezz.jei.api.recipe.vanilla.IJeiIngredientInfoRecipe]
[24May2026 18:05:49.692] [Render thread/DEBUG] [mezz.jei.library.recipes.RecipeManagerInternal/]: Adding recipes: RecipeType[uid=jei:information, recipeClass=interface mezz.jei.api.recipe.vanilla.IJeiIngredientInfoRecipe]
[24May2026 18:05:49.693] [Render thread/DEBUG] [mezz.jei.library.recipes.RecipeManagerInternal/]: Adding recipes: RecipeType[uid=jei:information, recipeClass=interface mezz.jei.api.recipe.vanilla.IJeiIngredientInfoRecipe]
[24May2026 18:05:49.693] [Render thread/DEBUG] [mezz.jei.library.recipes.RecipeManagerInternal/]: Adding recipes: RecipeType[uid=jei:information, recipeClass=interface mezz.jei.api.recipe.vanilla.IJeiIngredientInfoRecipe]
[24May2026 18:05:49.693] [Render thread/DEBUG] [mezz.jei.library.recipes.RecipeManagerInternal/]: Adding recipes: RecipeType[uid=jei:information, recipeClass=interface mezz.jei.api.recipe.vanilla.IJeiIngredientInfoRecipe]
[24May2026 18:05:49.693] [Render thread/DEBUG] [mezz.jei.library.recipes.RecipeManagerInternal/]: Adding recipes: RecipeType[uid=jei:information, recipeClass=interface mezz.jei.api.recipe.vanilla.IJeiIngredientInfoRecipe]
[24May2026 18:05:49.693] [Render thread/DEBUG] [mezz.jei.library.recipes.RecipeManagerInternal/]: Adding recipes: RecipeType[uid=jei:information, recipeClass=interface mezz.jei.api.recipe.vanilla.IJeiIngredientInfoRecipe]
[24May2026 18:05:49.693] [Render thread/DEBUG] [mezz.jei.library.recipes.RecipeManagerInternal/]: Adding recipes: RecipeType[uid=jei:information, recipeClass=interface mezz.jei.api.recipe.vanilla.IJeiIngredientInfoRecipe]
[24May2026 18:05:49.693] [Render thread/DEBUG] [mezz.jei.library.recipes.RecipeManagerInternal/]: Adding recipes: RecipeType[uid=jei:information, recipeClass=interface mezz.jei.api.recipe.vanilla.IJeiIngredientInfoRecipe]
[24May2026 18:05:49.693] [Render thread/DEBUG] [mezz.jei.library.recipes.RecipeManagerInternal/]: Adding recipes: RecipeType[uid=jei:information, recipeClass=interface mezz.jei.api.recipe.vanilla.IJeiIngredientInfoRecipe]
[24May2026 18:05:49.693] [Render thread/DEBUG] [mezz.jei.library.recipes.RecipeManagerInternal/]: Adding recipes: RecipeType[uid=jei:information, recipeClass=interface mezz.jei.api.recipe.vanilla.IJeiIngredientInfoRecipe]
[24May2026 18:05:49.694] [Render thread/DEBUG] [mezz.jei.library.recipes.RecipeManagerInternal/]: Adding recipes: RecipeType[uid=jei:information, recipeClass=interface mezz.jei.api.recipe.vanilla.IJeiIngredientInfoRecipe]
[24May2026 18:05:49.694] [Render thread/DEBUG] [mezz.jei.library.recipes.RecipeManagerInternal/]: Adding recipes: RecipeType[uid=jei:information, recipeClass=interface mezz.jei.api.recipe.vanilla.IJeiIngredientInfoRecipe]
[24May2026 18:05:49.694] [Render thread/DEBUG] [mezz.jei.library.recipes.RecipeManagerInternal/]: Adding recipes: RecipeType[uid=jei:information, recipeClass=interface mezz.jei.api.recipe.vanilla.IJeiIngredientInfoRecipe]
[24May2026 18:05:49.694] [Render thread/DEBUG] [mezz.jei.library.recipes.RecipeManagerInternal/]: Adding recipes: RecipeType[uid=jei:information, recipeClass=interface mezz.jei.api.recipe.vanilla.IJeiIngredientInfoRecipe]
[24May2026 18:05:49.694] [Render thread/DEBUG] [mezz.jei.library.recipes.RecipeManagerInternal/]: Adding recipes: RecipeType[uid=jei:information, recipeClass=interface mezz.jei.api.recipe.vanilla.IJeiIngredientInfoRecipe]
[24May2026 18:05:49.694] [Render thread/DEBUG] [mezz.jei.library.recipes.RecipeManagerInternal/]: Adding recipes: RecipeType[uid=jei:information, recipeClass=interface mezz.jei.api.recipe.vanilla.IJeiIngredientInfoRecipe]
[24May2026 18:05:49.694] [Render thread/DEBUG] [mezz.jei.library.recipes.RecipeManagerInternal/]: Adding recipes: RecipeType[uid=jei:information, recipeClass=interface mezz.jei.api.recipe.vanilla.IJeiIngredientInfoRecipe]
[24May2026 18:05:49.694] [Render thread/DEBUG] [mezz.jei.library.recipes.RecipeManagerInternal/]: Adding recipes: RecipeType[uid=jei:information, recipeClass=interface mezz.jei.api.recipe.vanilla.IJeiIngredientInfoRecipe]
[24May2026 18:05:49.694] [Render thread/DEBUG] [mezz.jei.library.recipes.RecipeManagerInternal/]: Adding recipes: RecipeType[uid=jei:information, recipeClass=interface mezz.jei.api.recipe.vanilla.IJeiIngredientInfoRecipe]
[24May2026 18:05:49.695] [Render thread/DEBUG] [mezz.jei.library.recipes.RecipeManagerInternal/]: Adding recipes: RecipeType[uid=jei:information, recipeClass=interface mezz.jei.api.recipe.vanilla.IJeiIngredientInfoRecipe]
[24May2026 18:05:49.695] [Render thread/DEBUG] [mezz.jei.library.recipes.RecipeManagerInternal/]: Adding recipes: RecipeType[uid=jei:information, recipeClass=interface mezz.jei.api.recipe.vanilla.IJeiIngredientInfoRecipe]
[24May2026 18:05:49.695] [Render thread/DEBUG] [mezz.jei.library.recipes.RecipeManagerInternal/]: Adding recipes: RecipeType[uid=jei:information, recipeClass=interface mezz.jei.api.recipe.vanilla.IJeiIngredientInfoRecipe]
[24May2026 18:05:49.701] [Render thread/DEBUG] [mezz.jei.library.recipes.RecipeManagerInternal/]: Adding recipes: RecipeType[uid=jei:information, recipeClass=interface mezz.jei.api.recipe.vanilla.IJeiIngredientInfoRecipe]
[24May2026 18:05:49.701] [Render thread/DEBUG] [mezz.jei.library.recipes.RecipeManagerInternal/]: Adding recipes: RecipeType[uid=jei:information, recipeClass=interface mezz.jei.api.recipe.vanilla.IJeiIngredientInfoRecipe]
[24May2026 18:05:49.701] [Render thread/DEBUG] [mezz.jei.library.recipes.RecipeManagerInternal/]: Adding recipes: RecipeType[uid=jei:information, recipeClass=interface mezz.jei.api.recipe.vanilla.IJeiIngredientInfoRecipe]
[24May2026 18:05:49.701] [Render thread/DEBUG] [mezz.jei.library.recipes.RecipeManagerInternal/]: Adding recipes: RecipeType[uid=jei:information, recipeClass=interface mezz.jei.api.recipe.vanilla.IJeiIngredientInfoRecipe]
[24May2026 18:05:49.701] [Render thread/DEBUG] [mezz.jei.library.recipes.RecipeManagerInternal/]: Adding recipes: RecipeType[uid=jei:information, recipeClass=interface mezz.jei.api.recipe.vanilla.IJeiIngredientInfoRecipe]
[24May2026 18:05:49.701] [Render thread/DEBUG] [mezz.jei.library.recipes.RecipeManagerInternal/]: Adding recipes: RecipeType[uid=jei:information, recipeClass=interface mezz.jei.api.recipe.vanilla.IJeiIngredientInfoRecipe]
[24May2026 18:05:49.701] [Render thread/DEBUG] [mezz.jei.library.recipes.RecipeManagerInternal/]: Adding recipes: RecipeType[uid=jei:information, recipeClass=interface mezz.jei.api.recipe.vanilla.IJeiIngredientInfoRecipe]
[24May2026 18:05:49.701] [Render thread/DEBUG] [mezz.jei.library.recipes.RecipeManagerInternal/]: Adding recipes: RecipeType[uid=jei:information, recipeClass=interface mezz.jei.api.recipe.vanilla.IJeiIngredientInfoRecipe]
[24May2026 18:05:49.702] [Render thread/DEBUG] [mezz.jei.library.recipes.RecipeManagerInternal/]: Adding recipes: RecipeType[uid=jei:information, recipeClass=interface mezz.jei.api.recipe.vanilla.IJeiIngredientInfoRecipe]
[24May2026 18:05:49.702] [Render thread/DEBUG] [mezz.jei.library.recipes.RecipeManagerInternal/]: Adding recipes: RecipeType[uid=jei:information, recipeClass=interface mezz.jei.api.recipe.vanilla.IJeiIngredientInfoRecipe]
[24May2026 18:05:49.702] [Render thread/DEBUG] [mezz.jei.library.recipes.RecipeManagerInternal/]: Adding recipes: RecipeType[uid=jei:information, recipeClass=interface mezz.jei.api.recipe.vanilla.IJeiIngredientInfoRecipe]
[24May2026 18:05:49.702] [Render thread/DEBUG] [mezz.jei.library.recipes.RecipeManagerInternal/]: Adding recipes: RecipeType[uid=jei:information, recipeClass=interface mezz.jei.api.recipe.vanilla.IJeiIngredientInfoRecipe]
[24May2026 18:05:49.702] [Render thread/DEBUG] [mezz.jei.library.recipes.RecipeManagerInternal/]: Adding recipes: RecipeType[uid=jei:information, recipeClass=interface mezz.jei.api.recipe.vanilla.IJeiIngredientInfoRecipe]
[24May2026 18:05:49.702] [Render thread/DEBUG] [mezz.jei.library.recipes.RecipeManagerInternal/]: Adding recipes: RecipeType[uid=jei:information, recipeClass=interface mezz.jei.api.recipe.vanilla.IJeiIngredientInfoRecipe]
[24May2026 18:05:49.702] [Render thread/DEBUG] [mezz.jei.library.recipes.RecipeManagerInternal/]: Adding recipes: RecipeType[uid=jei:information, recipeClass=interface mezz.jei.api.recipe.vanilla.IJeiIngredientInfoRecipe]
[24May2026 18:05:49.702] [Render thread/DEBUG] [mezz.jei.library.recipes.RecipeManagerInternal/]: Adding recipes: RecipeType[uid=jei:information, recipeClass=interface mezz.jei.api.recipe.vanilla.IJeiIngredientInfoRecipe]
[24May2026 18:05:49.703] [Render thread/DEBUG] [mezz.jei.library.recipes.RecipeManagerInternal/]: Adding recipes: RecipeType[uid=jei:information, recipeClass=interface mezz.jei.api.recipe.vanilla.IJeiIngredientInfoRecipe]
[24May2026 18:05:49.703] [Render thread/DEBUG] [mezz.jei.library.recipes.RecipeManagerInternal/]: Adding recipes: RecipeType[uid=jei:information, recipeClass=interface mezz.jei.api.recipe.vanilla.IJeiIngredientInfoRecipe]
[24May2026 18:05:49.703] [Render thread/DEBUG] [mezz.jei.library.recipes.RecipeManagerInternal/]: Adding recipes: RecipeType[uid=jei:information, recipeClass=interface mezz.jei.api.recipe.vanilla.IJeiIngredientInfoRecipe]
[24May2026 18:05:49.703] [Render thread/DEBUG] [mezz.jei.library.recipes.RecipeManagerInternal/]: Adding recipes: RecipeType[uid=jei:information, recipeClass=interface mezz.jei.api.recipe.vanilla.IJeiIngredientInfoRecipe]
[24May2026 18:05:49.703] [Render thread/DEBUG] [mezz.jei.library.recipes.RecipeManagerInternal/]: Adding recipes: RecipeType[uid=jei:information, recipeClass=interface mezz.jei.api.recipe.vanilla.IJeiIngredientInfoRecipe]
[24May2026 18:05:49.703] [Render thread/DEBUG] [mezz.jei.library.recipes.RecipeManagerInternal/]: Adding recipes: RecipeType[uid=jei:information, recipeClass=interface mezz.jei.api.recipe.vanilla.IJeiIngredientInfoRecipe]
[24May2026 18:05:49.706] [Render thread/DEBUG] [mezz.jei.library.recipes.RecipeManagerInternal/]: Adding recipes: RecipeType[uid=jei:information, recipeClass=interface mezz.jei.api.recipe.vanilla.IJeiIngredientInfoRecipe]
[24May2026 18:05:49.706] [Render thread/DEBUG] [mezz.jei.library.recipes.RecipeManagerInternal/]: Adding recipes: RecipeType[uid=jei:information, recipeClass=interface mezz.jei.api.recipe.vanilla.IJeiIngredientInfoRecipe]
[24May2026 18:05:49.706] [Render thread/DEBUG] [mezz.jei.library.recipes.RecipeManagerInternal/]: Adding recipes: RecipeType[uid=jei:information, recipeClass=interface mezz.jei.api.recipe.vanilla.IJeiIngredientInfoRecipe]
[24May2026 18:05:49.706] [Render thread/DEBUG] [mezz.jei.library.recipes.RecipeManagerInternal/]: Adding recipes: RecipeType[uid=jei:information, recipeClass=interface mezz.jei.api.recipe.vanilla.IJeiIngredientInfoRecipe]
[24May2026 18:05:49.706] [Render thread/DEBUG] [mezz.jei.library.recipes.RecipeManagerInternal/]: Adding recipes: RecipeType[uid=jei:information, recipeClass=interface mezz.jei.api.recipe.vanilla.IJeiIngredientInfoRecipe]
[24May2026 18:05:49.707] [Render thread/DEBUG] [mezz.jei.library.recipes.RecipeManagerInternal/]: Adding recipes: RecipeType[uid=jei:information, recipeClass=interface mezz.jei.api.recipe.vanilla.IJeiIngredientInfoRecipe]
[24May2026 18:05:49.707] [Render thread/DEBUG] [mezz.jei.library.recipes.RecipeManagerInternal/]: Adding recipes: RecipeType[uid=jei:information, recipeClass=interface mezz.jei.api.recipe.vanilla.IJeiIngredientInfoRecipe]
[24May2026 18:05:49.707] [Render thread/DEBUG] [mezz.jei.library.recipes.RecipeManagerInternal/]: Adding recipes: RecipeType[uid=jei:information, recipeClass=interface mezz.jei.api.recipe.vanilla.IJeiIngredientInfoRecipe]
[24May2026 18:05:49.707] [Render thread/DEBUG] [mezz.jei.library.recipes.RecipeManagerInternal/]: Adding recipes: RecipeType[uid=jei:information, recipeClass=interface mezz.jei.api.recipe.vanilla.IJeiIngredientInfoRecipe]
[24May2026 18:05:49.707] [Render thread/DEBUG] [mezz.jei.library.recipes.RecipeManagerInternal/]: Adding recipes: RecipeType[uid=jei:information, recipeClass=interface mezz.jei.api.recipe.vanilla.IJeiIngredientInfoRecipe]
[24May2026 18:05:49.707] [Render thread/DEBUG] [mezz.jei.library.recipes.RecipeManagerInternal/]: Adding recipes: RecipeType[uid=jei:information, recipeClass=interface mezz.jei.api.recipe.vanilla.IJeiIngredientInfoRecipe]
[24May2026 18:05:49.707] [Render thread/DEBUG] [mezz.jei.library.recipes.RecipeManagerInternal/]: Adding recipes: RecipeType[uid=jei:information, recipeClass=interface mezz.jei.api.recipe.vanilla.IJeiIngredientInfoRecipe]
[24May2026 18:05:49.707] [Render thread/DEBUG] [mezz.jei.library.recipes.RecipeManagerInternal/]: Adding recipes: RecipeType[uid=jei:information, recipeClass=interface mezz.jei.api.recipe.vanilla.IJeiIngredientInfoRecipe]
[24May2026 18:05:49.707] [Render thread/DEBUG] [mezz.jei.library.recipes.RecipeManagerInternal/]: Adding recipes: RecipeType[uid=jei:information, recipeClass=interface mezz.jei.api.recipe.vanilla.IJeiIngredientInfoRecipe]
[24May2026 18:05:49.707] [Render thread/DEBUG] [mezz.jei.library.recipes.RecipeManagerInternal/]: Adding recipes: RecipeType[uid=jei:information, recipeClass=interface mezz.jei.api.recipe.vanilla.IJeiIngredientInfoRecipe]
[24May2026 18:05:49.707] [Render thread/DEBUG] [mezz.jei.library.recipes.RecipeManagerInternal/]: Adding recipes: RecipeType[uid=jei:information, recipeClass=interface mezz.jei.api.recipe.vanilla.IJeiIngredientInfoRecipe]
[24May2026 18:05:49.708] [Render thread/DEBUG] [mezz.jei.library.recipes.RecipeManagerInternal/]: Adding recipes: RecipeType[uid=jei:information, recipeClass=interface mezz.jei.api.recipe.vanilla.IJeiIngredientInfoRecipe]
[24May2026 18:05:49.708] [Render thread/DEBUG] [mezz.jei.library.recipes.RecipeManagerInternal/]: Adding recipes: RecipeType[uid=jei:information, recipeClass=interface mezz.jei.api.recipe.vanilla.IJeiIngredientInfoRecipe]
[24May2026 18:05:49.708] [Render thread/DEBUG] [mezz.jei.library.recipes.RecipeManagerInternal/]: Adding recipes: RecipeType[uid=jei:information, recipeClass=interface mezz.jei.api.recipe.vanilla.IJeiIngredientInfoRecipe]
[24May2026 18:05:49.708] [Render thread/DEBUG] [mezz.jei.library.recipes.RecipeManagerInternal/]: Adding recipes: RecipeType[uid=jei:information, recipeClass=interface mezz.jei.api.recipe.vanilla.IJeiIngredientInfoRecipe]
[24May2026 18:05:49.708] [Render thread/DEBUG] [mezz.jei.library.recipes.RecipeManagerInternal/]: Adding recipes: RecipeType[uid=jei:information, recipeClass=interface mezz.jei.api.recipe.vanilla.IJeiIngredientInfoRecipe]
[24May2026 18:05:49.708] [Render thread/DEBUG] [mezz.jei.library.recipes.RecipeManagerInternal/]: Adding recipes: RecipeType[uid=jei:information, recipeClass=interface mezz.jei.api.recipe.vanilla.IJeiIngredientInfoRecipe]
[24May2026 18:05:49.708] [Render thread/DEBUG] [mezz.jei.library.recipes.RecipeManagerInternal/]: Adding recipes: RecipeType[uid=jei:information, recipeClass=interface mezz.jei.api.recipe.vanilla.IJeiIngredientInfoRecipe]
[24May2026 18:05:49.709] [Render thread/DEBUG] [mezz.jei.library.recipes.RecipeManagerInternal/]: Adding recipes: RecipeType[uid=jei:information, recipeClass=interface mezz.jei.api.recipe.vanilla.IJeiIngredientInfoRecipe]
[24May2026 18:05:49.709] [Render thread/DEBUG] [mezz.jei.library.recipes.RecipeManagerInternal/]: Adding recipes: RecipeType[uid=jei:information, recipeClass=interface mezz.jei.api.recipe.vanilla.IJeiIngredientInfoRecipe]
[24May2026 18:05:49.709] [Render thread/DEBUG] [mezz.jei.library.recipes.RecipeManagerInternal/]: Adding recipes: RecipeType[uid=jei:information, recipeClass=interface mezz.jei.api.recipe.vanilla.IJeiIngredientInfoRecipe]
[24May2026 18:05:49.709] [Render thread/DEBUG] [mezz.jei.library.recipes.RecipeManagerInternal/]: Adding recipes: RecipeType[uid=jei:information, recipeClass=interface mezz.jei.api.recipe.vanilla.IJeiIngredientInfoRecipe]
[24May2026 18:05:49.709] [Render thread/DEBUG] [mezz.jei.library.recipes.RecipeManagerInternal/]: Adding recipes: RecipeType[uid=jei:information, recipeClass=interface mezz.jei.api.recipe.vanilla.IJeiIngredientInfoRecipe]
[24May2026 18:05:49.709] [Render thread/DEBUG] [mezz.jei.library.recipes.RecipeManagerInternal/]: Adding recipes: RecipeType[uid=jei:information, recipeClass=interface mezz.jei.api.recipe.vanilla.IJeiIngredientInfoRecipe]
[24May2026 18:05:49.709] [Render thread/DEBUG] [mezz.jei.library.recipes.RecipeManagerInternal/]: Adding recipes: RecipeType[uid=jei:information, recipeClass=interface mezz.jei.api.recipe.vanilla.IJeiIngredientInfoRecipe]
[24May2026 18:05:49.709] [Render thread/DEBUG] [mezz.jei.library.recipes.RecipeManagerInternal/]: Adding recipes: RecipeType[uid=jei:information, recipeClass=interface mezz.jei.api.recipe.vanilla.IJeiIngredientInfoRecipe]
[24May2026 18:05:49.709] [Render thread/DEBUG] [mezz.jei.library.recipes.RecipeManagerInternal/]: Adding recipes: RecipeType[uid=jei:information, recipeClass=interface mezz.jei.api.recipe.vanilla.IJeiIngredientInfoRecipe]
[24May2026 18:05:49.710] [Render thread/DEBUG] [mezz.jei.library.recipes.RecipeManagerInternal/]: Adding recipes: RecipeType[uid=jei:information, recipeClass=interface mezz.jei.api.recipe.vanilla.IJeiIngredientInfoRecipe]
[24May2026 18:05:49.710] [Render thread/DEBUG] [mezz.jei.library.recipes.RecipeManagerInternal/]: Adding recipes: RecipeType[uid=jei:information, recipeClass=interface mezz.jei.api.recipe.vanilla.IJeiIngredientInfoRecipe]
[24May2026 18:05:49.710] [Render thread/DEBUG] [mezz.jei.library.recipes.RecipeManagerInternal/]: Adding recipes: RecipeType[uid=jei:information, recipeClass=interface mezz.jei.api.recipe.vanilla.IJeiIngredientInfoRecipe]
[24May2026 18:05:49.710] [Render thread/DEBUG] [mezz.jei.library.recipes.RecipeManagerInternal/]: Adding recipes: RecipeType[uid=jei:information, recipeClass=interface mezz.jei.api.recipe.vanilla.IJeiIngredientInfoRecipe]
[24May2026 18:05:49.710] [Render thread/DEBUG] [mezz.jei.library.recipes.RecipeManagerInternal/]: Adding recipes: RecipeType[uid=jei:information, recipeClass=interface mezz.jei.api.recipe.vanilla.IJeiIngredientInfoRecipe]
[24May2026 18:05:49.710] [Render thread/DEBUG] [mezz.jei.library.recipes.RecipeManagerInternal/]: Adding recipes: RecipeType[uid=jei:information, recipeClass=interface mezz.jei.api.recipe.vanilla.IJeiIngredientInfoRecipe]
[24May2026 18:05:49.710] [Render thread/DEBUG] [mezz.jei.library.recipes.RecipeManagerInternal/]: Adding recipes: RecipeType[uid=jei:information, recipeClass=interface mezz.jei.api.recipe.vanilla.IJeiIngredientInfoRecipe]
[24May2026 18:05:49.710] [Render thread/DEBUG] [mezz.jei.library.recipes.RecipeManagerInternal/]: Adding recipes: RecipeType[uid=jei:information, recipeClass=interface mezz.jei.api.recipe.vanilla.IJeiIngredientInfoRecipe]
[24May2026 18:05:49.710] [Render thread/DEBUG] [mezz.jei.library.recipes.RecipeManagerInternal/]: Adding recipes: RecipeType[uid=jei:information, recipeClass=interface mezz.jei.api.recipe.vanilla.IJeiIngredientInfoRecipe]
[24May2026 18:05:49.710] [Render thread/DEBUG] [mezz.jei.library.recipes.RecipeManagerInternal/]: Adding recipes: RecipeType[uid=jei:information, recipeClass=interface mezz.jei.api.recipe.vanilla.IJeiIngredientInfoRecipe]
[24May2026 18:05:49.711] [Render thread/DEBUG] [mezz.jei.library.recipes.RecipeManagerInternal/]: Adding recipes: RecipeType[uid=jei:information, recipeClass=interface mezz.jei.api.recipe.vanilla.IJeiIngredientInfoRecipe]
[24May2026 18:05:49.711] [Render thread/DEBUG] [mezz.jei.library.recipes.RecipeManagerInternal/]: Adding recipes: RecipeType[uid=jei:information, recipeClass=interface mezz.jei.api.recipe.vanilla.IJeiIngredientInfoRecipe]
[24May2026 18:05:49.712] [Render thread/INFO] [mezz.jei.library.load.PluginCallerTimerRunnable/]: Registering recipes: block_detective:jei_plugin took 327.3 milliseconds
[24May2026 18:05:49.712] [Render thread/DEBUG] [mezz.jei.library.load.PluginCallerTimerRunnable/]: Registering recipes: create:jei_plugin...
[24May2026 18:05:49.712] [Render thread/DEBUG] [mezz.jei.library.recipes.RecipeManagerInternal/]: Adding recipes: RecipeType[uid=create:milling, recipeClass=class net.minecraft.world.item.crafting.RecipeHolder]
[24May2026 18:05:49.715] [Render thread/DEBUG] [mezz.jei.library.recipes.RecipeManagerInternal/]: Adding recipes: RecipeType[uid=create:crushing, recipeClass=class net.minecraft.world.item.crafting.RecipeHolder]
[24May2026 18:05:49.719] [Render thread/DEBUG] [mezz.jei.library.recipes.RecipeManagerInternal/]: Adding recipes: RecipeType[uid=create:pressing, recipeClass=class net.minecraft.world.item.crafting.RecipeHolder]
[24May2026 18:05:49.720] [Render thread/DEBUG] [mezz.jei.library.recipes.RecipeManagerInternal/]: Adding recipes: RecipeType[uid=create:fan_washing, recipeClass=class net.minecraft.world.item.crafting.RecipeHolder]
[24May2026 18:05:49.720] [Render thread/DEBUG] [mezz.jei.library.recipes.RecipeManagerInternal/]: Adding recipes: RecipeType[uid=create:fan_smoking, recipeClass=class net.minecraft.world.item.crafting.RecipeHolder]
[24May2026 18:05:49.728] [Render thread/DEBUG] [mezz.jei.library.recipes.RecipeManagerInternal/]: Adding recipes: RecipeType[uid=create:fan_blasting, recipeClass=class net.minecraft.world.item.crafting.RecipeHolder]
[24May2026 18:05:49.729] [Render thread/DEBUG] [mezz.jei.library.recipes.RecipeManagerInternal/]: Adding recipes: RecipeType[uid=create:fan_haunting, recipeClass=class net.minecraft.world.item.crafting.RecipeHolder]
[24May2026 18:05:49.729] [Render thread/DEBUG] [mezz.jei.library.recipes.RecipeManagerInternal/]: Adding recipes: RecipeType[uid=create:mixing, recipeClass=class net.minecraft.world.item.crafting.RecipeHolder]
[24May2026 18:05:49.733] [Render thread/DEBUG] [mezz.jei.library.recipes.RecipeManagerInternal/]: Adding recipes: RecipeType[uid=create:automatic_shapeless, recipeClass=class net.minecraft.world.item.crafting.RecipeHolder]
[24May2026 18:05:49.744] [Render thread/DEBUG] [mezz.jei.library.recipes.RecipeManagerInternal/]: Adding recipes: RecipeType[uid=create:automatic_brewing, recipeClass=class net.minecraft.world.item.crafting.RecipeHolder]
[24May2026 18:05:49.751] [Render thread/DEBUG] [mezz.jei.library.recipes.RecipeManagerInternal/]: Adding recipes: RecipeType[uid=create:packing, recipeClass=class net.minecraft.world.item.crafting.RecipeHolder]
[24May2026 18:05:49.754] [Render thread/DEBUG] [mezz.jei.library.recipes.RecipeManagerInternal/]: Adding recipes: RecipeType[uid=create:automatic_packing, recipeClass=class net.minecraft.world.item.crafting.RecipeHolder]
[24May2026 18:05:49.755] [Render thread/DEBUG] [mezz.jei.library.recipes.RecipeManagerInternal/]: Adding recipes: RecipeType[uid=create:sawing, recipeClass=class net.minecraft.world.item.crafting.RecipeHolder]
[24May2026 18:05:49.761] [Render thread/DEBUG] [mezz.jei.library.recipes.RecipeManagerInternal/]: Adding recipes: RecipeType[uid=create:block_cutting, recipeClass=class net.minecraft.world.item.crafting.RecipeHolder]
[24May2026 18:05:49.763] [Render thread/DEBUG] [mezz.jei.library.recipes.RecipeManagerInternal/]: Adding recipes: RecipeType[uid=create:sandpaper_polishing, recipeClass=class net.minecraft.world.item.crafting.RecipeHolder]
[24May2026 18:05:49.768] [Render thread/DEBUG] [mezz.jei.library.recipes.RecipeManagerInternal/]: Adding recipes: RecipeType[uid=create:item_application, recipeClass=class net.minecraft.world.item.crafting.RecipeHolder]
[24May2026 18:05:49.770] [Render thread/DEBUG] [mezz.jei.library.recipes.RecipeManagerInternal/]: Adding recipes: RecipeType[uid=create:deploying, recipeClass=class net.minecraft.world.item.crafting.RecipeHolder]
[24May2026 18:05:49.777] [Render thread/DEBUG] [mezz.jei.library.recipes.RecipeManagerInternal/]: Adding recipes: RecipeType[uid=create:spout_filling, recipeClass=class net.minecraft.world.item.crafting.RecipeHolder]
[24May2026 18:05:49.780] [Render thread/DEBUG] [mezz.jei.library.recipes.RecipeManagerInternal/]: Adding recipes: RecipeType[uid=create:draining, recipeClass=class net.minecraft.world.item.crafting.RecipeHolder]
[24May2026 18:05:49.782] [Render thread/DEBUG] [mezz.jei.library.recipes.RecipeManagerInternal/]: Adding recipes: RecipeType[uid=create:automatic_shaped, recipeClass=class net.minecraft.world.item.crafting.RecipeHolder]
[24May2026 18:05:49.795] [Render thread/DEBUG] [mezz.jei.library.recipes.RecipeManagerInternal/]: Adding recipes: RecipeType[uid=create:mechanical_crafting, recipeClass=class net.minecraft.world.item.crafting.RecipeHolder]
[24May2026 18:05:49.795] [Render thread/DEBUG] [mezz.jei.library.recipes.RecipeManagerInternal/]: Adding recipes: RecipeType[uid=create:sequenced_assembly, recipeClass=class net.minecraft.world.item.crafting.RecipeHolder]
[24May2026 18:05:49.797] [Render thread/DEBUG] [mezz.jei.library.recipes.RecipeManagerInternal/]: Adding recipes: RecipeType[uid=create:mystery_conversion, recipeClass=class net.minecraft.world.item.crafting.RecipeHolder]
[24May2026 18:05:49.798] [Render thread/DEBUG] [mezz.jei.library.recipes.RecipeManagerInternal/]: Adding recipes: RecipeType[uid=minecraft:crafting, recipeClass=class net.minecraft.world.item.crafting.RecipeHolder]
[24May2026 18:05:49.798] [Render thread/INFO] [mezz.jei.library.load.PluginCallerTimerRunnable/]: Registering recipes: create:jei_plugin took 86.51 milliseconds
[24May2026 18:05:49.798] [Render thread/DEBUG] [mezz.jei.library.load.PluginCallerTimerRunnable/]: Registering recipes: jei:internal...
[24May2026 18:05:49.799] [Render thread/DEBUG] [mezz.jei.library.plugins.jei.tags.TagInfoRecipeMaker/]: No valid ingredients found for minecraft:item tag: Water (c:drinks/water)
[24May2026 18:05:49.800] [Render thread/DEBUG] [mezz.jei.library.plugins.jei.tags.TagInfoRecipeMaker/]: No valid ingredients found for minecraft:item tag: #create:stone_types/galosphere/allurite (create:stone_types/galosphere/allurite)
[24May2026 18:05:49.800] [Render thread/DEBUG] [mezz.jei.library.plugins.jei.tags.TagInfoRecipeMaker/]: No valid ingredients found for minecraft:item tag: #create:blaze_burner_fuel/regular (create:blaze_burner_fuel/regular)
[24May2026 18:05:49.800] [Render thread/DEBUG] [mezz.jei.library.plugins.jei.tags.TagInfoRecipeMaker/]: No valid ingredients found for minecraft:item tag: Candies (c:foods/candy)
[24May2026 18:05:49.800] [Render thread/DEBUG] [mezz.jei.library.plugins.jei.tags.TagInfoRecipeMaker/]: No valid ingredients found for minecraft:item tag: Juice (c:drinks/juice)
[24May2026 18:05:49.801] [Render thread/DEBUG] [mezz.jei.library.plugins.jei.tags.TagInfoRecipeMaker/]: No valid ingredients found for minecraft:item tag: Ropes (c:ropes)
[24May2026 18:05:49.801] [Render thread/DEBUG] [mezz.jei.library.plugins.jei.tags.TagInfoRecipeMaker/]: No valid ingredients found for minecraft:item tag: #create:dispense_behavior_wrap_blacklist (create:dispense_behavior_wrap_blacklist)
[24May2026 18:05:49.801] [Render thread/DEBUG] [mezz.jei.library.plugins.jei.tags.TagInfoRecipeMaker/]: No valid ingredients found for minecraft:item tag: #create:stone_types/galosphere/amethyst (create:stone_types/galosphere/amethyst)
[24May2026 18:05:49.802] [Render thread/DEBUG] [mezz.jei.library.plugins.jei.tags.TagInfoRecipeMaker/]: No valid ingredients found for minecraft:item tag: #create:upgrade_aquatic/coral (create:upgrade_aquatic/coral)
[24May2026 18:05:49.802] [Render thread/DEBUG] [mezz.jei.library.plugins.jei.tags.TagInfoRecipeMaker/]: No valid ingredients found for minecraft:item tag: #create:stone_types/galosphere/lumiere (create:stone_types/galosphere/lumiere)
[24May2026 18:05:49.802] [Render thread/DEBUG] [mezz.jei.library.recipes.RecipeManagerInternal/]: Adding recipes: RecipeType[uid=minecraft:tag_recipes/item, recipeClass=interface mezz.jei.library.plugins.jei.tags.ITagInfoRecipe]
[24May2026 18:05:49.817] [Render thread/DEBUG] [mezz.jei.library.plugins.jei.tags.TagInfoRecipeMaker/]: No valid ingredients found for minecraft:fluid tag: Mushroom Stew (c:mushroom_stew)
[24May2026 18:05:49.817] [Render thread/DEBUG] [mezz.jei.library.plugins.jei.tags.TagInfoRecipeMaker/]: No valid ingredients found for minecraft:fluid tag: #create:fan_processing_catalysts/haunting (create:fan_processing_catalysts/haunting)
[24May2026 18:05:49.817] [Render thread/DEBUG] [mezz.jei.library.plugins.jei.tags.TagInfoRecipeMaker/]: No valid ingredients found for minecraft:fluid tag: Suspicious Stew (c:suspicious_stew)
[24May2026 18:05:49.817] [Render thread/DEBUG] [mezz.jei.library.plugins.jei.tags.TagInfoRecipeMaker/]: No valid ingredients found for minecraft:fluid tag: Potion (c:potion)
[24May2026 18:05:49.818] [Render thread/DEBUG] [mezz.jei.library.plugins.jei.tags.TagInfoRecipeMaker/]: No valid ingredients found for minecraft:fluid tag: #create:bottomless/deny (create:bottomless/deny)
[24May2026 18:05:49.818] [Render thread/DEBUG] [mezz.jei.library.plugins.jei.tags.TagInfoRecipeMaker/]: No valid ingredients found for minecraft:fluid tag: Experience (c:experience)
[24May2026 18:05:49.818] [Render thread/DEBUG] [mezz.jei.library.plugins.jei.tags.TagInfoRecipeMaker/]: No valid ingredients found for minecraft:fluid tag: #create:fan_processing_catalysts/smoking (create:fan_processing_catalysts/smoking)
[24May2026 18:05:49.818] [Render thread/DEBUG] [mezz.jei.library.plugins.jei.tags.TagInfoRecipeMaker/]: No valid ingredients found for minecraft:fluid tag: Rabbit Stew (c:rabbit_stew)
[24May2026 18:05:49.818] [Render thread/DEBUG] [mezz.jei.library.plugins.jei.tags.TagInfoRecipeMaker/]: No valid ingredients found for minecraft:fluid tag: Gaseous (c:gaseous)
[24May2026 18:05:49.818] [Render thread/DEBUG] [mezz.jei.library.plugins.jei.tags.TagInfoRecipeMaker/]: No valid ingredients found for minecraft:fluid tag: Beetroot Soup (c:beetroot_soup)
[24May2026 18:05:49.818] [Render thread/DEBUG] [mezz.jei.library.recipes.RecipeManagerInternal/]: Adding recipes: RecipeType[uid=minecraft:tag_recipes/fluid, recipeClass=interface mezz.jei.library.plugins.jei.tags.ITagInfoRecipe]
[24May2026 18:05:49.818] [Render thread/DEBUG] [mezz.jei.library.plugins.jei.tags.TagInfoRecipeMaker/]: No valid ingredients found for minecraft:block tag: #create:fan_processing_catalysts/splashing (create:fan_processing_catalysts/splashing)
[24May2026 18:05:49.819] [Render thread/DEBUG] [mezz.jei.library.plugins.jei.tags.TagInfoRecipeMaker/]: No valid ingredients found for minecraft:block tag: #farmersdelight:drops_cake_slice (farmersdelight:drops_cake_slice)
[24May2026 18:05:49.819] [Render thread/DEBUG] [mezz.jei.library.plugins.jei.tags.TagInfoRecipeMaker/]: No valid ingredients found for minecraft:block tag: #minecraft:fire (minecraft:fire)
[24May2026 18:05:49.819] [Render thread/DEBUG] [mezz.jei.library.plugins.jei.tags.TagInfoRecipeMaker/]: No valid ingredients found for minecraft:block tag: #minecraft:air (minecraft:air)
[24May2026 18:05:49.819] [Render thread/DEBUG] [mezz.jei.library.plugins.jei.tags.TagInfoRecipeMaker/]: No valid ingredients found for minecraft:block tag: Needs Netherite Tools (neoforge:needs_netherite_tool)
[24May2026 18:05:49.821] [Render thread/DEBUG] [mezz.jei.library.plugins.jei.tags.TagInfoRecipeMaker/]: No valid ingredients found for minecraft:block tag: #minecraft:incorrect_for_netherite_tool (minecraft:incorrect_for_netherite_tool)
[24May2026 18:05:49.821] [Render thread/DEBUG] [mezz.jei.library.plugins.jei.tags.TagInfoRecipeMaker/]: No valid ingredients found for minecraft:block tag: #c:mineable/knife (c:mineable/knife)
[24May2026 18:05:49.821] [Render thread/DEBUG] [mezz.jei.library.plugins.jei.tags.TagInfoRecipeMaker/]: No valid ingredients found for minecraft:block tag: #minecraft:candle_cakes (minecraft:candle_cakes)
[24May2026 18:05:49.821] [Render thread/DEBUG] [mezz.jei.library.plugins.jei.tags.TagInfoRecipeMaker/]: No valid ingredients found for minecraft:block tag: Enderman Place On Blacklist (neoforge:enderman_place_on_blacklist)
[24May2026 18:05:49.821] [Render thread/DEBUG] [mezz.jei.library.plugins.jei.tags.TagInfoRecipeMaker/]: No valid ingredients found for minecraft:block tag: #create:non_movable (create:non_movable)
[24May2026 18:05:49.822] [Render thread/DEBUG] [mezz.jei.library.plugins.jei.tags.TagInfoRecipeMaker/]: No valid ingredients found for minecraft:block tag: #create:non_breakable (create:non_breakable)
[24May2026 18:05:49.822] [Render thread/DEBUG] [mezz.jei.library.plugins.jei.tags.TagInfoRecipeMaker/]: No valid ingredients found for minecraft:block tag: #minecraft:portals (minecraft:portals)
[24May2026 18:05:49.822] [Render thread/DEBUG] [mezz.jei.library.plugins.jei.tags.TagInfoRecipeMaker/]: No valid ingredients found for minecraft:block tag: #create:non_harvestable (create:non_harvestable)
[24May2026 18:05:49.822] [Render thread/DEBUG] [mezz.jei.library.plugins.jei.tags.TagInfoRecipeMaker/]: No valid ingredients found for minecraft:block tag: #minecraft:incorrect_for_diamond_tool (minecraft:incorrect_for_diamond_tool)
[24May2026 18:05:49.822] [Render thread/DEBUG] [mezz.jei.library.plugins.jei.tags.TagInfoRecipeMaker/]: No valid ingredients found for minecraft:block tag: #create:fallback_mounted_storage_blacklist (create:fallback_mounted_storage_blacklist)
[24May2026 18:05:49.822] [Render thread/DEBUG] [mezz.jei.library.plugins.jei.tags.TagInfoRecipeMaker/]: No valid ingredients found for minecraft:block tag: #minecraft:strider_warm_blocks (minecraft:strider_warm_blocks)
[24May2026 18:05:49.822] [Render thread/DEBUG] [mezz.jei.library.plugins.jei.tags.TagInfoRecipeMaker/]: No valid ingredients found for minecraft:block tag: #minecraft:water (minecraft:water)
[24May2026 18:05:49.823] [Render thread/DEBUG] [mezz.jei.library.plugins.jei.tags.TagInfoRecipeMaker/]: No valid ingredients found for minecraft:block tag: #minecraft:invalid_spawn_inside (minecraft:invalid_spawn_inside)
[24May2026 18:05:49.823] [Render thread/DEBUG] [mezz.jei.library.plugins.jei.tags.TagInfoRecipeMaker/]: No valid ingredients found for minecraft:block tag: Ropes (c:ropes)
[24May2026 18:05:49.823] [Render thread/DEBUG] [mezz.jei.library.recipes.RecipeManagerInternal/]: Adding recipes: RecipeType[uid=minecraft:tag_recipes/block, recipeClass=interface mezz.jei.library.plugins.jei.tags.ITagInfoRecipe]
[24May2026 18:05:49.844] [Render thread/INFO] [mezz.jei.library.load.PluginCallerTimerRunnable/]: Registering recipes: jei:internal took 45.02 milliseconds
[24May2026 18:05:49.845] [Render thread/INFO] [mezz.jei.library.load.PluginCaller/]: Registering recipes took 491.3 milliseconds
[24May2026 18:05:49.860] [Render thread/INFO] [mezz.jei.library.load.PluginCaller/]: Registering recipes transfer handlers...
[24May2026 18:05:49.861] [Render thread/DEBUG] [mezz.jei.library.load.PluginCallerTimerRunnable/]: Registering recipes transfer handlers: jei:minecraft...
[24May2026 18:05:49.861] [Render thread/DEBUG] [mezz.jei.library.load.PluginCallerTimerRunnable/]: Registering recipes transfer handlers: farmersdelight:jei_plugin...
[24May2026 18:05:49.862] [Render thread/DEBUG] [mezz.jei.library.load.PluginCallerTimerRunnable/]: Registering recipes transfer handlers: emi:jemi...
[24May2026 18:05:49.863] [Render thread/DEBUG] [mezz.jei.library.load.PluginCallerTimerRunnable/]: Registering recipes transfer handlers: jade:main...
[24May2026 18:05:49.863] [Render thread/DEBUG] [mezz.jei.library.load.PluginCallerTimerRunnable/]: Registering recipes transfer handlers: jei:neoforge_gui...
[24May2026 18:05:49.863] [Render thread/DEBUG] [mezz.jei.library.load.PluginCallerTimerRunnable/]: Registering recipes transfer handlers: jei:debug...
[24May2026 18:05:49.863] [Render thread/DEBUG] [mezz.jei.library.load.PluginCallerTimerRunnable/]: Registering recipes transfer handlers: jei:gui...
[24May2026 18:05:49.863] [Render thread/DEBUG] [mezz.jei.library.load.PluginCallerTimerRunnable/]: Registering recipes transfer handlers: block_detective:jei_plugin...
[24May2026 18:05:49.863] [Render thread/DEBUG] [mezz.jei.library.load.PluginCallerTimerRunnable/]: Registering recipes transfer handlers: create:jei_plugin...
[24May2026 18:05:49.864] [Render thread/DEBUG] [mezz.jei.library.load.PluginCallerTimerRunnable/]: Registering recipes transfer handlers: jei:internal...
[24May2026 18:05:49.864] [Render thread/INFO] [mezz.jei.library.load.PluginCaller/]: Registering recipes transfer handlers took 2.873 milliseconds
[24May2026 18:05:49.871] [Render thread/INFO] [mezz.jei.core.util.LoggedTimer/]: Building runtime...
[24May2026 18:05:49.876] [Render thread/INFO] [mezz.jei.library.load.PluginCaller/]: Registering gui handlers...
[24May2026 18:05:49.876] [Render thread/DEBUG] [mezz.jei.library.load.PluginCallerTimerRunnable/]: Registering gui handlers: jei:minecraft...
[24May2026 18:05:49.876] [Render thread/DEBUG] [mezz.jei.library.load.PluginCallerTimerRunnable/]: Registering gui handlers: farmersdelight:jei_plugin...
[24May2026 18:05:49.877] [Render thread/DEBUG] [mezz.jei.library.load.PluginCallerTimerRunnable/]: Registering gui handlers: emi:jemi...
[24May2026 18:05:49.877] [Render thread/DEBUG] [mezz.jei.library.load.PluginCallerTimerRunnable/]: Registering gui handlers: jade:main...
[24May2026 18:05:49.877] [Render thread/DEBUG] [mezz.jei.library.load.PluginCallerTimerRunnable/]: Registering gui handlers: jei:neoforge_gui...
[24May2026 18:05:49.877] [Render thread/DEBUG] [mezz.jei.library.load.PluginCallerTimerRunnable/]: Registering gui handlers: jei:debug...
[24May2026 18:05:49.877] [Render thread/DEBUG] [mezz.jei.library.load.PluginCallerTimerRunnable/]: Registering gui handlers: jei:gui...
[24May2026 18:05:49.877] [Render thread/DEBUG] [mezz.jei.library.load.PluginCallerTimerRunnable/]: Registering gui handlers: block_detective:jei_plugin...
[24May2026 18:05:49.877] [Render thread/DEBUG] [mezz.jei.library.load.PluginCallerTimerRunnable/]: Registering gui handlers: create:jei_plugin...
[24May2026 18:05:49.877] [Render thread/DEBUG] [mezz.jei.library.load.PluginCallerTimerRunnable/]: Registering gui handlers: jei:internal...
[24May2026 18:05:49.878] [Render thread/INFO] [mezz.jei.library.load.PluginCaller/]: Registering gui handlers took 1.904 milliseconds
[24May2026 18:05:49.879] [Render thread/INFO] [mezz.jei.library.load.PluginCaller/]: Registering Runtime...
[24May2026 18:05:49.879] [Render thread/DEBUG] [mezz.jei.library.load.PluginCallerTimerRunnable/]: Registering Runtime: jei:minecraft...
[24May2026 18:05:49.879] [Render thread/DEBUG] [mezz.jei.library.load.PluginCallerTimerRunnable/]: Registering Runtime: farmersdelight:jei_plugin...
[24May2026 18:05:49.879] [Render thread/DEBUG] [mezz.jei.library.load.PluginCallerTimerRunnable/]: Registering Runtime: emi:jemi...
[24May2026 18:05:49.881] [Render thread/DEBUG] [mezz.jei.library.load.PluginCallerTimerRunnable/]: Registering Runtime: jade:main...
[24May2026 18:05:49.881] [Render thread/DEBUG] [mezz.jei.library.load.PluginCallerTimerRunnable/]: Registering Runtime: jei:neoforge_gui...
[24May2026 18:05:49.881] [Render thread/DEBUG] [mezz.jei.library.load.PluginCallerTimerRunnable/]: Registering Runtime: jei:debug...
[24May2026 18:05:49.881] [Render thread/DEBUG] [mezz.jei.library.load.PluginCallerTimerRunnable/]: Registering Runtime: jei:gui...
[24May2026 18:05:49.881] [Render thread/DEBUG] [mezz.jei.library.load.PluginCallerTimerRunnable/]: Registering Runtime: block_detective:jei_plugin...
[24May2026 18:05:49.881] [Render thread/DEBUG] [mezz.jei.library.load.PluginCallerTimerRunnable/]: Registering Runtime: create:jei_plugin...
[24May2026 18:05:49.881] [Render thread/DEBUG] [mezz.jei.library.load.PluginCallerTimerRunnable/]: Registering Runtime: jei:internal...
[24May2026 18:05:49.881] [Render thread/INFO] [mezz.jei.library.load.PluginCaller/]: Registering Runtime took 1.600 milliseconds
[24May2026 18:05:49.881] [Render thread/INFO] [mezz.jei.core.util.LoggedTimer/]: Building runtime took 10.28 milliseconds
[24May2026 18:05:49.881] [Render thread/INFO] [mezz.jei.library.load.PluginCaller/]: Sending Runtime...
[24May2026 18:05:49.882] [Render thread/DEBUG] [mezz.jei.library.load.PluginCallerTimerRunnable/]: Sending Runtime: jei:minecraft...
[24May2026 18:05:49.882] [Render thread/DEBUG] [mezz.jei.library.load.PluginCallerTimerRunnable/]: Sending Runtime: farmersdelight:jei_plugin...
[24May2026 18:05:49.882] [Render thread/DEBUG] [mezz.jei.library.load.PluginCallerTimerRunnable/]: Sending Runtime: emi:jemi...
[24May2026 18:05:49.882] [Render thread/DEBUG] [mezz.jei.library.load.PluginCallerTimerRunnable/]: Sending Runtime: jade:main...
[24May2026 18:05:49.882] [Render thread/DEBUG] [mezz.jei.library.load.PluginCallerTimerRunnable/]: Sending Runtime: jei:neoforge_gui...
[24May2026 18:05:49.882] [Render thread/DEBUG] [mezz.jei.library.load.PluginCallerTimerRunnable/]: Sending Runtime: jei:debug...
[24May2026 18:05:49.882] [Render thread/DEBUG] [mezz.jei.library.load.PluginCallerTimerRunnable/]: Sending Runtime: jei:gui...
[24May2026 18:05:49.882] [Render thread/DEBUG] [mezz.jei.library.load.PluginCallerTimerRunnable/]: Sending Runtime: block_detective:jei_plugin...
[24May2026 18:05:49.882] [Render thread/DEBUG] [mezz.jei.library.load.PluginCallerTimerRunnable/]: Sending Runtime: create:jei_plugin...
[24May2026 18:05:49.882] [Render thread/DEBUG] [mezz.jei.library.load.PluginCallerTimerRunnable/]: Sending Runtime: jei:internal...
[24May2026 18:05:49.882] [Render thread/INFO] [mezz.jei.library.load.PluginCaller/]: Sending Runtime took 480.9 microseconds
[24May2026 18:05:49.882] [Render thread/INFO] [mezz.jei.core.util.LoggedTimer/]: Starting JEI took 704.4 milliseconds
[24May2026 18:05:49.882] [Render thread/INFO] [EMI/]: [EMI] Tags synchronized, reloading EMI
[24May2026 18:05:49.882] [Render thread/INFO] [EMI/]: [EMI] Starting Reload
[24May2026 18:05:49.884] [Thread-17/INFO] [EMI/]: [EMI] Starting EMI reload...
[24May2026 18:05:49.884] [Thread-17/INFO] [EMI/]: [EMI] Clearing data
[24May2026 18:05:49.896] [Render thread/INFO] [snownee.jade.Jade/]: Received config from the server: 
[24May2026 18:05:49.897] [Render thread/INFO] [net.minecraft.advancements.AdvancementTree/]: Loaded 86 advancements
[24May2026 18:05:49.904] [Thread-17/INFO] [EMI/]: [EMI] Initializing plugin from emi
[24May2026 18:05:49.908] [Thread-17/INFO] [EMI/]: [EMI] Initialized plugin from emi in 3ms
[24May2026 18:05:49.908] [Thread-17/INFO] [EMI/]: [EMI] Initializing plugin from emi_loot
[24May2026 18:05:49.909] [Thread-17/INFO] [EMI/]: [EMI] Initialized plugin from emi_loot in 1ms
[24May2026 18:05:49.909] [Thread-17/INFO] [EMI/]: [EMI] Initializing plugin from jemi
[24May2026 18:05:49.909] [Thread-17/INFO] [EMI/]: [EMI] Initialized plugin from jemi in 0ms
[24May2026 18:05:49.910] [Thread-17/INFO] [EMI/]: [EMI] Processing tags
[24May2026 18:05:49.911] [Thread-17/ERROR] [EMI/]: [EMI] Untranslated tag #c:chocolates
[24May2026 18:05:49.911] [Thread-17/ERROR] [EMI/]: [EMI] Untranslated tag #c:lemonade
[24May2026 18:05:49.911] [Thread-17/ERROR] [EMI/]: [EMI] Untranslated tag #c:teas
[24May2026 18:05:49.911] [Thread-17/ERROR] [EMI/]: [EMI] Untranslated tag #create:bottomless/allow
[24May2026 18:05:49.911] [Thread-17/ERROR] [EMI/]: [EMI] Untranslated tag #create:fan_processing_catalysts/blasting
[24May2026 18:05:49.911] [Thread-17/ERROR] [EMI/]: [EMI] Untranslated tag #create:fan_processing_catalysts/splashing
[24May2026 18:05:49.911] [Thread-17/INFO] [EMI/]: [EMI]  Tag warning can be disabled in the config, EMI docs describe how to add a translation or exclude tags.
[24May2026 18:05:49.914] [Thread-17/ERROR] [EMI/]: [EMI] Untranslated tag #c:crops/cabbage
[24May2026 18:05:49.914] [Thread-17/ERROR] [EMI/]: [EMI] Untranslated tag #c:crops/grain
[24May2026 18:05:49.914] [Thread-17/ERROR] [EMI/]: [EMI] Untranslated tag #c:crops/onion
[24May2026 18:05:49.914] [Thread-17/ERROR] [EMI/]: [EMI] Untranslated tag #c:crops/rice
[24May2026 18:05:49.914] [Thread-17/ERROR] [EMI/]: [EMI] Untranslated tag #c:crops/tomato
[24May2026 18:05:49.914] [Thread-17/ERROR] [EMI/]: [EMI] Untranslated tag #c:doughs
[24May2026 18:05:49.914] [Thread-17/ERROR] [EMI/]: [EMI] Untranslated tag #c:doughs/wheat
[24May2026 18:05:49.914] [Thread-17/ERROR] [EMI/]: [EMI] Untranslated tag #c:dusts/obsidian
[24May2026 18:05:49.914] [Thread-17/ERROR] [EMI/]: [EMI] Untranslated tag #c:flours
[24May2026 18:05:49.914] [Thread-17/ERROR] [EMI/]: [EMI] Untranslated tag #c:flours/wheat
[24May2026 18:05:49.914] [Thread-17/ERROR] [EMI/]: [EMI] Untranslated tag #c:foods/cabbage
[24May2026 18:05:49.915] [Thread-17/ERROR] [EMI/]: [EMI] Untranslated tag #c:foods/cooked_bacon
[24May2026 18:05:49.915] [Thread-17/ERROR] [EMI/]: [EMI] Untranslated tag #c:foods/cooked_beef
[24May2026 18:05:49.915] [Thread-17/ERROR] [EMI/]: [EMI] Untranslated tag #c:foods/cooked_chicken
[24May2026 18:05:49.915] [Thread-17/ERROR] [EMI/]: [EMI] Untranslated tag #c:foods/cooked_cod
[24May2026 18:05:49.915] [Thread-17/ERROR] [EMI/]: [EMI] Untranslated tag #c:foods/cooked_egg
[24May2026 18:05:49.915] [Thread-17/ERROR] [EMI/]: [EMI] Untranslated tag #c:foods/cooked_mutton
[24May2026 18:05:49.915] [Thread-17/ERROR] [EMI/]: [EMI] Untranslated tag #c:foods/cooked_pork
[24May2026 18:05:49.915] [Thread-17/ERROR] [EMI/]: [EMI] Untranslated tag #c:foods/cooked_salmon
[24May2026 18:05:49.915] [Thread-17/ERROR] [EMI/]: [EMI] Untranslated tag #c:foods/dough
[24May2026 18:05:49.915] [Thread-17/ERROR] [EMI/]: [EMI] Untranslated tag #c:foods/leafy_green
[24May2026 18:05:49.915] [Thread-17/ERROR] [EMI/]: [EMI] Untranslated tag #c:foods/milk
[24May2026 18:05:49.915] [Thread-17/ERROR] [EMI/]: [EMI] Untranslated tag #c:foods/onion
[24May2026 18:05:49.915] [Thread-17/ERROR] [EMI/]: [EMI] Untranslated tag #c:foods/pasta
[24May2026 18:05:49.915] [Thread-17/ERROR] [EMI/]: [EMI] Untranslated tag #c:foods/raw_bacon
[24May2026 18:05:49.915] [Thread-17/ERROR] [EMI/]: [EMI] Untranslated tag #c:foods/raw_beef
[24May2026 18:05:49.915] [Thread-17/ERROR] [EMI/]: [EMI] Untranslated tag #c:foods/raw_chicken
[24May2026 18:05:49.915] [Thread-17/ERROR] [EMI/]: [EMI] Untranslated tag #c:foods/raw_cod
[24May2026 18:05:49.915] [Thread-17/ERROR] [EMI/]: [EMI] Untranslated tag #c:foods/raw_mutton
[24May2026 18:05:49.915] [Thread-17/ERROR] [EMI/]: [EMI] Untranslated tag #c:foods/raw_pork
[24May2026 18:05:49.915] [Thread-17/ERROR] [EMI/]: [EMI] Untranslated tag #c:foods/raw_salmon
[24May2026 18:05:49.915] [Thread-17/ERROR] [EMI/]: [EMI] Untranslated tag #c:foods/safe_raw_fish
[24May2026 18:05:49.915] [Thread-17/ERROR] [EMI/]: [EMI] Untranslated tag #c:foods/tomato
[24May2026 18:05:49.915] [Thread-17/ERROR] [EMI/]: [EMI] Untranslated tag #c:ingots/brass
[24May2026 18:05:49.915] [Thread-17/ERROR] [EMI/]: [EMI] Untranslated tag #c:ingots/zinc
[24May2026 18:05:49.915] [Thread-17/ERROR] [EMI/]: [EMI] Untranslated tag #c:nuggets/brass
[24May2026 18:05:49.915] [Thread-17/ERROR] [EMI/]: [EMI] Untranslated tag #c:nuggets/zinc
[24May2026 18:05:49.915] [Thread-17/ERROR] [EMI/]: [EMI] Untranslated tag #c:ores/zinc
[24May2026 18:05:49.915] [Thread-17/ERROR] [EMI/]: [EMI] Untranslated tag #c:plates/brass
[24May2026 18:05:49.916] [Thread-17/ERROR] [EMI/]: [EMI] Untranslated tag #c:plates/cardboard
[24May2026 18:05:49.916] [Thread-17/ERROR] [EMI/]: [EMI] Untranslated tag #c:plates/obsidian
[24May2026 18:05:49.916] [Thread-17/ERROR] [EMI/]: [EMI] Untranslated tag #c:raw_materials/zinc
[24May2026 18:05:49.916] [Thread-17/ERROR] [EMI/]: [EMI] Untranslated tag #c:storage_blocks/andesite_alloy
[24May2026 18:05:49.916] [Thread-17/ERROR] [EMI/]: [EMI] Untranslated tag #c:storage_blocks/beetroot
[24May2026 18:05:49.916] [Thread-17/ERROR] [EMI/]: [EMI] Untranslated tag #c:storage_blocks/brass
[24May2026 18:05:49.926] [Thread-17/ERROR] [EMI/]: [EMI] Untranslated tag #c:storage_blocks/cabbage
[24May2026 18:05:49.926] [Thread-17/ERROR] [EMI/]: [EMI] Untranslated tag #c:storage_blocks/cardboard
[24May2026 18:05:49.926] [Thread-17/ERROR] [EMI/]: [EMI] Untranslated tag #c:storage_blocks/carrot
[24May2026 18:05:49.926] [Thread-17/ERROR] [EMI/]: [EMI] Untranslated tag #c:storage_blocks/onion
[24May2026 18:05:49.926] [Thread-17/ERROR] [EMI/]: [EMI] Untranslated tag #c:storage_blocks/potato
[24May2026 18:05:49.926] [Thread-17/ERROR] [EMI/]: [EMI] Untranslated tag #c:storage_blocks/raw_zinc
[24May2026 18:05:49.926] [Thread-17/ERROR] [EMI/]: [EMI] Untranslated tag #c:storage_blocks/rice
[24May2026 18:05:49.926] [Thread-17/ERROR] [EMI/]: [EMI] Untranslated tag #c:storage_blocks/rice_panicle
[24May2026 18:05:49.926] [Thread-17/ERROR] [EMI/]: [EMI] Untranslated tag #c:storage_blocks/straw
[24May2026 18:05:49.926] [Thread-17/ERROR] [EMI/]: [EMI] Untranslated tag #c:storage_blocks/tomato
[24May2026 18:05:49.926] [Thread-17/ERROR] [EMI/]: [EMI] Untranslated tag #c:storage_blocks/zinc
[24May2026 18:05:49.927] [Thread-17/ERROR] [EMI/]: [EMI] Untranslated tag #c:tools/knife
[24May2026 18:05:49.927] [Thread-17/ERROR] [EMI/]: [EMI] Untranslated tag #create:blaze_burner_fuel/special
[24May2026 18:05:49.927] [Thread-17/ERROR] [EMI/]: [EMI] Untranslated tag #create:casing
[24May2026 18:05:49.927] [Thread-17/ERROR] [EMI/]: [EMI] Untranslated tag #create:chain_rideable
[24May2026 18:05:49.927] [Thread-17/ERROR] [EMI/]: [EMI] Untranslated tag #create:contraption_controlled
[24May2026 18:05:49.927] [Thread-17/ERROR] [EMI/]: [EMI] Untranslated tag #create:create_ingots
[24May2026 18:05:49.927] [Thread-17/ERROR] [EMI/]: [EMI] Untranslated tag #create:crushed_raw_materials
[24May2026 18:05:49.927] [Thread-17/ERROR] [EMI/]: [EMI] Untranslated tag #create:deployable_drink
[24May2026 18:05:49.927] [Thread-17/ERROR] [EMI/]: [EMI] Untranslated tag #create:dyed_table_cloths
[24May2026 18:05:49.927] [Thread-17/ERROR] [EMI/]: [EMI] Untranslated tag #create:invalid_for_track_paving
[24May2026 18:05:49.927] [Thread-17/ERROR] [EMI/]: [EMI] Untranslated tag #create:packages
[24May2026 18:05:49.927] [Thread-17/ERROR] [EMI/]: [EMI] Untranslated tag #create:postboxes
[24May2026 18:05:49.927] [Thread-17/ERROR] [EMI/]: [EMI] Untranslated tag #create:pressurized_air_sources
[24May2026 18:05:49.927] [Thread-17/ERROR] [EMI/]: [EMI] Untranslated tag #create:pulpifiable
[24May2026 18:05:49.927] [Thread-17/ERROR] [EMI/]: [EMI] Untranslated tag #create:sandpaper
[24May2026 18:05:49.927] [Thread-17/ERROR] [EMI/]: [EMI] Untranslated tag #create:seats
[24May2026 18:05:49.927] [Thread-17/ERROR] [EMI/]: [EMI] Untranslated tag #create:sleepers
[24May2026 18:05:49.927] [Thread-17/ERROR] [EMI/]: [EMI] Untranslated tag #create:stone_types/andesite
[24May2026 18:05:49.927] [Thread-17/ERROR] [EMI/]: [EMI] Untranslated tag #create:stone_types/asurine
[24May2026 18:05:49.927] [Thread-17/ERROR] [EMI/]: [EMI] Untranslated tag #create:stone_types/calcite
[24May2026 18:05:49.927] [Thread-17/ERROR] [EMI/]: [EMI] Untranslated tag #create:stone_types/crimsite
[24May2026 18:05:49.927] [Thread-17/ERROR] [EMI/]: [EMI] Untranslated tag #create:stone_types/deepslate
[24May2026 18:05:49.927] [Thread-17/ERROR] [EMI/]: [EMI] Untranslated tag #create:stone_types/diorite
[24May2026 18:05:49.927] [Thread-17/ERROR] [EMI/]: [EMI] Untranslated tag #create:stone_types/dripstone
[24May2026 18:05:49.927] [Thread-17/ERROR] [EMI/]: [EMI] Untranslated tag #create:stone_types/granite
[24May2026 18:05:49.928] [Thread-17/ERROR] [EMI/]: [EMI] Untranslated tag #create:stone_types/limestone
[24May2026 18:05:49.928] [Thread-17/ERROR] [EMI/]: [EMI] Untranslated tag #create:stone_types/ochrum
[24May2026 18:05:49.928] [Thread-17/ERROR] [EMI/]: [EMI] Untranslated tag #create:stone_types/scorchia
[24May2026 18:05:49.928] [Thread-17/ERROR] [EMI/]: [EMI] Untranslated tag #create:stone_types/scoria
[24May2026 18:05:49.928] [Thread-17/ERROR] [EMI/]: [EMI] Untranslated tag #create:stone_types/tuff
[24May2026 18:05:49.928] [Thread-17/ERROR] [EMI/]: [EMI] Untranslated tag #create:stone_types/veridium
[24May2026 18:05:49.928] [Thread-17/ERROR] [EMI/]: [EMI] Untranslated tag #create:table_cloths
[24May2026 18:05:49.928] [Thread-17/ERROR] [EMI/]: [EMI] Untranslated tag #create:toolboxes
[24May2026 18:05:49.928] [Thread-17/ERROR] [EMI/]: [EMI] Untranslated tag #create:tracks
[24May2026 18:05:49.928] [Thread-17/ERROR] [EMI/]: [EMI] Untranslated tag #create:upright_on_belt
[24May2026 18:05:49.928] [Thread-17/ERROR] [EMI/]: [EMI] Untranslated tag #create:valve_handles
[24May2026 18:05:49.928] [Thread-17/ERROR] [EMI/]: [EMI] Untranslated tag #createaddition:plant_food
[24May2026 18:05:49.928] [Thread-17/ERROR] [EMI/]: [EMI] Untranslated tag #createaddition:plant_foods
[24May2026 18:05:49.928] [Thread-17/ERROR] [EMI/]: [EMI] Untranslated tag #createaddition:plants
[24May2026 18:05:49.929] [Thread-17/ERROR] [EMI/]: [EMI] Untranslated tag #curios:head
[24May2026 18:05:49.929] [Thread-17/ERROR] [EMI/]: [EMI] Untranslated tag #farmersdelight:cabbage_roll_ingredients
[24May2026 18:05:49.929] [Thread-17/ERROR] [EMI/]: [EMI] Untranslated tag #farmersdelight:cabinets
[24May2026 18:05:49.929] [Thread-17/ERROR] [EMI/]: [EMI] Untranslated tag #farmersdelight:cabinets/wooden
[24May2026 18:05:49.929] [Thread-17/ERROR] [EMI/]: [EMI] Untranslated tag #farmersdelight:canvas_signs
[24May2026 18:05:49.929] [Thread-17/ERROR] [EMI/]: [EMI] Untranslated tag #farmersdelight:drinks
[24May2026 18:05:49.929] [Thread-17/ERROR] [EMI/]: [EMI] Untranslated tag #farmersdelight:enchantable/knife
[24May2026 18:05:49.929] [Thread-17/ERROR] [EMI/]: [EMI] Untranslated tag #farmersdelight:feasts
[24May2026 18:05:49.929] [Thread-17/ERROR] [EMI/]: [EMI] Untranslated tag #farmersdelight:flat_on_cutting_board
[24May2026 18:05:49.929] [Thread-17/ERROR] [EMI/]: [EMI] Untranslated tag #farmersdelight:hanging_canvas_signs
[24May2026 18:05:49.929] [Thread-17/ERROR] [EMI/]: [EMI] Untranslated tag #farmersdelight:meals
[24May2026 18:05:49.929] [Thread-17/ERROR] [EMI/]: [EMI] Untranslated tag #farmersdelight:offhand_equipment
[24May2026 18:05:49.929] [Thread-17/ERROR] [EMI/]: [EMI] Untranslated tag #farmersdelight:serving_containers
[24May2026 18:05:49.929] [Thread-17/ERROR] [EMI/]: [EMI] Untranslated tag #farmersdelight:straw_harvesters
[24May2026 18:05:49.929] [Thread-17/ERROR] [EMI/]: [EMI] Untranslated tag #farmersdelight:tools/knives
[24May2026 18:05:49.929] [Thread-17/ERROR] [EMI/]: [EMI] Untranslated tag #farmersdelight:wild_crops
[24May2026 18:05:49.929] [Thread-17/ERROR] [EMI/]: [EMI] Untranslated tag #origins:meat
[24May2026 18:05:49.929] [Thread-17/ERROR] [EMI/]: [EMI] Untranslated tag #sereneseasons:autumn_crops
[24May2026 18:05:49.929] [Thread-17/ERROR] [EMI/]: [EMI] Untranslated tag #sereneseasons:spring_crops
[24May2026 18:05:49.929] [Thread-17/ERROR] [EMI/]: [EMI] Untranslated tag #sereneseasons:summer_crops
[24May2026 18:05:49.929] [Thread-17/ERROR] [EMI/]: [EMI] Untranslated tag #sereneseasons:winter_crops
[24May2026 18:05:49.929] [Thread-17/ERROR] [EMI/]: [EMI] Untranslated tag #tconstruct:seeds
[24May2026 18:05:49.929] [Thread-17/INFO] [EMI/]: [EMI]  Tag warning can be disabled in the config, EMI docs describe how to add a translation or exclude tags.
[24May2026 18:05:49.957] [Thread-17/INFO] [EMI/]: [EMI] Constructing index
[24May2026 18:05:49.962] [Thread-17/INFO] [EMI/]: [EMI] Reloading item groups on client thread...
[24May2026 18:05:49.992] [Thread-17/INFO] [EMI/]: [EMI] Reloading item groups on client thread took 29ms
[24May2026 18:05:50.005] [Thread-17/INFO] [EMI/]: [EMI] Loading plugin from emi
[24May2026 18:05:50.193] [Thread-17/INFO] [EMI/]: [EMI] Reloaded plugin from emi in 188ms
[24May2026 18:05:50.193] [Thread-17/INFO] [EMI/]: [EMI] Loading plugin from emi_loot
[24May2026 18:05:50.195] [ForkJoinPool.commonPool-worker-3/INFO] [emi_loot/]: Built 6 archaeology loot recipes in 0ms
[24May2026 18:05:50.195] [ForkJoinPool.commonPool-worker-7/INFO] [emi_loot/]: Built 59 chest loot recipes in 0ms
[24May2026 18:05:50.195] [ForkJoinPool.commonPool-worker-5/INFO] [emi_loot/]: Built 20 gameplay loot recipes in 1ms
[24May2026 18:05:50.195] [Flywheel Task Executor #5/DEBUG] [io.netty.util.internal.ThreadLocalRandom/]: -Dio.netty.initialSeedUniquifier: 0x4409f929c15a8d39
[24May2026 18:05:50.196] [Thread-17/INFO] [emi_loot/]: Registered gameplay loot recipes after 1ms
[24May2026 18:05:50.196] [Thread-17/INFO] [emi_loot/]: Registered archaeology loot recipes after 1ms
[24May2026 18:05:50.197] [ForkJoinPool.commonPool-worker-10/INFO] [emi_loot/]: Built 78 mob loot recipes in 3ms
[24May2026 18:05:50.198] [Thread-17/INFO] [emi_loot/]: Registered mob loot recipes after 3ms
[24May2026 18:05:50.198] [Thread-17/INFO] [emi_loot/]: Registered chest loot recipes after 3ms
[24May2026 18:05:50.200] [ForkJoinPool.commonPool-worker-8/INFO] [emi_loot/]: Built 1714 block loot recipes in 3ms
[24May2026 18:05:50.200] [Thread-17/INFO] [emi_loot/]: Registered all loot recipes after 4ms
[24May2026 18:05:50.200] [Thread-17/INFO] [EMI/]: [EMI] Reloaded plugin from emi_loot in 7ms
[24May2026 18:05:50.200] [Thread-17/INFO] [EMI/]: [EMI] Loading plugin from jemi
[24May2026 18:05:50.200] [Thread-17/INFO] [EMI/]: [EMI] [JEMI] Waiting for JEI to finish reloading...
[24May2026 18:05:50.200] [Thread-17/INFO] [EMI/]: [EMI] Waiting for JEI to finish...
[24May2026 18:05:50.200] [Thread-17/INFO] [EMI/]: [EMI] [JEMI] JEI reloaded!
[24May2026 18:05:50.203] [Thread-17/INFO] [EMI/]: [EMI] Loading information from JEI...
[24May2026 18:05:50.204] [Thread-17/INFO] [EMI/]: [EMI] Processing JEI stacks...
[24May2026 18:05:50.204] [Thread-17/INFO] [EMI/]: [EMI] Processing JEI subtypes...
[24May2026 18:05:50.206] [Thread-17/INFO] [EMI/]: [EMI] Processing JEI recipes...
[24May2026 18:05:50.207] [Thread-17/INFO] [EMI/]: [EMI] [JEMI] Collecting data for Crafting
[24May2026 18:05:50.207] [Thread-17/INFO] [EMI/]: [EMI] Loading JEI data for Crafting
[24May2026 18:05:50.214] [Thread-17/INFO] [EMI/]: [EMI] [JEMI] Collecting data for Anvil
[24May2026 18:05:50.214] [Thread-17/INFO] [EMI/]: [EMI] Loading JEI data for Anvil
[24May2026 18:05:50.214] [Thread-17/INFO] [EMI/]: [EMI] [JEMI] Collecting data for Blasting
[24May2026 18:05:50.214] [Thread-17/INFO] [EMI/]: [EMI] Loading JEI data for Blasting
[24May2026 18:05:50.214] [Thread-17/INFO] [EMI/]: [EMI] [JEMI] Collecting data for Brewing
[24May2026 18:05:50.214] [Thread-17/INFO] [EMI/]: [EMI] Loading JEI data for Brewing
[24May2026 18:05:50.214] [Thread-17/INFO] [EMI/]: [EMI] [JEMI] Collecting data for Campfire Cooking
[24May2026 18:05:50.214] [Thread-17/INFO] [EMI/]: [EMI] Loading JEI data for Campfire Cooking
[24May2026 18:05:50.214] [Thread-17/INFO] [EMI/]: [EMI] [JEMI] Collecting data for Composting
[24May2026 18:05:50.214] [Thread-17/INFO] [EMI/]: [EMI] Loading JEI data for Composting
[24May2026 18:05:50.215] [Thread-17/INFO] [EMI/]: [EMI] [JEMI] Collecting data for Fuel
[24May2026 18:05:50.215] [Thread-17/INFO] [EMI/]: [EMI] Loading JEI data for Fuel
[24May2026 18:05:50.215] [Thread-17/INFO] [EMI/]: [EMI] [JEMI] Collecting data for Grindstone
[24May2026 18:05:50.215] [Thread-17/INFO] [EMI/]: [EMI] Loading JEI data for Grindstone
[24May2026 18:05:50.215] [Thread-17/INFO] [EMI/]: [EMI] [JEMI] Collecting data for Smelting
[24May2026 18:05:50.215] [Thread-17/INFO] [EMI/]: [EMI] Loading JEI data for Smelting
[24May2026 18:05:50.215] [Thread-17/INFO] [EMI/]: [EMI] [JEMI] Collecting data for Smithing Table
[24May2026 18:05:50.215] [Thread-17/INFO] [EMI/]: [EMI] Loading JEI data for Smithing Table
[24May2026 18:05:50.215] [Thread-17/INFO] [EMI/]: [EMI] [JEMI] Collecting data for Smoking
[24May2026 18:05:50.216] [Thread-17/INFO] [EMI/]: [EMI] Loading JEI data for Smoking
[24May2026 18:05:50.216] [Thread-17/INFO] [EMI/]: [EMI] [JEMI] Collecting data for Stonecutting
[24May2026 18:05:50.216] [Thread-17/INFO] [EMI/]: [EMI] Loading JEI data for Stonecutting
[24May2026 18:05:50.216] [Thread-17/INFO] [EMI/]: [EMI] [JEMI] Collecting data for Block Tags
[24May2026 18:05:50.216] [Thread-17/INFO] [EMI/]: [EMI] Loading JEI data for Block Tags
[24May2026 18:05:50.262] [Render thread/DEBUG] [flywheel/backend/shaders/]: Compiled culling/create_instance_cull_rotating in 43.466 ms
[24May2026 18:05:50.264] [Render thread/DEBUG] [flywheel/backend/shaders/]: Linked dev.engine_room.flywheel.lib.instance.SimpleInstanceType@de965c5 in 45.434 ms
[24May2026 18:05:50.271] [Thread-17/INFO] [EMI/]: [EMI] [JEMI] Collecting data for Fluid Tags
[24May2026 18:05:50.271] [Thread-17/INFO] [EMI/]: [EMI] Loading JEI data for Fluid Tags
[24May2026 18:05:50.272] [Thread-17/INFO] [EMI/]: [EMI] [JEMI] Collecting data for Item Tags
[24May2026 18:05:50.272] [Thread-17/INFO] [EMI/]: [EMI] Loading JEI data for Item Tags
[24May2026 18:05:50.272] [Render thread/DEBUG] [flywheel/backend/shaders/]: Compiled utilities/flywheel_internal_indirect_scatter in 1.431 ms
[24May2026 18:05:50.272] [Render thread/DEBUG] [flywheel/backend/shaders/]: Linked flywheel:internal/indirect/scatter.glsl in 1.647 ms
[24May2026 18:05:50.276] [Render thread/DEBUG] [flywheel/backend/shaders/]: Compiled utilities/flywheel_internal_indirect_downsample_first in 3.457 ms
[24May2026 18:05:50.277] [Render thread/DEBUG] [flywheel/backend/shaders/]: Linked flywheel:internal/indirect/downsample_first.glsl in 3.945 ms
[24May2026 18:05:50.281] [Render thread/DEBUG] [flywheel/backend/shaders/]: Compiled utilities/flywheel_internal_indirect_downsample_second in 2.736 ms
[24May2026 18:05:50.281] [Render thread/DEBUG] [flywheel/backend/shaders/]: Linked flywheel:internal/indirect/downsample_second.glsl in 3.151 ms
[24May2026 18:05:50.283] [Thread-17/INFO] [EMI/]: [EMI] [JEMI] Collecting data for Information
[24May2026 18:05:50.283] [Thread-17/INFO] [EMI/]: [EMI] Loading JEI data for Information
[24May2026 18:05:50.283] [Render thread/DEBUG] [flywheel/backend/shaders/]: Compiled utilities/flywheel_internal_indirect_apply in 1.331 ms
[24May2026 18:05:50.283] [Render thread/DEBUG] [flywheel/backend/shaders/]: Linked flywheel:internal/indirect/apply.glsl in 1.517 ms
[24May2026 18:05:50.300] [Render thread/DEBUG] [flywheel/backend/shaders/]: Compiled pipeline/indirect/create_instance_rotating/flywheel_material_default_default in 15.160 ms
[24May2026 18:05:50.320] [Render thread/DEBUG] [flywheel/backend/shaders/]: Compiled pipeline/indirect/frag/flywheel_material_default/flywheel_light_smooth_when_embedded_default in 19.886 ms
[24May2026 18:05:50.321] [Render thread/DEBUG] [dev.engine_room.flywheel.backend.gl.shader.GlProgram/]: No active uniform '_flw_depthRange' exists. Could be unused.
[24May2026 18:05:50.321] [Render thread/DEBUG] [dev.engine_room.flywheel.backend.gl.shader.GlProgram/]: No active uniform '_flw_coefficients' exists. Could be unused.
[24May2026 18:05:50.321] [Render thread/DEBUG] [dev.engine_room.flywheel.backend.gl.shader.GlProgram/]: No active uniform '_flw_blueNoise' exists. Could be unused.
[24May2026 18:05:50.326] [Render thread/DEBUG] [flywheel/backend/shaders/]: Linked PipelineProgramKey[instanceType=dev.engine_room.flywheel.lib.instance.SimpleInstanceType@de965c5, contextShader=DEFAULT, light=SimpleLightShader[source=flywheel:light/smooth_when_embedded.glsl], materialShaders=SimpleMaterialShaders[vertexSource=flywheel:material/default.vert, fragmentSource=flywheel:material/default.frag], useCutout=false, debugEnabled=false, oit=OFF] in 36.280 ms
[24May2026 18:05:50.446] [Render thread/DEBUG] [flywheel/backend/shaders/]: Compiled culling/create_instance_cull_fluid in 6.761 ms
[24May2026 18:05:50.446] [Render thread/DEBUG] [flywheel/backend/shaders/]: Linked dev.engine_room.flywheel.lib.instance.SimpleInstanceType@2f7b6f06 in 7.455 ms
[24May2026 18:05:50.454] [Render thread/DEBUG] [flywheel/backend/shaders/]: Compiled culling/flywheel_instance_cull_transformed in 6.502 ms
[24May2026 18:05:50.454] [Render thread/DEBUG] [flywheel/backend/shaders/]: Linked dev.engine_room.flywheel.lib.instance.SimpleInstanceType@6ef69ebf in 7.024 ms
[24May2026 18:05:50.472] [Render thread/DEBUG] [flywheel/backend/shaders/]: Compiled pipeline/indirect/flywheel_instance_transformed/flywheel_material_default_default in 14.425 ms
[24May2026 18:05:50.481] [Render thread/DEBUG] [flywheel/backend/shaders/]: Compiled pipeline/indirect/frag/flywheel_material_default/flywheel_light_smooth_when_embedded_default_depth_range in 9.993 ms
[24May2026 18:05:50.482] [Render thread/DEBUG] [dev.engine_room.flywheel.backend.gl.shader.GlProgram/]: No active uniform '_flw_depthRange' exists. Could be unused.
[24May2026 18:05:50.482] [Render thread/DEBUG] [dev.engine_room.flywheel.backend.gl.shader.GlProgram/]: No active uniform '_flw_coefficients' exists. Could be unused.
[24May2026 18:05:50.482] [Render thread/DEBUG] [dev.engine_room.flywheel.backend.gl.shader.GlProgram/]: No active uniform '_flw_blueNoise' exists. Could be unused.
[24May2026 18:05:50.483] [Render thread/DEBUG] [flywheel/backend/shaders/]: Linked PipelineProgramKey[instanceType=dev.engine_room.flywheel.lib.instance.SimpleInstanceType@6ef69ebf, contextShader=DEFAULT, light=SimpleLightShader[source=flywheel:light/smooth_when_embedded.glsl], materialShaders=SimpleMaterialShaders[vertexSource=flywheel:material/default.vert, fragmentSource=flywheel:material/default.frag], useCutout=false, debugEnabled=false, oit=DEPTH_RANGE] in 25.735 ms
[24May2026 18:05:50.483] [Render thread/DEBUG] [dev.engine_room.flywheel.backend.gl.shader.GlProgram/]: No active uniform '_flw_blueNoiseFactor' exists. Could be unused.
[24May2026 18:05:50.493] [Render thread/DEBUG] [flywheel/backend/shaders/]: Compiled pipeline/indirect/create_instance_fluid/flywheel_material_default_default in 9.738 ms
[24May2026 18:05:50.494] [Render thread/DEBUG] [flywheel/backend/shaders/]: Compiled pipeline/indirect/frag/flywheel_material_default/flywheel_light_smooth_when_embedded_default_depth_range in 557.100 μs
[24May2026 18:05:50.495] [Render thread/DEBUG] [dev.engine_room.flywheel.backend.gl.shader.GlProgram/]: No active uniform '_flw_depthRange' exists. Could be unused.
[24May2026 18:05:50.495] [Render thread/DEBUG] [dev.engine_room.flywheel.backend.gl.shader.GlProgram/]: No active uniform '_flw_coefficients' exists. Could be unused.
[24May2026 18:05:50.495] [Render thread/DEBUG] [dev.engine_room.flywheel.backend.gl.shader.GlProgram/]: No active uniform '_flw_blueNoise' exists. Could be unused.
[24May2026 18:05:50.495] [Render thread/DEBUG] [flywheel/backend/shaders/]: Linked PipelineProgramKey[instanceType=dev.engine_room.flywheel.lib.instance.SimpleInstanceType@2f7b6f06, contextShader=DEFAULT, light=SimpleLightShader[source=flywheel:light/smooth_when_embedded.glsl], materialShaders=SimpleMaterialShaders[vertexSource=flywheel:material/default.vert, fragmentSource=flywheel:material/default.frag], useCutout=false, debugEnabled=false, oit=DEPTH_RANGE] in 11.536 ms
[24May2026 18:05:50.495] [Render thread/DEBUG] [dev.engine_room.flywheel.backend.gl.shader.GlProgram/]: No active uniform '_flw_blueNoiseFactor' exists. Could be unused.
[24May2026 18:05:50.495] [Render thread/DEBUG] [flywheel/backend/shaders/]: Compiled pipeline/indirect/flywheel_instance_transformed/flywheel_material_default_default in 32.500 μs
[24May2026 18:05:50.506] [Render thread/DEBUG] [flywheel/backend/shaders/]: Compiled pipeline/indirect/frag/flywheel_material_default/flywheel_light_smooth_when_embedded_default_generate_coefficients in 11.188 ms
[24May2026 18:05:50.507] [Render thread/DEBUG] [dev.engine_room.flywheel.backend.gl.shader.GlProgram/]: No active uniform '_flw_coefficients' exists. Could be unused.
[24May2026 18:05:50.507] [Render thread/DEBUG] [flywheel/backend/shaders/]: Linked PipelineProgramKey[instanceType=dev.engine_room.flywheel.lib.instance.SimpleInstanceType@6ef69ebf, contextShader=DEFAULT, light=SimpleLightShader[source=flywheel:light/smooth_when_embedded.glsl], materialShaders=SimpleMaterialShaders[vertexSource=flywheel:material/default.vert, fragmentSource=flywheel:material/default.frag], useCutout=false, debugEnabled=false, oit=GENERATE_COEFFICIENTS] in 12.380 ms
[24May2026 18:05:50.507] [Render thread/DEBUG] [dev.engine_room.flywheel.backend.gl.shader.GlProgram/]: No active uniform '_flw_blueNoiseFactor' exists. Could be unused.
[24May2026 18:05:50.507] [Render thread/DEBUG] [flywheel/backend/shaders/]: Compiled pipeline/indirect/create_instance_fluid/flywheel_material_default_default in 40.400 μs
[24May2026 18:05:50.507] [Render thread/DEBUG] [flywheel/backend/shaders/]: Compiled pipeline/indirect/frag/flywheel_material_default/flywheel_light_smooth_when_embedded_default_generate_coefficients in 32.000 μs
[24May2026 18:05:50.508] [Render thread/DEBUG] [dev.engine_room.flywheel.backend.gl.shader.GlProgram/]: No active uniform '_flw_coefficients' exists. Could be unused.
[24May2026 18:05:50.508] [Render thread/DEBUG] [flywheel/backend/shaders/]: Linked PipelineProgramKey[instanceType=dev.engine_room.flywheel.lib.instance.SimpleInstanceType@2f7b6f06, contextShader=DEFAULT, light=SimpleLightShader[source=flywheel:light/smooth_when_embedded.glsl], materialShaders=SimpleMaterialShaders[vertexSource=flywheel:material/default.vert, fragmentSource=flywheel:material/default.frag], useCutout=false, debugEnabled=false, oit=GENERATE_COEFFICIENTS] in 954.900 μs
[24May2026 18:05:50.508] [Render thread/DEBUG] [dev.engine_room.flywheel.backend.gl.shader.GlProgram/]: No active uniform '_flw_blueNoiseFactor' exists. Could be unused.
[24May2026 18:05:50.509] [Render thread/DEBUG] [flywheel/backend/shaders/]: Compiled fullscreen/fullscreen in 1.103 ms
[24May2026 18:05:50.512] [Render thread/DEBUG] [flywheel/backend/shaders/]: Compiled fullscreen/flywheel_internal_oit_depth in 2.764 ms
[24May2026 18:05:50.513] [Render thread/DEBUG] [dev.engine_room.flywheel.backend.gl.shader.GlProgram/]: No active uniform block '_FlwFogUniforms' exists. Could be unused.
[24May2026 18:05:50.513] [Render thread/DEBUG] [dev.engine_room.flywheel.backend.gl.shader.GlProgram/]: No active uniform block '_FlwOptionsUniforms' exists. Could be unused.
[24May2026 18:05:50.513] [Render thread/DEBUG] [dev.engine_room.flywheel.backend.gl.shader.GlProgram/]: No active uniform block '_FlwPlayerUniforms' exists. Could be unused.
[24May2026 18:05:50.513] [Render thread/DEBUG] [dev.engine_room.flywheel.backend.gl.shader.GlProgram/]: No active uniform block '_FlwLevelUniforms' exists. Could be unused.
[24May2026 18:05:50.513] [Render thread/DEBUG] [dev.engine_room.flywheel.backend.gl.shader.GlProgram/]: No active uniform '_flw_accumulate' exists. Could be unused.
[24May2026 18:05:50.513] [Render thread/DEBUG] [flywheel/backend/shaders/]: Linked flywheel:internal/oit_depth.frag in 4.721 ms
[24May2026 18:05:50.513] [Render thread/DEBUG] [flywheel/backend/shaders/]: Compiled pipeline/indirect/flywheel_instance_transformed/flywheel_material_default_default in 40.300 μs
[24May2026 18:05:50.521] [Thread-17/INFO] [EMI/]: [EMI] [JEMI] Collecting data for Automated Brewing
[24May2026 18:05:50.522] [Thread-17/INFO] [EMI/]: [EMI] Loading JEI data for Automated Brewing
[24May2026 18:05:50.526] [Render thread/DEBUG] [flywheel/backend/shaders/]: Compiled pipeline/indirect/frag/flywheel_material_default/flywheel_light_smooth_when_embedded_default_resolve in 13.025 ms
[24May2026 18:05:50.527] [Render thread/DEBUG] [flywheel/backend/shaders/]: Linked PipelineProgramKey[instanceType=dev.engine_room.flywheel.lib.instance.SimpleInstanceType@6ef69ebf, contextShader=DEFAULT, light=SimpleLightShader[source=flywheel:light/smooth_when_embedded.glsl], materialShaders=SimpleMaterialShaders[vertexSource=flywheel:material/default.vert, fragmentSource=flywheel:material/default.frag], useCutout=false, debugEnabled=false, oit=EVALUATE] in 14.027 ms
[24May2026 18:05:50.527] [Render thread/DEBUG] [dev.engine_room.flywheel.backend.gl.shader.GlProgram/]: No active uniform '_flw_blueNoiseFactor' exists. Could be unused.
[24May2026 18:05:50.528] [Render thread/DEBUG] [flywheel/backend/shaders/]: Compiled pipeline/indirect/create_instance_fluid/flywheel_material_default_default in 44.200 μs
[24May2026 18:05:50.528] [Render thread/DEBUG] [flywheel/backend/shaders/]: Compiled pipeline/indirect/frag/flywheel_material_default/flywheel_light_smooth_when_embedded_default_resolve in 26.400 μs
[24May2026 18:05:50.529] [Render thread/DEBUG] [flywheel/backend/shaders/]: Linked PipelineProgramKey[instanceType=dev.engine_room.flywheel.lib.instance.SimpleInstanceType@2f7b6f06, contextShader=DEFAULT, light=SimpleLightShader[source=flywheel:light/smooth_when_embedded.glsl], materialShaders=SimpleMaterialShaders[vertexSource=flywheel:material/default.vert, fragmentSource=flywheel:material/default.frag], useCutout=false, debugEnabled=false, oit=EVALUATE] in 967.000 μs
[24May2026 18:05:50.529] [Render thread/DEBUG] [dev.engine_room.flywheel.backend.gl.shader.GlProgram/]: No active uniform '_flw_blueNoiseFactor' exists. Could be unused.
[24May2026 18:05:50.529] [Render thread/DEBUG] [flywheel/backend/shaders/]: Compiled fullscreen/fullscreen in 7.800 μs
[24May2026 18:05:50.533] [Render thread/DEBUG] [flywheel/backend/shaders/]: Compiled fullscreen/flywheel_internal_oit_composite in 3.701 ms
[24May2026 18:05:50.533] [Render thread/DEBUG] [dev.engine_room.flywheel.backend.gl.shader.GlProgram/]: No active uniform block '_FlwFogUniforms' exists. Could be unused.
[24May2026 18:05:50.533] [Render thread/DEBUG] [dev.engine_room.flywheel.backend.gl.shader.GlProgram/]: No active uniform block '_FlwOptionsUniforms' exists. Could be unused.
[24May2026 18:05:50.533] [Render thread/DEBUG] [dev.engine_room.flywheel.backend.gl.shader.GlProgram/]: No active uniform block '_FlwPlayerUniforms' exists. Could be unused.
[24May2026 18:05:50.533] [Render thread/DEBUG] [dev.engine_room.flywheel.backend.gl.shader.GlProgram/]: No active uniform block '_FlwLevelUniforms' exists. Could be unused.
[24May2026 18:05:50.533] [Render thread/DEBUG] [flywheel/backend/shaders/]: Linked flywheel:internal/oit_composite.frag in 4.175 ms
[24May2026 18:05:50.539] [Thread-17/INFO] [EMI/]: [EMI] [JEMI] Collecting data for Automated Packing
[24May2026 18:05:50.539] [Thread-17/INFO] [EMI/]: [EMI] Loading JEI data for Automated Packing
[24May2026 18:05:50.540] [Thread-17/INFO] [EMI/]: [EMI] [JEMI] Collecting data for Automated Shaped Crafting
[24May2026 18:05:50.540] [Thread-17/INFO] [EMI/]: [EMI] Loading JEI data for Automated Shaped Crafting
[24May2026 18:05:50.549] [Thread-17/INFO] [EMI/]: [EMI] [JEMI] Collecting data for Automated Shapeless Crafting
[24May2026 18:05:50.550] [Thread-17/INFO] [EMI/]: [EMI] Loading JEI data for Automated Shapeless Crafting
[24May2026 18:05:50.553] [Thread-17/INFO] [EMI/]: [EMI] [JEMI] Collecting data for Block Cutting
[24May2026 18:05:50.554] [Thread-17/INFO] [EMI/]: [EMI] Loading JEI data for Block Cutting
[24May2026 18:05:50.557] [Thread-17/INFO] [EMI/]: [EMI] [JEMI] Collecting data for Crushing
[24May2026 18:05:50.557] [Thread-17/INFO] [EMI/]: [EMI] Loading JEI data for Crushing
[24May2026 18:05:50.558] [Thread-17/INFO] [EMI/]: [EMI] [JEMI] Collecting data for Deploying
[24May2026 18:05:50.558] [Thread-17/INFO] [EMI/]: [EMI] Loading JEI data for Deploying
[24May2026 18:05:50.560] [Thread-17/INFO] [EMI/]: [EMI] [JEMI] Collecting data for Item Draining
[24May2026 18:05:50.561] [Thread-17/INFO] [EMI/]: [EMI] Loading JEI data for Item Draining
[24May2026 18:05:50.561] [Thread-17/INFO] [EMI/]: [EMI] [JEMI] Collecting data for Bulk Blasting
[24May2026 18:05:50.561] [Thread-17/INFO] [EMI/]: [EMI] Loading JEI data for Bulk Blasting
[24May2026 18:05:50.562] [Thread-17/INFO] [EMI/]: [EMI] [JEMI] Collecting data for Bulk Haunting
[24May2026 18:05:50.562] [Thread-17/INFO] [EMI/]: [EMI] Loading JEI data for Bulk Haunting
[24May2026 18:05:50.562] [Thread-17/INFO] [EMI/]: [EMI] [JEMI] Collecting data for Bulk Smoking
[24May2026 18:05:50.562] [Thread-17/INFO] [EMI/]: [EMI] Loading JEI data for Bulk Smoking
[24May2026 18:05:50.562] [Thread-17/INFO] [EMI/]: [EMI] [JEMI] Collecting data for Bulk Washing
[24May2026 18:05:50.562] [Thread-17/INFO] [EMI/]: [EMI] Loading JEI data for Bulk Washing
[24May2026 18:05:50.563] [Thread-17/INFO] [EMI/]: [EMI] [JEMI] Collecting data for Manual Item Application
[24May2026 18:05:50.563] [Thread-17/INFO] [EMI/]: [EMI] Loading JEI data for Manual Item Application
[24May2026 18:05:50.563] [Thread-17/INFO] [EMI/]: [EMI] [JEMI] Collecting data for Mechanical Crafting
[24May2026 18:05:50.563] [Thread-17/INFO] [EMI/]: [EMI] Loading JEI data for Mechanical Crafting
[24May2026 18:05:50.564] [Thread-17/INFO] [EMI/]: [EMI] [JEMI] Collecting data for Milling
[24May2026 18:05:50.564] [Thread-17/INFO] [EMI/]: [EMI] Loading JEI data for Milling
[24May2026 18:05:50.564] [Thread-17/INFO] [EMI/]: [EMI] [JEMI] Collecting data for Mixing
[24May2026 18:05:50.564] [Thread-17/INFO] [EMI/]: [EMI] Loading JEI data for Mixing
[24May2026 18:05:50.565] [Thread-17/INFO] [EMI/]: [EMI] [JEMI] Collecting data for Mysterious Conversion
[24May2026 18:05:50.565] [Thread-17/INFO] [EMI/]: [EMI] Loading JEI data for Mysterious Conversion
[24May2026 18:05:50.565] [Thread-17/INFO] [EMI/]: [EMI] [JEMI] Collecting data for Compacting
[24May2026 18:05:50.565] [Thread-17/INFO] [EMI/]: [EMI] Loading JEI data for Compacting
[24May2026 18:05:50.565] [Thread-17/INFO] [EMI/]: [EMI] [JEMI] Collecting data for Pressing
[24May2026 18:05:50.565] [Thread-17/INFO] [EMI/]: [EMI] Loading JEI data for Pressing
[24May2026 18:05:50.566] [Thread-17/INFO] [EMI/]: [EMI] [JEMI] Collecting data for Sandpaper Polishing
[24May2026 18:05:50.566] [Thread-17/INFO] [EMI/]: [EMI] Loading JEI data for Sandpaper Polishing
[24May2026 18:05:50.566] [Thread-17/INFO] [EMI/]: [EMI] [JEMI] Collecting data for Sawing
[24May2026 18:05:50.566] [Thread-17/INFO] [EMI/]: [EMI] Loading JEI data for Sawing
[24May2026 18:05:50.566] [Thread-17/INFO] [EMI/]: [EMI] [JEMI] Collecting data for Recipe Sequence
[24May2026 18:05:50.566] [Thread-17/INFO] [EMI/]: [EMI] Loading JEI data for Recipe Sequence
[24May2026 18:05:50.567] [Thread-17/INFO] [EMI/]: [EMI] [JEMI] Collecting data for Filling by Spout
[24May2026 18:05:50.567] [Thread-17/INFO] [EMI/]: [EMI] Loading JEI data for Filling by Spout
[24May2026 18:05:50.567] [Thread-17/INFO] [EMI/]: [EMI] [JEMI] Collecting data for Cooking
[24May2026 18:05:50.567] [Thread-17/INFO] [EMI/]: [EMI] Loading JEI data for Cooking
[24May2026 18:05:50.568] [Thread-17/INFO] [EMI/]: [EMI] [JEMI] Collecting data for Cutting Board
[24May2026 18:05:50.568] [Thread-17/INFO] [EMI/]: [EMI] Loading JEI data for Cutting Board
[24May2026 18:05:50.569] [Thread-17/INFO] [EMI/]: [EMI] [JEMI] Collecting data for Decomposition
[24May2026 18:05:50.570] [Thread-17/INFO] [EMI/]: [EMI] Loading JEI data for Decomposition
[24May2026 18:05:50.570] [Thread-17/INFO] [EMI/]: [EMI] Reloaded plugin from jemi in 370ms
[24May2026 18:05:50.570] [Thread-17/INFO] [EMI/]: [EMI] Baking index
[24May2026 18:05:50.595] [Thread-17/INFO] [EMI/]: [EMI] Registering late recipes
[24May2026 18:05:50.596] [Thread-17/INFO] [EMI/]: [EMI] Baking recipes
[24May2026 18:05:50.697] [Thread-17/ERROR] [EMI/]: [EMI] 2 recipes loaded with the same id: jei:/c/dyed/light_blue
[24May2026 18:05:50.697] [Thread-17/ERROR] [EMI/]: [EMI] 2 recipes loaded with the same id: jei:/create/milling/large_fern
[24May2026 18:05:50.697] [Thread-17/ERROR] [EMI/]: [EMI] 2 recipes loaded with the same id: jei:/minecraft/soul_fire_base_blocks
[24May2026 18:05:50.697] [Thread-17/ERROR] [EMI/]: [EMI] 2 recipes loaded with the same id: jei:/c/fences
[24May2026 18:05:50.697] [Thread-17/ERROR] [EMI/]: [EMI] 2 recipes loaded with the same id: jei:/c/dyed/magenta
[24May2026 18:05:50.697] [Thread-17/ERROR] [EMI/]: [EMI] 2 recipes loaded with the same id: jei:/minecraft/prismarine
[24May2026 18:05:50.697] [Thread-17/ERROR] [EMI/]: [EMI] 2 recipes loaded with the same id: jei:/minecraft/deepslate_tiles
[24May2026 18:05:50.697] [Thread-17/ERROR] [EMI/]: [EMI] 2 recipes loaded with the same id: jei:/c/storage_blocks/slime
[24May2026 18:05:50.697] [Thread-17/ERROR] [EMI/]: [EMI] 2 recipes loaded with the same id: jei:/create/valve_handles
[24May2026 18:05:50.697] [Thread-17/ERROR] [EMI/]: [EMI] 2 recipes loaded with the same id: jei:/c/storage_blocks/straw
[24May2026 18:05:50.697] [Thread-17/ERROR] [EMI/]: [EMI] 2 recipes loaded with the same id: jei:/c/storage_blocks/carrot
[24May2026 18:05:50.697] [Thread-17/ERROR] [EMI/]: [EMI] 2 recipes loaded with the same id: jei:/create/milling/granite
[24May2026 18:05:50.697] [Thread-17/ERROR] [EMI/]: [EMI] 2 recipes loaded with the same id: jei:/create/milling/rose_bush
[24May2026 18:05:50.698] [Thread-17/ERROR] [EMI/]: [EMI] 2 recipes loaded with the same id: jei:/minecraft/cut_sandstone
[24May2026 18:05:50.698] [Thread-17/ERROR] [EMI/]: [EMI] 2 recipes loaded with the same id: jei:/minecraft/waxed_cut_copper
[24May2026 18:05:50.698] [Thread-17/ERROR] [EMI/]: [EMI] 2 recipes loaded with the same id: jei:/c/dyed/gray
[24May2026 18:05:50.698] [Thread-17/ERROR] [EMI/]: [EMI] 2 recipes loaded with the same id: jei:/c/ores/gold
[24May2026 18:05:50.698] [Thread-17/ERROR] [EMI/]: [EMI] 2 recipes loaded with the same id: jei:/c/storage_blocks/wheat
[24May2026 18:05:50.698] [Thread-17/ERROR] [EMI/]: [EMI] 2 recipes loaded with the same id: jei:/c/ores_in_ground/stone
[24May2026 18:05:50.698] [Thread-17/ERROR] [EMI/]: [EMI] 2 recipes loaded with the same id: jei:/c/storage_blocks/bone_meal
[24May2026 18:05:50.698] [Thread-17/ERROR] [EMI/]: [EMI] 2 recipes loaded with the same id: jei:/c/storage_blocks/raw_zinc
[24May2026 18:05:50.698] [Thread-17/ERROR] [EMI/]: [EMI] 2 recipes loaded with the same id: jei:/c/ores/quartz
[24May2026 18:05:50.698] [Thread-17/ERROR] [EMI/]: [EMI] 2 recipes loaded with the same id: jei:/minecraft/snow_block
[24May2026 18:05:50.698] [Thread-17/ERROR] [EMI/]: [EMI] 2 recipes loaded with the same id: jei:/minecraft/wooden_buttons
[24May2026 18:05:50.698] [Thread-17/ERROR] [EMI/]: [EMI] 2 recipes loaded with the same id: jei:/c/glazed_terracottas
[24May2026 18:05:50.698] [Thread-17/ERROR] [EMI/]: [EMI] 2 recipes loaded with the same id: jei:/minecraft/wooden_pressure_plates
[24May2026 18:05:50.698] [Thread-17/ERROR] [EMI/]: [EMI] 2 recipes loaded with the same id: jei:/c/chests
[24May2026 18:05:50.698] [Thread-17/ERROR] [EMI/]: [EMI] 2 recipes loaded with the same id: jei:/minecraft/spruce_logs
[24May2026 18:05:50.698] [Thread-17/ERROR] [EMI/]: [EMI] 2 recipes loaded with the same id: jei:/c/storage_blocks/tomato
[24May2026 18:05:50.699] [Thread-17/ERROR] [EMI/]: [EMI] 2 recipes loaded with the same id: jei:/minecraft/waxed_weathered_cut_copper
[24May2026 18:05:50.699] [Thread-17/ERROR] [EMI/]: [EMI] 2 recipes loaded with the same id: jei:/minecraft/dried_kelp_block
[24May2026 18:05:50.699] [Thread-17/ERROR] [EMI/]: [EMI] 2 recipes loaded with the same id: jei:/minecraft/oak_logs
[24May2026 18:05:50.699] [Thread-17/ERROR] [EMI/]: [EMI] 2 recipes loaded with the same id: jei:/minecraft/dark_oak_wood
[24May2026 18:05:50.699] [Thread-17/ERROR] [EMI/]: [EMI] 2 recipes loaded with the same id: jei:/minecraft/wooden_trapdoors
[24May2026 18:05:50.699] [Thread-17/ERROR] [EMI/]: [EMI] 2 recipes loaded with the same id: jei:/create/fan_processing_catalysts/blasting
[24May2026 18:05:50.699] [Thread-17/ERROR] [EMI/]: [EMI] 2 recipes loaded with the same id: jei:/c/storage_blocks/rice
[24May2026 18:05:50.699] [Thread-17/ERROR] [EMI/]: [EMI] 2 recipes loaded with the same id: jei:/farmersdelight/integration/create/milling/wild_rice
[24May2026 18:05:50.699] [Thread-17/ERROR] [EMI/]: [EMI] 2 recipes loaded with the same id: jei:/minecraft/waxed_exposed_cut_copper
[24May2026 18:05:50.699] [Thread-17/ERROR] [EMI/]: [EMI] 2 recipes loaded with the same id: jei:/c/storage_blocks/gold
[24May2026 18:05:50.699] [Thread-17/ERROR] [EMI/]: [EMI] 2 recipes loaded with the same id: jei:/create/crafting/materials/copper_ingot
[24May2026 18:05:50.699] [Thread-17/ERROR] [EMI/]: [EMI] 2 recipes loaded with the same id: jei:/c/storage_blocks/copper
[24May2026 18:05:50.699] [Thread-17/ERROR] [EMI/]: [EMI] 2 recipes loaded with the same id: jei:/create/crafting/materials/experience_block
[24May2026 18:05:50.699] [Thread-17/ERROR] [EMI/]: [EMI] 2 recipes loaded with the same id: jei:/create/milling/bone
[24May2026 18:05:50.699] [Thread-17/ERROR] [EMI/]: [EMI] 2 recipes loaded with the same id: jei:/farmersdelight/cabbage_crate
[24May2026 18:05:50.699] [Thread-17/ERROR] [EMI/]: [EMI] 2 recipes loaded with the same id: jei:/minecraft/beds
[24May2026 18:05:50.699] [Thread-17/ERROR] [EMI/]: [EMI] 2 recipes loaded with the same id: jei:/farmersdelight/straw_bale
[24May2026 18:05:50.700] [Thread-17/ERROR] [EMI/]: [EMI] 2 recipes loaded with the same id: jei:/c/dyed/white
[24May2026 18:05:50.700] [Thread-17/ERROR] [EMI/]: [EMI] 2 recipes loaded with the same id: jei:/c/stripped_woods
[24May2026 18:05:50.700] [Thread-17/ERROR] [EMI/]: [EMI] 2 recipes loaded with the same id: jei:/c/ores/netherite_scrap
[24May2026 18:05:50.700] [Thread-17/ERROR] [EMI/]: [EMI] 2 recipes loaded with the same id: jei:/minecraft/mangrove_wood
[24May2026 18:05:50.700] [Thread-17/ERROR] [EMI/]: [EMI] 2 recipes loaded with the same id: jei:/minecraft/candles
[24May2026 18:05:50.700] [Thread-17/ERROR] [EMI/]: [EMI] 2 recipes loaded with the same id: jei:/c/sandstone/uncolored_slabs
[24May2026 18:05:50.700] [Thread-17/ERROR] [EMI/]: [EMI] 2 recipes loaded with the same id: jei:/minecraft/buttons
[24May2026 18:05:50.700] [Thread-17/ERROR] [EMI/]: [EMI] 2 recipes loaded with the same id: jei:/create/table_cloths
[24May2026 18:05:50.700] [Thread-17/ERROR] [EMI/]: [EMI] 2 recipes loaded with the same id: jei:/minecraft/gold_ores
[24May2026 18:05:50.700] [Thread-17/ERROR] [EMI/]: [EMI] 2 recipes loaded with the same id: jei:/minecraft/bamboo_blocks
[24May2026 18:05:50.700] [Thread-17/ERROR] [EMI/]: [EMI] 2 recipes loaded with the same id: jei:/c/storage_blocks/iron
[24May2026 18:05:50.700] [Thread-17/ERROR] [EMI/]: [EMI] 2 recipes loaded with the same id: jei:/c/storage_blocks/raw_copper
[24May2026 18:05:50.700] [Thread-17/ERROR] [EMI/]: [EMI] 2 recipes loaded with the same id: jei:/c/dyed/light_gray
[24May2026 18:05:50.700] [Thread-17/ERROR] [EMI/]: [EMI] 2 recipes loaded with the same id: jei:/farmersdelight/sweet_berry_cheesecake_from_slices
[24May2026 18:05:50.700] [Thread-17/ERROR] [EMI/]: [EMI] 2 recipes loaded with the same id: jei:/create/milling/wither_rose
[24May2026 18:05:50.700] [Thread-17/ERROR] [EMI/]: [EMI] 2 recipes loaded with the same id: jei:/minecraft/stairs
[24May2026 18:05:50.700] [Thread-17/ERROR] [EMI/]: [EMI] 2 recipes loaded with the same id: jei:/c/ore_bearing_ground/netherrack
[24May2026 18:05:50.701] [Thread-17/ERROR] [EMI/]: [EMI] 2 recipes loaded with the same id: jei:/farmersdelight/safety_net
[24May2026 18:05:50.701] [Thread-17/ERROR] [EMI/]: [EMI] 2 recipes loaded with the same id: jei:/create/milling/cornflower
[24May2026 18:05:50.701] [Thread-17/ERROR] [EMI/]: [EMI] 2 recipes loaded with the same id: jei:/create/milling/terracotta
[24May2026 18:05:50.701] [Thread-17/ERROR] [EMI/]: [EMI] 2 recipes loaded with the same id: jei:/minecraft/logs_that_burn
[24May2026 18:05:50.701] [Thread-17/ERROR] [EMI/]: [EMI] 2 recipes loaded with the same id: jei:/minecraft/polished_andesite
[24May2026 18:05:50.701] [Thread-17/ERROR] [EMI/]: [EMI] 2 recipes loaded with the same id: jei:/create/milling/blue_orchid
[24May2026 18:05:50.701] [Render thread/DEBUG] [flywheel/backend/shaders/]: Compiled culling/create_instance_cull_scrolling in 5.985 ms
[24May2026 18:05:50.701] [Thread-17/ERROR] [EMI/]: [EMI] 2 recipes loaded with the same id: jei:/minecraft/jungle_logs
[24May2026 18:05:50.701] [Thread-17/ERROR] [EMI/]: [EMI] 2 recipes loaded with the same id: jei:/minecraft/sandstone
[24May2026 18:05:50.701] [Thread-17/ERROR] [EMI/]: [EMI] 2 recipes loaded with the same id: jei:/minecraft/birch_wood
[24May2026 18:05:50.701] [Thread-17/ERROR] [EMI/]: [EMI] 2 recipes loaded with the same id: jei:/farmersdelight/pumpkin_from_slices
[24May2026 18:05:50.701] [Thread-17/ERROR] [EMI/]: [EMI] 2 recipes loaded with the same id: jei:/minecraft/stripped_cherry_wood
[24May2026 18:05:50.701] [Thread-17/ERROR] [EMI/]: [EMI] 2 recipes loaded with the same id: jei:/c/storage_blocks/raw_gold
[24May2026 18:05:50.701] [Thread-17/ERROR] [EMI/]: [EMI] 2 recipes loaded with the same id: jei:/c/ores_in_ground/netherrack
[24May2026 18:05:50.701] [Thread-17/ERROR] [EMI/]: [EMI] 2 recipes loaded with the same id: jei:/c/storage_blocks/emerald
[24May2026 18:05:50.701] [Thread-17/ERROR] [EMI/]: [EMI] 2 recipes loaded with the same id: jei:/c/chests/wooden
[24May2026 18:05:50.701] [Thread-17/ERROR] [EMI/]: [EMI] 2 recipes loaded with the same id: jei:/minecraft/coal_ores
[24May2026 18:05:50.701] [Thread-17/ERROR] [EMI/]: [EMI] 2 recipes loaded with the same id: jei:/c/cobblestones/mossy
[24May2026 18:05:50.701] [Thread-17/ERROR] [EMI/]: [EMI] 2 recipes loaded with the same id: jei:/minecraft/stripped_crimson_hyphae
[24May2026 18:05:50.701] [Render thread/DEBUG] [flywheel/backend/shaders/]: Linked dev.engine_room.flywheel.lib.instance.SimpleInstanceType@4442bea9 in 6.574 ms
[24May2026 18:05:50.701] [Thread-17/ERROR] [EMI/]: [EMI] 2 recipes loaded with the same id: jei:/minecraft/diamond_ores
[24May2026 18:05:50.702] [Thread-17/ERROR] [EMI/]: [EMI] 2 recipes loaded with the same id: jei:/c/sands
[24May2026 18:05:50.702] [Thread-17/ERROR] [EMI/]: [EMI] 2 recipes loaded with the same id: jei:/create/milling/poppy
[24May2026 18:05:50.702] [Thread-17/ERROR] [EMI/]: [EMI] 2 recipes loaded with the same id: jei:/farmersdelight/integration/create/milling/wild_beetroots
[24May2026 18:05:50.702] [Thread-17/ERROR] [EMI/]: [EMI] 2 recipes loaded with the same id: jei:/c/ores/iron
[24May2026 18:05:50.702] [Thread-17/ERROR] [EMI/]: [EMI] 2 recipes loaded with the same id: jei:/c/barrels
[24May2026 18:05:50.702] [Thread-17/ERROR] [EMI/]: [EMI] 2 recipes loaded with the same id: jei:/create/tracks
[24May2026 18:05:50.702] [Thread-17/ERROR] [EMI/]: [EMI] 2 recipes loaded with the same id: jei:/create/milling/calcite
[24May2026 18:05:50.702] [Thread-17/ERROR] [EMI/]: [EMI] 2 recipes loaded with the same id: jei:/c/pumpkins/jack_o_lanterns
[24May2026 18:05:50.702] [Thread-17/ERROR] [EMI/]: [EMI] 2 recipes loaded with the same id: jei:/minecraft/emerald_block
[24May2026 18:05:50.702] [Thread-17/ERROR] [EMI/]: [EMI] 2 recipes loaded with the same id: jei:/minecraft/stripped_dark_oak_wood
[24May2026 18:05:50.702] [Thread-17/ERROR] [EMI/]: [EMI] 2 recipes loaded with the same id: jei:/minecraft/slime_block
[24May2026 18:05:50.702] [Thread-17/ERROR] [EMI/]: [EMI] 2 recipes loaded with the same id: jei:/c/dyed/orange
[24May2026 18:05:50.702] [Thread-17/ERROR] [EMI/]: [EMI] 2 recipes loaded with the same id: jei:/create/milling/fern
[24May2026 18:05:50.702] [Thread-17/ERROR] [EMI/]: [EMI] 2 recipes loaded with the same id: jei:/farmersdelight/potato_crate
[24May2026 18:05:50.702] [Thread-17/ERROR] [EMI/]: [EMI] 2 recipes loaded with the same id: jei:/create/milling/ink_sac
[24May2026 18:05:50.702] [Thread-17/ERROR] [EMI/]: [EMI] 2 recipes loaded with the same id: jei:/create/milling/short_grass
[24May2026 18:05:50.702] [Thread-17/ERROR] [EMI/]: [EMI] 2 recipes loaded with the same id: jei:/farmersdelight/integration/create/milling/wild_carrots
[24May2026 18:05:50.702] [Thread-17/ERROR] [EMI/]: [EMI] 2 recipes loaded with the same id: jei:/minecraft/dripstone_block
[24May2026 18:05:50.703] [Thread-17/ERROR] [EMI/]: [EMI] 2 recipes loaded with the same id: jei:/create/postboxes
[24May2026 18:05:50.703] [Thread-17/ERROR] [EMI/]: [EMI] 2 recipes loaded with the same id: jei:/c/dyed/pink
[24May2026 18:05:50.703] [Thread-17/ERROR] [EMI/]: [EMI] 2 recipes loaded with the same id: jei:/c/gravels
[24May2026 18:05:50.703] [Thread-17/ERROR] [EMI/]: [EMI] 2 recipes loaded with the same id: jei:/create/crafting/materials/brass_block_from_compacting
[24May2026 18:05:50.709] [Thread-17/ERROR] [EMI/]: [EMI] 2 recipes loaded with the same id: jei:/create/toolboxes
[24May2026 18:05:50.709] [Thread-17/ERROR] [EMI/]: [EMI] 2 recipes loaded with the same id: jei:/minecraft/acacia_logs
[24May2026 18:05:50.709] [Thread-17/ERROR] [EMI/]: [EMI] 2 recipes loaded with the same id: jei:/create/milling/lily_of_the_valley
[24May2026 18:05:50.709] [Thread-17/ERROR] [EMI/]: [EMI] 2 recipes loaded with the same id: jei:/c/glass_panes
[24May2026 18:05:50.709] [Thread-17/ERROR] [EMI/]: [EMI] 2 recipes loaded with the same id: jei:/create/milling/saddle
[24May2026 18:05:50.710] [Thread-17/ERROR] [EMI/]: [EMI] 2 recipes loaded with the same id: jei:/create/milling/peony
[24May2026 18:05:50.710] [Thread-17/ERROR] [EMI/]: [EMI] 2 recipes loaded with the same id: jei:/minecraft/oxidized_cut_copper
[24May2026 18:05:50.710] [Thread-17/ERROR] [EMI/]: [EMI] 2 recipes loaded with the same id: jei:/create/milling/sugar_cane
[24May2026 18:05:50.710] [Thread-17/ERROR] [EMI/]: [EMI] 2 recipes loaded with the same id: jei:/create/milling/coal
[24May2026 18:05:50.710] [Thread-17/ERROR] [EMI/]: [EMI] 2 recipes loaded with the same id: jei:/c/dyed/yellow
[24May2026 18:05:50.710] [Thread-17/ERROR] [EMI/]: [EMI] 2 recipes loaded with the same id: jei:/minecraft/jungle_wood
[24May2026 18:05:50.710] [Thread-17/ERROR] [EMI/]: [EMI] 2 recipes loaded with the same id: jei:/minecraft/gold_ingot_from_nuggets
[24May2026 18:05:50.710] [Thread-17/ERROR] [EMI/]: [EMI] 2 recipes loaded with the same id: jei:/minecraft/gold_block
[24May2026 18:05:50.710] [Thread-17/ERROR] [EMI/]: [EMI] 2 recipes loaded with the same id: jei:/sereneseasons/summer_crops
[24May2026 18:05:50.710] [Thread-17/ERROR] [EMI/]: [EMI] 2 recipes loaded with the same id: jei:/c/barrels/wooden
[24May2026 18:05:50.710] [Thread-17/ERROR] [EMI/]: [EMI] 2 recipes loaded with the same id: jei:/c/stones
[24May2026 18:05:50.710] [Thread-17/ERROR] [EMI/]: [EMI] 2 recipes loaded with the same id: jei:/minecraft/cherry_logs
[24May2026 18:05:50.710] [Thread-17/ERROR] [EMI/]: [EMI] 2 recipes loaded with the same id: jei:/minecraft/iron_ingot_from_nuggets
[24May2026 18:05:50.710] [Thread-17/ERROR] [EMI/]: [EMI] 2 recipes loaded with the same id: jei:/c/ores/zinc
[24May2026 18:05:50.711] [Thread-17/ERROR] [EMI/]: [EMI] 2 recipes loaded with the same id: jei:/minecraft/warped_stems
[24May2026 18:05:50.711] [Thread-17/ERROR] [EMI/]: [EMI] 2 recipes loaded with the same id: jei:/minecraft/polished_diorite
[24May2026 18:05:50.711] [Thread-17/ERROR] [EMI/]: [EMI] 2 recipes loaded with the same id: jei:/c/storage_blocks/andesite_alloy
[24May2026 18:05:50.711] [Thread-17/ERROR] [EMI/]: [EMI] 2 recipes loaded with the same id: jei:/c/chains
[24May2026 18:05:50.711] [Thread-17/ERROR] [EMI/]: [EMI] 2 recipes loaded with the same id: jei:/c/ores/coal
[24May2026 18:05:50.711] [Thread-17/ERROR] [EMI/]: [EMI] 2 recipes loaded with the same id: jei:/c/glass_blocks/cheap
[24May2026 18:05:50.711] [Thread-17/ERROR] [EMI/]: [EMI] 2 recipes loaded with the same id: jei:/minecraft/stripped_oak_wood
[24May2026 18:05:50.711] [Thread-17/ERROR] [EMI/]: [EMI] 2 recipes loaded with the same id: jei:/minecraft/warped_hyphae
[24May2026 18:05:50.711] [Thread-17/ERROR] [EMI/]: [EMI] 2 recipes loaded with the same id: jei:/minecraft/leather
[24May2026 18:05:50.711] [Thread-17/ERROR] [EMI/]: [EMI] 2 recipes loaded with the same id: jei:/minecraft/glowstone
[24May2026 18:05:50.711] [Thread-17/ERROR] [EMI/]: [EMI] 2 recipes loaded with the same id: jei:/create/milling/tall_grass
[24May2026 18:05:50.711] [Thread-17/ERROR] [EMI/]: [EMI] 2 recipes loaded with the same id: jei:/create/milling/beetroot
[24May2026 18:05:50.711] [Thread-17/ERROR] [EMI/]: [EMI] 2 recipes loaded with the same id: jei:/create/milling/clay
[24May2026 18:05:50.711] [Thread-17/ERROR] [EMI/]: [EMI] 2 recipes loaded with the same id: jei:/create/crafting/materials/zinc_ingot_from_compacting
[24May2026 18:05:50.711] [Thread-17/ERROR] [EMI/]: [EMI] 2 recipes loaded with the same id: jei:/c/sandstone/stairs
[24May2026 18:05:50.712] [Thread-17/ERROR] [EMI/]: [EMI] 2 recipes loaded with the same id: jei:/minecraft/magma_block
[24May2026 18:05:50.712] [Thread-17/ERROR] [EMI/]: [EMI] 2 recipes loaded with the same id: jei:/farmersdelight/tomato_crate
[24May2026 18:05:50.712] [Thread-17/ERROR] [EMI/]: [EMI] 2 recipes loaded with the same id: jei:/c/storage_blocks/cabbage
[24May2026 18:05:50.712] [Thread-17/ERROR] [EMI/]: [EMI] 2 recipes loaded with the same id: jei:/minecraft/stripped_mangrove_wood
[24May2026 18:05:50.712] [Thread-17/ERROR] [EMI/]: [EMI] 2 recipes loaded with the same id: jei:/c/sands/red
[24May2026 18:05:50.712] [Thread-17/ERROR] [EMI/]: [EMI] 2 recipes loaded with the same id: jei:/minecraft/saplings
[24May2026 18:05:50.712] [Thread-17/ERROR] [EMI/]: [EMI] 2 recipes loaded with the same id: jei:/c/ores/copper
[24May2026 18:05:50.712] [Thread-17/ERROR] [EMI/]: [EMI] 2 recipes loaded with the same id: jei:/minecraft/cherry_wood
[24May2026 18:05:50.712] [Thread-17/ERROR] [EMI/]: [EMI] 2 recipes loaded with the same id: jei:/minecraft/weathered_cut_copper
[24May2026 18:05:50.712] [Thread-17/ERROR] [EMI/]: [EMI] 2 recipes loaded with the same id: jei:/c/fences/wooden
[24May2026 18:05:50.712] [Thread-17/ERROR] [EMI/]: [EMI] 2 recipes loaded with the same id: jei:/farmersdelight/integration/create/milling/wild_tomatoes
[24May2026 18:05:50.712] [Thread-17/ERROR] [EMI/]: [EMI] 2 recipes loaded with the same id: jei:/minecraft/white_wool_from_string
[24May2026 18:05:50.712] [Thread-17/ERROR] [EMI/]: [EMI] 2 recipes loaded with the same id: jei:/c/storage_blocks/cardboard
[24May2026 18:05:50.712] [Thread-17/ERROR] [EMI/]: [EMI] 2 recipes loaded with the same id: jei:/c/ores/lapis
[24May2026 18:05:50.713] [Thread-17/ERROR] [EMI/]: [EMI] 2 recipes loaded with the same id: jei:/farmersdelight/canvas
[24May2026 18:05:50.713] [Thread-17/ERROR] [EMI/]: [EMI] 2 recipes loaded with the same id: jei:/minecraft/raw_copper_block
[24May2026 18:05:50.714] [Thread-17/ERROR] [EMI/]: [EMI] 2 recipes loaded with the same id: jei:/c/clusters
[24May2026 18:05:50.714] [Thread-17/ERROR] [EMI/]: [EMI] 2 recipes loaded with the same id: jei:/c/obsidians/crying
[24May2026 18:05:50.714] [Thread-17/ERROR] [EMI/]: [EMI] 2 recipes loaded with the same id: jei:/create/milling/red_tulip
[24May2026 18:05:50.714] [Thread-17/ERROR] [EMI/]: [EMI] 2 recipes loaded with the same id: jei:/minecraft/stripped_spruce_wood
[24May2026 18:05:50.714] [Thread-17/ERROR] [EMI/]: [EMI] 2 recipes loaded with the same id: jei:/c/sandstone/uncolored_stairs
[24May2026 18:05:50.714] [Thread-17/ERROR] [EMI/]: [EMI] 2 recipes loaded with the same id: jei:/c/budding_blocks
[24May2026 18:05:50.714] [Thread-17/ERROR] [EMI/]: [EMI] 2 recipes loaded with the same id: jei:/c/fence_gates/wooden
[24May2026 18:05:50.714] [Thread-17/ERROR] [EMI/]: [EMI] 2 recipes loaded with the same id: jei:/create/milling/lapis_lazuli
[24May2026 18:05:50.714] [Thread-17/ERROR] [EMI/]: [EMI] 2 recipes loaded with the same id: jei:/create/milling/andesite
[24May2026 18:05:50.714] [Thread-17/ERROR] [EMI/]: [EMI] 2 recipes loaded with the same id: jei:/create/crafting/materials/raw_zinc_block
[24May2026 18:05:50.714] [Thread-17/ERROR] [EMI/]: [EMI] 2 recipes loaded with the same id: jei:/farmersdelight/rice_bale
[24May2026 18:05:50.714] [Thread-17/ERROR] [EMI/]: [EMI] 2 recipes loaded with the same id: jei:/c/ore_rates/singular
[24May2026 18:05:50.714] [Thread-17/ERROR] [EMI/]: [EMI] 2 recipes loaded with the same id: jei:/minecraft/acacia_wood
[24May2026 18:05:50.714] [Thread-17/ERROR] [EMI/]: [EMI] 2 recipes loaded with the same id: jei:/c/storage_blocks/dried_kelp
[24May2026 18:05:50.714] [Thread-17/ERROR] [EMI/]: [EMI] 2 recipes loaded with the same id: jei:/c/dyed/black
[24May2026 18:05:50.714] [Thread-17/ERROR] [EMI/]: [EMI] 2 recipes loaded with the same id: jei:/minecraft/netherite_block
[24May2026 18:05:50.714] [Thread-17/ERROR] [EMI/]: [EMI] 2 recipes loaded with the same id: jei:/minecraft/honey_block
[24May2026 18:05:50.714] [Thread-17/ERROR] [EMI/]: [EMI] 2 recipes loaded with the same id: jei:/minecraft/cut_copper
[24May2026 18:05:50.714] [Thread-17/ERROR] [EMI/]: [EMI] 2 recipes loaded with the same id: jei:/minecraft/crimson_hyphae
[24May2026 18:05:50.714] [Thread-17/ERROR] [EMI/]: [EMI] 2 recipes loaded with the same id: jei:/c/ore_rates/sparse
[24May2026 18:05:50.715] [Thread-17/ERROR] [EMI/]: [EMI] 2 recipes loaded with the same id: jei:/farmersdelight/beetroot_crate
[24May2026 18:05:50.715] [Thread-17/ERROR] [EMI/]: [EMI] 2 recipes loaded with the same id: jei:/create/seats
[24May2026 18:05:50.715] [Thread-17/ERROR] [EMI/]: [EMI] 2 recipes loaded with the same id: jei:/minecraft/iron_block
[24May2026 18:05:50.715] [Thread-17/ERROR] [EMI/]: [EMI] 2 recipes loaded with the same id: jei:/create/milling/charcoal
[24May2026 18:05:50.715] [Thread-17/ERROR] [EMI/]: [EMI] 2 recipes loaded with the same id: jei:/minecraft/clay
[24May2026 18:05:50.715] [Thread-17/ERROR] [EMI/]: [EMI] 2 recipes loaded with the same id: jei:/minecraft/iron_trapdoor
[24May2026 18:05:50.715] [Thread-17/ERROR] [EMI/]: [EMI] 2 recipes loaded with the same id: jei:/c/sands/colorless
[24May2026 18:05:50.715] [Thread-17/ERROR] [EMI/]: [EMI] 2 recipes loaded with the same id: jei:/minecraft/mangrove_logs
[24May2026 18:05:50.715] [Thread-17/ERROR] [EMI/]: [EMI] 2 recipes loaded with the same id: jei:/minecraft/slabs
[24May2026 18:05:50.715] [Thread-17/ERROR] [EMI/]: [EMI] 2 recipes loaded with the same id: jei:/create/milling/oxeye_daisy
[24May2026 18:05:50.715] [Thread-17/ERROR] [EMI/]: [EMI] 2 recipes loaded with the same id: jei:/c/chests/ender
[24May2026 18:05:50.715] [Thread-17/ERROR] [EMI/]: [EMI] 2 recipes loaded with the same id: jei:/c/dyed/purple
[24May2026 18:05:50.715] [Thread-17/ERROR] [EMI/]: [EMI] 2 recipes loaded with the same id: jei:/minecraft/banners
[24May2026 18:05:50.715] [Thread-17/ERROR] [EMI/]: [EMI] 2 recipes loaded with the same id: jei:/c/sandstone/slabs
[24May2026 18:05:50.715] [Thread-17/ERROR] [EMI/]: [EMI] 2 recipes loaded with the same id: jei:/minecraft/bone_block
[24May2026 18:05:50.715] [Thread-17/ERROR] [EMI/]: [EMI] 2 recipes loaded with the same id: jei:/minecraft/oak_wood
[24May2026 18:05:50.715] [Thread-17/ERROR] [EMI/]: [EMI] 2 recipes loaded with the same id: jei:/c/dyed/cyan
[24May2026 18:05:50.715] [Thread-17/ERROR] [EMI/]: [EMI] 2 recipes loaded with the same id: jei:/sereneseasons/spring_crops
[24May2026 18:05:50.715] [Thread-17/ERROR] [EMI/]: [EMI] 2 recipes loaded with the same id: jei:/minecraft/stone_buttons
[24May2026 18:05:50.715] [Thread-17/ERROR] [EMI/]: [EMI] 2 recipes loaded with the same id: jei:/c/dyed
[24May2026 18:05:50.715] [Thread-17/ERROR] [EMI/]: [EMI] 2 recipes loaded with the same id: jei:/create/potions
[24May2026 18:05:50.716] [Thread-17/ERROR] [EMI/]: [EMI] 2 recipes loaded with the same id: jei:/c/pumpkins/normal
[24May2026 18:05:50.716] [Thread-17/ERROR] [EMI/]: [EMI] 2 recipes loaded with the same id: jei:/minecraft/smelts_to_glass
[24May2026 18:05:50.716] [Thread-17/ERROR] [EMI/]: [EMI] 2 recipes loaded with the same id: jei:/minecraft/deepslate_bricks
[24May2026 18:05:50.716] [Thread-17/ERROR] [EMI/]: [EMI] 2 recipes loaded with the same id: jei:/minecraft/nether_bricks
[24May2026 18:05:50.716] [Thread-17/ERROR] [EMI/]: [EMI] 2 recipes loaded with the same id: jei:/c/storage_blocks/beetroot
[24May2026 18:05:50.716] [Thread-17/ERROR] [EMI/]: [EMI] 2 recipes loaded with the same id: jei:/minecraft/trapdoors
[24May2026 18:05:50.716] [Thread-17/ERROR] [EMI/]: [EMI] 2 recipes loaded with the same id: jei:/minecraft/tuff_bricks
[24May2026 18:05:50.716] [Thread-17/ERROR] [EMI/]: [EMI] 2 recipes loaded with the same id: jei:/farmersdelight/wild_crops
[24May2026 18:05:50.716] [Thread-17/ERROR] [EMI/]: [EMI] 3 recipes loaded with the same id: jei:/minecraft/anvil
[24May2026 18:05:50.716] [Thread-17/ERROR] [EMI/]: [EMI] 2 recipes loaded with the same id: jei:/create/milling/sandstone
[24May2026 18:05:50.716] [Thread-17/ERROR] [EMI/]: [EMI] 2 recipes loaded with the same id: jei:/farmersdelight/carrot_crate
[24May2026 18:05:50.716] [Thread-17/ERROR] [EMI/]: [EMI] 2 recipes loaded with the same id: jei:/minecraft/wooden_stairs
[24May2026 18:05:50.716] [Thread-17/ERROR] [EMI/]: [EMI] 2 recipes loaded with the same id: jei:/minecraft/polished_blackstone
[24May2026 18:05:50.716] [Thread-17/ERROR] [EMI/]: [EMI] 4 recipes loaded with the same id: jei:/minecraft/stone_bricks
[24May2026 18:05:50.716] [Thread-17/ERROR] [EMI/]: [EMI] 2 recipes loaded with the same id: jei:/c/sandstone/red_slabs
[24May2026 18:05:50.716] [Thread-17/ERROR] [EMI/]: [EMI] 2 recipes loaded with the same id: jei:/minecraft/crafting_table
[24May2026 18:05:50.716] [Thread-17/ERROR] [EMI/]: [EMI] 2 recipes loaded with the same id: jei:/minecraft/planks
[24May2026 18:05:50.716] [Thread-17/ERROR] [EMI/]: [EMI] 2 recipes loaded with the same id: jei:/minecraft/leaves
[24May2026 18:05:50.716] [Thread-17/ERROR] [EMI/]: [EMI] 2 recipes loaded with the same id: jei:/farmersdelight/integration/create/milling/wild_potatoes
[24May2026 18:05:50.716] [Thread-17/ERROR] [EMI/]: [EMI] 2 recipes loaded with the same id: jei:/create/milling/allium
[24May2026 18:05:50.716] [Thread-17/ERROR] [EMI/]: [EMI] 2 recipes loaded with the same id: jei:/minecraft/stripped_birch_wood
[24May2026 18:05:50.717] [Thread-17/ERROR] [EMI/]: [EMI] 2 recipes loaded with the same id: jei:/c/dyed/green
[24May2026 18:05:50.717] [Thread-17/ERROR] [EMI/]: [EMI] 2 recipes loaded with the same id: jei:/minecraft/doors
[24May2026 18:05:50.717] [Thread-17/ERROR] [EMI/]: [EMI] 2 recipes loaded with the same id: jei:/sereneseasons/winter_crops
[24May2026 18:05:50.717] [Thread-17/ERROR] [EMI/]: [EMI] 8 recipes loaded with the same id: emi_loot:/block_drops/minecraft/blocks/empty
[24May2026 18:05:50.717] [Thread-17/ERROR] [EMI/]: [EMI] 2 recipes loaded with the same id: jei:/minecraft/copper_ores
[24May2026 18:05:50.717] [Thread-17/ERROR] [EMI/]: [EMI] 2 recipes loaded with the same id: jei:/c/storage_blocks/redstone
[24May2026 18:05:50.717] [Thread-17/ERROR] [EMI/]: [EMI] 2 recipes loaded with the same id: jei:/c/storage_blocks/lapis
[24May2026 18:05:50.717] [Thread-17/ERROR] [EMI/]: [EMI] 2 recipes loaded with the same id: jei:/minecraft/spruce_wood
[24May2026 18:05:50.717] [Thread-17/ERROR] [EMI/]: [EMI] 2 recipes loaded with the same id: jei:/minecraft/dark_oak_logs
[24May2026 18:05:50.717] [Thread-17/ERROR] [EMI/]: [EMI] 2 recipes loaded with the same id: jei:/minecraft/sand
[24May2026 18:05:50.717] [Thread-17/ERROR] [EMI/]: [EMI] 2 recipes loaded with the same id: jei:/create/milling/wheat
[24May2026 18:05:50.717] [Thread-17/ERROR] [EMI/]: [EMI] 2 recipes loaded with the same id: jei:/minecraft/emerald_ores
[24May2026 18:05:50.717] [Thread-17/ERROR] [EMI/]: [EMI] 2 recipes loaded with the same id: jei:/create/milling/orange_tulip
[24May2026 18:05:50.717] [Thread-17/ERROR] [EMI/]: [EMI] 2 recipes loaded with the same id: jei:/minecraft/raw_gold_block
[24May2026 18:05:50.717] [Thread-17/ERROR] [EMI/]: [EMI] 2 recipes loaded with the same id: jei:/minecraft/cut_red_sandstone
[24May2026 18:05:50.717] [Thread-17/ERROR] [EMI/]: [EMI] 2 recipes loaded with the same id: jei:/c/concretes
[24May2026 18:05:50.717] [Thread-17/ERROR] [EMI/]: [EMI] 2 recipes loaded with the same id: jei:/minecraft/coal_block
[24May2026 18:05:50.717] [Thread-17/ERROR] [EMI/]: [EMI] 2 recipes loaded with the same id: jei:/minecraft/wart_blocks
[24May2026 18:05:50.717] [Thread-17/ERROR] [EMI/]: [EMI] 2 recipes loaded with the same id: jei:/c/glass_blocks/tinted
[24May2026 18:05:50.717] [Thread-17/ERROR] [EMI/]: [EMI] 2 recipes loaded with the same id: jei:/c/cobblestones/infested
[24May2026 18:05:50.717] [Thread-17/ERROR] [EMI/]: [EMI] 2 recipes loaded with the same id: jei:/c/glass_panes/colorless
[24May2026 18:05:50.717] [Render thread/DEBUG] [flywheel/backend/shaders/]: Compiled pipeline/indirect/create_instance_scrolling/flywheel_material_default_default in 13.483 ms
[24May2026 18:05:50.717] [Thread-17/ERROR] [EMI/]: [EMI] 2 recipes loaded with the same id: jei:/c/sandstone/red_stairs
[24May2026 18:05:50.717] [Thread-17/ERROR] [EMI/]: [EMI] 2 recipes loaded with the same id: jei:/create/milling/pink_tulip
[24May2026 18:05:50.717] [Render thread/DEBUG] [flywheel/backend/shaders/]: Compiled pipeline/indirect/frag/flywheel_material_default/flywheel_light_smooth_when_embedded_default in 49.700 μs
[24May2026 18:05:50.717] [Thread-17/ERROR] [EMI/]: [EMI] 2 recipes loaded with the same id: jei:/c/player_workstations/furnaces
[24May2026 18:05:50.717] [Thread-17/ERROR] [EMI/]: [EMI] 2 recipes loaded with the same id: jei:/c/cobblestones/deepslate
[24May2026 18:05:50.717] [Thread-17/ERROR] [EMI/]: [EMI] 2 recipes loaded with the same id: jei:/c/ore_bearing_ground/stone
[24May2026 18:05:50.718] [Thread-17/ERROR] [EMI/]: [EMI] 2 recipes loaded with the same id: jei:/c/sandstone/blocks
[24May2026 18:05:50.718] [Thread-17/ERROR] [EMI/]: [EMI] 2 recipes loaded with the same id: jei:/minecraft/birch_logs
[24May2026 18:05:50.718] [Thread-17/ERROR] [EMI/]: [EMI] 2 recipes loaded with the same id: jei:/farmersdelight/integration/create/milling/rice_panicle
[24May2026 18:05:50.718] [Thread-17/ERROR] [EMI/]: [EMI] 2 recipes loaded with the same id: jei:/minecraft/polished_blackstone_bricks
[24May2026 18:05:50.718] [Thread-17/ERROR] [EMI/]: [EMI] 2 recipes loaded with the same id: jei:/minecraft/tall_flowers
[24May2026 18:05:50.718] [Thread-17/ERROR] [EMI/]: [EMI] 2 recipes loaded with the same id: jei:/minecraft/stripped_acacia_wood
[24May2026 18:05:50.718] [Thread-17/ERROR] [EMI/]: [EMI] 2 recipes loaded with the same id: jei:/farmersdelight/integration/create/milling/wild_onions
[24May2026 18:05:50.718] [Thread-17/ERROR] [EMI/]: [EMI] 2 recipes loaded with the same id: jei:/minecraft/amethyst_block
[24May2026 18:05:50.718] [Thread-17/ERROR] [EMI/]: [EMI] 2 recipes loaded with the same id: jei:/c/pumpkins
[24May2026 18:05:50.718] [Thread-17/ERROR] [EMI/]: [EMI] 2 recipes loaded with the same id: jei:/c/sandstone/uncolored_blocks
[24May2026 18:05:50.718] [Thread-17/ERROR] [EMI/]: [EMI] 2 recipes loaded with the same id: jei:/c/end_stones
[24May2026 18:05:50.718] [Thread-17/ERROR] [EMI/]: [EMI] 2 recipes loaded with the same id: jei:/c/dyed/brown
[24May2026 18:05:50.718] [Thread-17/ERROR] [EMI/]: [EMI] 2 recipes loaded with the same id: jei:/c/storage_blocks/onion
[24May2026 18:05:50.718] [Render thread/DEBUG] [dev.engine_room.flywheel.backend.gl.shader.GlProgram/]: No active uniform '_flw_depthRange' exists. Could be unused.
[24May2026 18:05:50.718] [Render thread/DEBUG] [dev.engine_room.flywheel.backend.gl.shader.GlProgram/]: No active uniform '_flw_coefficients' exists. Could be unused.
[24May2026 18:05:50.718] [Thread-17/ERROR] [EMI/]: [EMI] 2 recipes loaded with the same id: jei:/c/storage_blocks/brass
[24May2026 18:05:50.718] [Render thread/DEBUG] [dev.engine_room.flywheel.backend.gl.shader.GlProgram/]: No active uniform '_flw_blueNoise' exists. Could be unused.
[24May2026 18:05:50.718] [Thread-17/ERROR] [EMI/]: [EMI] 2 recipes loaded with the same id: jei:/sereneseasons/autumn_crops
[24May2026 18:05:50.718] [Render thread/DEBUG] [flywheel/backend/shaders/]: Linked PipelineProgramKey[instanceType=dev.engine_room.flywheel.lib.instance.SimpleInstanceType@4442bea9, contextShader=DEFAULT, light=SimpleLightShader[source=flywheel:light/smooth_when_embedded.glsl], materialShaders=SimpleMaterialShaders[vertexSource=flywheel:material/default.vert, fragmentSource=flywheel:material/default.frag], useCutout=false, debugEnabled=false, oit=OFF] in 14.557 ms
[24May2026 18:05:50.718] [Thread-17/ERROR] [EMI/]: [EMI] 2 recipes loaded with the same id: jei:/minecraft/wool
[24May2026 18:05:50.718] [Thread-17/ERROR] [EMI/]: [EMI] 2 recipes loaded with the same id: jei:/create/milling/white_tulip
[24May2026 18:05:50.718] [Thread-17/ERROR] [EMI/]: [EMI] 2 recipes loaded with the same id: jei:/create/milling/cactus
[24May2026 18:05:50.718] [Thread-17/ERROR] [EMI/]: [EMI] 2 recipes loaded with the same id: jei:/c/storage_blocks/zinc
[24May2026 18:05:50.719] [Thread-17/ERROR] [EMI/]: [EMI] 2 recipes loaded with the same id: jei:/c/storage_blocks/rice_panicle
[24May2026 18:05:50.719] [Thread-17/ERROR] [EMI/]: [EMI] 2 recipes loaded with the same id: jei:/c/pumpkins/carved
[24May2026 18:05:50.719] [Thread-17/ERROR] [EMI/]: [EMI] 2 recipes loaded with the same id: jei:/minecraft/dirt
[24May2026 18:05:50.719] [Thread-17/ERROR] [EMI/]: [EMI] 2 recipes loaded with the same id: jei:/c/fence_gates
[24May2026 18:05:50.719] [Thread-17/ERROR] [EMI/]: [EMI] 2 recipes loaded with the same id: jei:/minecraft/signs
[24May2026 18:05:50.719] [Thread-17/ERROR] [EMI/]: [EMI] 2 recipes loaded with the same id: jei:/create/crafting/materials/brass_ingot_from_compacting
[24May2026 18:05:50.719] [Thread-17/ERROR] [EMI/]: [EMI] 2 recipes loaded with the same id: jei:/c/ores
[24May2026 18:05:50.719] [Thread-17/ERROR] [EMI/]: [EMI] 2 recipes loaded with the same id: jei:/c/glass_blocks
[24May2026 18:05:50.719] [Thread-17/ERROR] [EMI/]: [EMI] 2 recipes loaded with the same id: jei:/c/storage_blocks/coal
[24May2026 18:05:50.719] [Thread-17/ERROR] [EMI/]: [EMI] 2 recipes loaded with the same id: jei:/minecraft/flowers
[24May2026 18:05:50.719] [Thread-17/ERROR] [EMI/]: [EMI] 2 recipes loaded with the same id: jei:/c/chests/trapped
[24May2026 18:05:50.720] [Thread-17/ERROR] [EMI/]: [EMI] 2 recipes loaded with the same id: jei:/minecraft/lapis_block
[24May2026 18:05:50.720] [Thread-17/ERROR] [EMI/]: [EMI] 2 recipes loaded with the same id: jei:/minecraft/mud_bricks
[24May2026 18:05:50.720] [Thread-17/ERROR] [EMI/]: [EMI] 2 recipes loaded with the same id: jei:/minecraft/completes_find_tree_tutorial
[24May2026 18:05:50.720] [Thread-17/ERROR] [EMI/]: [EMI] 2 recipes loaded with the same id: jei:/minecraft/snow
[24May2026 18:05:50.720] [Thread-17/ERROR] [EMI/]: [EMI] 2 recipes loaded with the same id: jei:/c/villager_job_sites
[24May2026 18:05:50.720] [Thread-17/ERROR] [EMI/]: [EMI] 2 recipes loaded with the same id: jei:/farmersdelight/onion_crate
[24May2026 18:05:50.720] [Thread-17/ERROR] [EMI/]: [EMI] 2 recipes loaded with the same id: jei:/create/milling/cobblestone
[24May2026 18:05:50.720] [Thread-17/ERROR] [EMI/]: [EMI] 2 recipes loaded with the same id: jei:/minecraft/waxed_oxidized_cut_copper
[24May2026 18:05:50.720] [Thread-17/ERROR] [EMI/]: [EMI] 2 recipes loaded with the same id: jei:/minecraft/fences
[24May2026 18:05:50.720] [Thread-17/ERROR] [EMI/]: [EMI] 2 recipes loaded with the same id: jei:/farmersdelight/chocolate_pie_from_slices
[24May2026 18:05:50.720] [Thread-17/ERROR] [EMI/]: [EMI] 2 recipes loaded with the same id: jei:/c/storage_blocks/raw_iron
[24May2026 18:05:50.720] [Thread-17/ERROR] [EMI/]: [EMI] 2 recipes loaded with the same id: jei:/minecraft/stripped_warped_hyphae
[24May2026 18:05:50.720] [Thread-17/ERROR] [EMI/]: [EMI] 2 recipes loaded with the same id: jei:/minecraft/polished_deepslate
[24May2026 18:05:50.720] [Thread-17/ERROR] [EMI/]: [EMI] 2 recipes loaded with the same id: jei:/c/bookshelves
[24May2026 18:05:50.720] [Thread-17/ERROR] [EMI/]: [EMI] 2 recipes loaded with the same id: jei:/farmersdelight/rice_bag
[24May2026 18:05:50.720] [Thread-17/ERROR] [EMI/]: [EMI] 2 recipes loaded with the same id: jei:/c/ores_in_ground/deepslate
[24May2026 18:05:50.720] [Thread-17/ERROR] [EMI/]: [EMI] 2 recipes loaded with the same id: jei:/minecraft/exposed_cut_copper
[24May2026 18:05:50.720] [Thread-17/ERROR] [EMI/]: [EMI] 2 recipes loaded with the same id: jei:/c/ores/diamond
[24May2026 18:05:50.720] [Thread-17/ERROR] [EMI/]: [EMI] 2 recipes loaded with the same id: jei:/c/storage_blocks/netherite
[24May2026 18:05:50.720] [Thread-17/ERROR] [EMI/]: [EMI] 2 recipes loaded with the same id: jei:/c/ores/redstone
[24May2026 18:05:50.720] [Thread-17/ERROR] [EMI/]: [EMI] 2 recipes loaded with the same id: jei:/c/ore_rates/dense
[24May2026 18:05:50.720] [Thread-17/ERROR] [EMI/]: [EMI] 2 recipes loaded with the same id: jei:/minecraft/redstone_ores
[24May2026 18:05:50.720] [Thread-17/ERROR] [EMI/]: [EMI] 2 recipes loaded with the same id: jei:/minecraft/lapis_ores
[24May2026 18:05:50.721] [Thread-17/ERROR] [EMI/]: [EMI] 2 recipes loaded with the same id: jei:/c/cobblestones
[24May2026 18:05:50.721] [Thread-17/ERROR] [EMI/]: [EMI] 2 recipes loaded with the same id: jei:/minecraft/wooden_doors
[24May2026 18:05:50.721] [Thread-17/ERROR] [EMI/]: [EMI] 2 recipes loaded with the same id: jei:/create/crafting/materials/andesite_alloy_block
[24May2026 18:05:50.721] [Thread-17/ERROR] [EMI/]: [EMI] 2 recipes loaded with the same id: jei:/create/milling/dripstone_block
[24May2026 18:05:50.721] [Thread-17/ERROR] [EMI/]: [EMI] 2 recipes loaded with the same id: jei:/create/milling/cocoa_beans
[24May2026 18:05:50.721] [Thread-17/ERROR] [EMI/]: [EMI] 2 recipes loaded with the same id: jei:/farmersdelight/apple_pie_from_slices
[24May2026 18:05:50.721] [Thread-17/ERROR] [EMI/]: [EMI] 2 recipes loaded with the same id: jei:/minecraft/stripped_jungle_wood
[24May2026 18:05:50.721] [Thread-17/ERROR] [EMI/]: [EMI] 2 recipes loaded with the same id: jei:/create/casing
[24May2026 18:05:50.721] [Thread-17/ERROR] [EMI/]: [EMI] 2 recipes loaded with the same id: jei:/minecraft/honeycomb_block
[24May2026 18:05:50.721] [Thread-17/ERROR] [EMI/]: [EMI] 2 recipes loaded with the same id: jei:/minecraft/quartz_bricks
[24May2026 18:05:50.721] [Thread-17/ERROR] [EMI/]: [EMI] 2 recipes loaded with the same id: jei:/minecraft/rails
[24May2026 18:05:50.721] [Thread-17/ERROR] [EMI/]: [EMI] 2 recipes loaded with the same id: jei:/minecraft/copper_block
[24May2026 18:05:50.721] [Thread-17/ERROR] [EMI/]: [EMI] 2 recipes loaded with the same id: jei:/c/storage_blocks/diamond
[24May2026 18:05:50.721] [Thread-17/ERROR] [EMI/]: [EMI] 2 recipes loaded with the same id: jei:/c/sandstone/red_blocks
[24May2026 18:05:50.721] [Thread-17/ERROR] [EMI/]: [EMI] 2 recipes loaded with the same id: jei:/c/netherracks
[24May2026 18:05:50.721] [Thread-17/ERROR] [EMI/]: [EMI] 2 recipes loaded with the same id: jei:/c/fences/nether_brick
[24May2026 18:05:50.721] [Thread-17/ERROR] [EMI/]: [EMI] 2 recipes loaded with the same id: jei:/c/obsidians/normal
[24May2026 18:05:50.721] [Thread-17/ERROR] [EMI/]: [EMI] 2 recipes loaded with the same id: jei:/c/player_workstations/crafting_tables
[24May2026 18:05:50.721] [Thread-17/ERROR] [EMI/]: [EMI] 2 recipes loaded with the same id: jei:/c/cobblestones/normal
[24May2026 18:05:50.721] [Thread-17/ERROR] [EMI/]: [EMI] 2 recipes loaded with the same id: jei:/minecraft/fence_gates
[24May2026 18:05:50.721] [Thread-17/ERROR] [EMI/]: [EMI] 2 recipes loaded with the same id: jei:/c/dyed/blue
[24May2026 18:05:50.722] [Thread-17/ERROR] [EMI/]: [EMI] 2 recipes loaded with the same id: jei:/farmersdelight/integration/create/milling/wild_cabbages
[24May2026 18:05:50.722] [Thread-17/ERROR] [EMI/]: [EMI] 2 recipes loaded with the same id: jei:/minecraft/raw_iron_block
[24May2026 18:05:50.722] [Thread-17/ERROR] [EMI/]: [EMI] 2 recipes loaded with the same id: jei:/c/ores/emerald
[24May2026 18:05:50.722] [Thread-17/ERROR] [EMI/]: [EMI] 2 recipes loaded with the same id: jei:/minecraft/small_flowers
[24May2026 18:05:50.722] [Thread-17/ERROR] [EMI/]: [EMI] 2 recipes loaded with the same id: jei:/minecraft/wooden_slabs
[24May2026 18:05:50.722] [Thread-17/ERROR] [EMI/]: [EMI] 2 recipes loaded with the same id: jei:/create/milling/azure_bluet
[24May2026 18:05:50.722] [Thread-17/ERROR] [EMI/]: [EMI] 2 recipes loaded with the same id: jei:/minecraft/dampens_vibrations
[24May2026 18:05:50.722] [Thread-17/ERROR] [EMI/]: [EMI] 2 recipes loaded with the same id: jei:/minecraft/red_sandstone
[24May2026 18:05:50.722] [Thread-17/ERROR] [EMI/]: [EMI] 2 recipes loaded with the same id: jei:/c/ore_bearing_ground/deepslate
[24May2026 18:05:50.722] [Thread-17/ERROR] [EMI/]: [EMI] 2 recipes loaded with the same id: jei:/c/storage_blocks
[24May2026 18:05:50.722] [Thread-17/ERROR] [EMI/]: [EMI] 2 recipes loaded with the same id: jei:/minecraft/wool_carpets
[24May2026 18:05:50.722] [Thread-17/ERROR] [EMI/]: [EMI] 2 recipes loaded with the same id: jei:/create/milling/sunflower
[24May2026 18:05:50.722] [Thread-17/ERROR] [EMI/]: [EMI] 2 recipes loaded with the same id: jei:/minecraft/piglin_repellents
[24May2026 18:05:50.722] [Thread-17/ERROR] [EMI/]: [EMI] 2 recipes loaded with the same id: jei:/minecraft/crimson_stems
[24May2026 18:05:50.722] [Thread-17/ERROR] [EMI/]: [EMI] 2 recipes loaded with the same id: jei:/minecraft/redstone_block
[24May2026 18:05:50.722] [Thread-17/ERROR] [EMI/]: [EMI] 2 recipes loaded with the same id: jei:/create/milling/lilac
[24May2026 18:05:50.722] [Thread-17/ERROR] [EMI/]: [EMI] 2 recipes loaded with the same id: jei:/create/crafting/materials/zinc_block_from_compacting
[24May2026 18:05:50.722] [Thread-17/ERROR] [EMI/]: [EMI] 2 recipes loaded with the same id: jei:/c/buds
[24May2026 18:05:50.722] [Thread-17/ERROR] [EMI/]: [EMI] 2 recipes loaded with the same id: jei:/minecraft/end_stone_bricks
[24May2026 18:05:50.722] [Thread-17/ERROR] [EMI/]: [EMI] 3 recipes loaded with the same id: jei:/minecraft/terracotta
[24May2026 18:05:50.723] [Thread-17/ERROR] [EMI/]: [EMI] 2 recipes loaded with the same id: jei:/create/milling/dandelion
[24May2026 18:05:50.723] [Thread-17/ERROR] [EMI/]: [EMI] 2 recipes loaded with the same id: jei:/minecraft/purpur_block
[24May2026 18:05:50.723] [Thread-17/ERROR] [EMI/]: [EMI] 2 recipes loaded with the same id: jei:/minecraft/polished_granite
[24May2026 18:05:50.723] [Thread-17/ERROR] [EMI/]: [EMI] 2 recipes loaded with the same id: jei:/minecraft/wooden_fences
[24May2026 18:05:50.723] [Thread-17/ERROR] [EMI/]: [EMI] 2 recipes loaded with the same id: jei:/c/storage_blocks/potato
[24May2026 18:05:50.723] [Thread-17/ERROR] [EMI/]: [EMI] 2 recipes loaded with the same id: jei:/minecraft/iron_ores
[24May2026 18:05:50.723] [Thread-17/ERROR] [EMI/]: [EMI] 2 recipes loaded with the same id: jei:/c/obsidians
[24May2026 18:05:50.723] [Thread-17/ERROR] [EMI/]: [EMI] 2 recipes loaded with the same id: jei:/minecraft/bricks
[24May2026 18:05:50.723] [Thread-17/ERROR] [EMI/]: [EMI] 2 recipes loaded with the same id: jei:/c/stripped_logs
[24May2026 18:05:50.723] [Thread-17/ERROR] [EMI/]: [EMI] 2 recipes loaded with the same id: jei:/c/dyed/red
[24May2026 18:05:50.723] [Thread-17/ERROR] [EMI/]: [EMI] 2 recipes loaded with the same id: jei:/minecraft/quartz_block
[24May2026 18:05:50.723] [Thread-17/ERROR] [EMI/]: [EMI] 2 recipes loaded with the same id: jei:/minecraft/logs
[24May2026 18:05:50.723] [Thread-17/ERROR] [EMI/]: [EMI] 2 recipes loaded with the same id: jei:/c/glass_blocks/colorless
[24May2026 18:05:50.723] [Thread-17/ERROR] [EMI/]: [EMI] 2 recipes loaded with the same id: jei:/create/milling/bone_meal
[24May2026 18:05:50.723] [Thread-17/ERROR] [EMI/]: [EMI] 2 recipes loaded with the same id: jei:/minecraft/polished_tuff
[24May2026 18:05:50.723] [Thread-17/ERROR] [EMI/]: [EMI] 2 recipes loaded with the same id: jei:/minecraft/diamond_block
[24May2026 18:05:50.723] [Thread-17/ERROR] [EMI/]: [EMI] 2 recipes loaded with the same id: jei:/minecraft/walls
[24May2026 18:05:50.723] [Thread-17/ERROR] [EMI/]: [EMI] 2 recipes loaded with the same id: jei:/c/dyed/lime
[24May2026 18:05:50.723] [Thread-17/ERROR] [EMI/]: [EMI] 2 recipes loaded with the same id: jei:/minecraft/polished_basalt
[24May2026 18:05:50.724] [Thread-17/ERROR] [EMI/]: [EMI] 2 recipes loaded with the same id: jei:/create/milling/sea_pickle
[24May2026 18:05:50.724] [Thread-17/ERROR] [EMI/]: [EMI] 2 recipes loaded with the same id: jei:/create/crafting/materials/cardboard_block
[24May2026 18:05:50.724] [Thread-17/ERROR] [EMI/]: [EMI] Recipe create:create.toolbox.color/white not present in recipe manager. Consider prefixing its path with '/' if it is synthetic.
[24May2026 18:05:50.724] [Thread-17/ERROR] [EMI/]: [EMI] Recipe create:create.toolbox.color/orange not present in recipe manager. Consider prefixing its path with '/' if it is synthetic.
[24May2026 18:05:50.724] [Thread-17/ERROR] [EMI/]: [EMI] Recipe create:create.toolbox.color/magenta not present in recipe manager. Consider prefixing its path with '/' if it is synthetic.
[24May2026 18:05:50.724] [Thread-17/ERROR] [EMI/]: [EMI] Recipe create:create.toolbox.color/light_blue not present in recipe manager. Consider prefixing its path with '/' if it is synthetic.
[24May2026 18:05:50.724] [Thread-17/ERROR] [EMI/]: [EMI] Recipe create:create.toolbox.color/yellow not present in recipe manager. Consider prefixing its path with '/' if it is synthetic.
[24May2026 18:05:50.724] [Thread-17/ERROR] [EMI/]: [EMI] Recipe create:create.toolbox.color/lime not present in recipe manager. Consider prefixing its path with '/' if it is synthetic.
[24May2026 18:05:50.724] [Thread-17/ERROR] [EMI/]: [EMI] Recipe create:create.toolbox.color/pink not present in recipe manager. Consider prefixing its path with '/' if it is synthetic.
[24May2026 18:05:50.724] [Thread-17/ERROR] [EMI/]: [EMI] Recipe create:create.toolbox.color/gray not present in recipe manager. Consider prefixing its path with '/' if it is synthetic.
[24May2026 18:05:50.724] [Thread-17/ERROR] [EMI/]: [EMI] Recipe create:create.toolbox.color/light_gray not present in recipe manager. Consider prefixing its path with '/' if it is synthetic.
[24May2026 18:05:50.724] [Thread-17/ERROR] [EMI/]: [EMI] Recipe create:create.toolbox.color/cyan not present in recipe manager. Consider prefixing its path with '/' if it is synthetic.
[24May2026 18:05:50.724] [Thread-17/ERROR] [EMI/]: [EMI] Recipe create:create.toolbox.color/purple not present in recipe manager. Consider prefixing its path with '/' if it is synthetic.
[24May2026 18:05:50.724] [Thread-17/ERROR] [EMI/]: [EMI] Recipe create:create.toolbox.color/blue not present in recipe manager. Consider prefixing its path with '/' if it is synthetic.
[24May2026 18:05:50.724] [Thread-17/ERROR] [EMI/]: [EMI] Recipe create:create.toolbox.color/green not present in recipe manager. Consider prefixing its path with '/' if it is synthetic.
[24May2026 18:05:50.725] [Thread-17/ERROR] [EMI/]: [EMI] Recipe create:create.toolbox.color/red not present in recipe manager. Consider prefixing its path with '/' if it is synthetic.
[24May2026 18:05:50.725] [Thread-17/ERROR] [EMI/]: [EMI] Recipe create:create.toolbox.color/black not present in recipe manager. Consider prefixing its path with '/' if it is synthetic.
[24May2026 18:05:50.852] [Thread-17/INFO] [EMI/]: [EMI] Baked 12258 recipes in 254ms
[24May2026 18:05:50.855] [Thread-17/ERROR] [EMI/]: Error parsing NBT in deserialized stack
java.util.NoSuchElementException: No value present
	at java.base/java.util.Optional.orElseThrow(Optional.java:377) ~[?:?]
	at TRANSFORMER/emi@1.1.22+1.21.1+neoforge/dev.emi.emi.stack.serializer.ItemEmiStackSerializer.create(ItemEmiStackSerializer.java:21) ~[emi-1.1.22+1.21.1+neoforge.jar%23205!/:?]
	at TRANSFORMER/emi@1.1.22+1.21.1+neoforge/dev.emi.emi.api.stack.serializer.EmiStackSerializer.deserialize(EmiStackSerializer.java:70) ~[emi-1.1.22+1.21.1+neoforge.jar%23205!/:?]
	at TRANSFORMER/emi@1.1.22+1.21.1+neoforge/dev.emi.emi.registry.EmiIngredientSerializers.deserialize(EmiIngredientSerializers.java:75) ~[emi-1.1.22+1.21.1+neoforge.jar%23205!/:?]
	at TRANSFORMER/emi@1.1.22+1.21.1+neoforge/dev.emi.emi.api.stack.serializer.EmiIngredientSerializer.getDeserialized(EmiIngredientSerializer.java:23) ~[emi-1.1.22+1.21.1+neoforge.jar%23205!/:?]
	at TRANSFORMER/emi@1.1.22+1.21.1+neoforge/dev.emi.emi.runtime.EmiSidebars.load(EmiSidebars.java:98) ~[emi-1.1.22+1.21.1+neoforge.jar%23205!/:?]
	at TRANSFORMER/emi@1.1.22+1.21.1+neoforge/dev.emi.emi.runtime.EmiPersistentData.load(EmiPersistentData.java:41) ~[emi-1.1.22+1.21.1+neoforge.jar%23205!/:?]
	at TRANSFORMER/emi@1.1.22+1.21.1+neoforge/dev.emi.emi.runtime.EmiReloadManager$ReloadWorker.run(EmiReloadManager.java:221) ~[emi-1.1.22+1.21.1+neoforge.jar%23205!/:?]
	at java.base/java.lang.Thread.run(Thread.java:1583) [?:?]
[24May2026 18:05:50.859] [Thread-17/INFO] [EMI/]: [EMI] Baking search
[24May2026 18:05:50.871] [Thread-18/ERROR] [EMI/]: [EMI] 2 recipes loaded with the same id: jei:/c/dyed/light_blue
[24May2026 18:05:50.871] [Thread-18/ERROR] [EMI/]: [EMI] 2 recipes loaded with the same id: jei:/create/milling/large_fern
[24May2026 18:05:50.871] [Thread-18/ERROR] [EMI/]: [EMI] 2 recipes loaded with the same id: jei:/minecraft/soul_fire_base_blocks
[24May2026 18:05:50.871] [Thread-18/ERROR] [EMI/]: [EMI] 2 recipes loaded with the same id: jei:/c/fences
[24May2026 18:05:50.871] [Thread-18/ERROR] [EMI/]: [EMI] 2 recipes loaded with the same id: jei:/c/dyed/magenta
[24May2026 18:05:50.871] [Thread-18/ERROR] [EMI/]: [EMI] 2 recipes loaded with the same id: jei:/minecraft/prismarine
[24May2026 18:05:50.871] [Thread-18/ERROR] [EMI/]: [EMI] 2 recipes loaded with the same id: jei:/minecraft/deepslate_tiles
[24May2026 18:05:50.871] [Thread-18/ERROR] [EMI/]: [EMI] 2 recipes loaded with the same id: jei:/c/storage_blocks/slime
[24May2026 18:05:50.871] [Thread-18/ERROR] [EMI/]: [EMI] 2 recipes loaded with the same id: jei:/create/valve_handles
[24May2026 18:05:50.871] [Thread-18/ERROR] [EMI/]: [EMI] 2 recipes loaded with the same id: jei:/c/storage_blocks/straw
[24May2026 18:05:50.871] [Thread-18/ERROR] [EMI/]: [EMI] 2 recipes loaded with the same id: jei:/c/storage_blocks/carrot
[24May2026 18:05:50.872] [Thread-18/ERROR] [EMI/]: [EMI] 2 recipes loaded with the same id: jei:/create/milling/granite
[24May2026 18:05:50.872] [Thread-18/ERROR] [EMI/]: [EMI] 2 recipes loaded with the same id: jei:/create/milling/rose_bush
[24May2026 18:05:50.872] [Thread-18/ERROR] [EMI/]: [EMI] 2 recipes loaded with the same id: jei:/minecraft/cut_sandstone
[24May2026 18:05:50.872] [Thread-18/ERROR] [EMI/]: [EMI] 2 recipes loaded with the same id: jei:/minecraft/waxed_cut_copper
[24May2026 18:05:50.872] [Thread-18/ERROR] [EMI/]: [EMI] 2 recipes loaded with the same id: jei:/c/dyed/gray
[24May2026 18:05:50.872] [Thread-18/ERROR] [EMI/]: [EMI] 2 recipes loaded with the same id: jei:/c/ores/gold
[24May2026 18:05:50.872] [Thread-18/ERROR] [EMI/]: [EMI] 2 recipes loaded with the same id: jei:/c/storage_blocks/wheat
[24May2026 18:05:50.872] [Thread-18/ERROR] [EMI/]: [EMI] 2 recipes loaded with the same id: jei:/c/ores_in_ground/stone
[24May2026 18:05:50.872] [Thread-18/ERROR] [EMI/]: [EMI] 2 recipes loaded with the same id: jei:/c/storage_blocks/bone_meal
[24May2026 18:05:50.872] [Thread-18/ERROR] [EMI/]: [EMI] 2 recipes loaded with the same id: jei:/c/storage_blocks/raw_zinc
[24May2026 18:05:50.872] [Thread-18/ERROR] [EMI/]: [EMI] 2 recipes loaded with the same id: jei:/c/ores/quartz
[24May2026 18:05:50.872] [Thread-18/ERROR] [EMI/]: [EMI] 2 recipes loaded with the same id: jei:/minecraft/snow_block
[24May2026 18:05:50.872] [Thread-18/ERROR] [EMI/]: [EMI] 2 recipes loaded with the same id: jei:/minecraft/wooden_buttons
[24May2026 18:05:50.872] [Thread-18/ERROR] [EMI/]: [EMI] 2 recipes loaded with the same id: jei:/c/glazed_terracottas
[24May2026 18:05:50.872] [Thread-18/ERROR] [EMI/]: [EMI] 2 recipes loaded with the same id: jei:/minecraft/wooden_pressure_plates
[24May2026 18:05:50.872] [Thread-18/ERROR] [EMI/]: [EMI] 2 recipes loaded with the same id: jei:/c/chests
[24May2026 18:05:50.872] [Thread-18/ERROR] [EMI/]: [EMI] 2 recipes loaded with the same id: jei:/minecraft/spruce_logs
[24May2026 18:05:50.873] [Thread-18/ERROR] [EMI/]: [EMI] 2 recipes loaded with the same id: jei:/c/storage_blocks/tomato
[24May2026 18:05:50.873] [Thread-18/ERROR] [EMI/]: [EMI] 2 recipes loaded with the same id: jei:/minecraft/waxed_weathered_cut_copper
[24May2026 18:05:50.873] [Thread-18/ERROR] [EMI/]: [EMI] 2 recipes loaded with the same id: jei:/minecraft/dried_kelp_block
[24May2026 18:05:50.873] [Thread-18/ERROR] [EMI/]: [EMI] 2 recipes loaded with the same id: jei:/minecraft/oak_logs
[24May2026 18:05:50.873] [Thread-18/ERROR] [EMI/]: [EMI] 2 recipes loaded with the same id: jei:/minecraft/dark_oak_wood
[24May2026 18:05:50.873] [Thread-18/ERROR] [EMI/]: [EMI] 2 recipes loaded with the same id: jei:/minecraft/wooden_trapdoors
[24May2026 18:05:50.873] [Thread-18/ERROR] [EMI/]: [EMI] 2 recipes loaded with the same id: jei:/create/fan_processing_catalysts/blasting
[24May2026 18:05:50.873] [Thread-18/ERROR] [EMI/]: [EMI] 2 recipes loaded with the same id: jei:/c/storage_blocks/rice
[24May2026 18:05:50.873] [Thread-18/ERROR] [EMI/]: [EMI] 2 recipes loaded with the same id: jei:/farmersdelight/integration/create/milling/wild_rice
[24May2026 18:05:50.873] [Thread-18/ERROR] [EMI/]: [EMI] 2 recipes loaded with the same id: jei:/minecraft/waxed_exposed_cut_copper
[24May2026 18:05:50.873] [Thread-18/ERROR] [EMI/]: [EMI] 2 recipes loaded with the same id: jei:/c/storage_blocks/gold
[24May2026 18:05:50.873] [Thread-18/ERROR] [EMI/]: [EMI] 2 recipes loaded with the same id: jei:/create/crafting/materials/copper_ingot
[24May2026 18:05:50.873] [Thread-18/ERROR] [EMI/]: [EMI] 2 recipes loaded with the same id: jei:/c/storage_blocks/copper
[24May2026 18:05:50.873] [Thread-18/ERROR] [EMI/]: [EMI] 2 recipes loaded with the same id: jei:/create/crafting/materials/experience_block
[24May2026 18:05:50.873] [Thread-18/ERROR] [EMI/]: [EMI] 2 recipes loaded with the same id: jei:/create/milling/bone
[24May2026 18:05:50.873] [Thread-18/ERROR] [EMI/]: [EMI] 2 recipes loaded with the same id: jei:/farmersdelight/cabbage_crate
[24May2026 18:05:50.874] [Thread-18/ERROR] [EMI/]: [EMI] 2 recipes loaded with the same id: jei:/minecraft/beds
[24May2026 18:05:50.874] [Thread-18/ERROR] [EMI/]: [EMI] 2 recipes loaded with the same id: jei:/farmersdelight/straw_bale
[24May2026 18:05:50.874] [Thread-18/ERROR] [EMI/]: [EMI] 2 recipes loaded with the same id: jei:/c/dyed/white
[24May2026 18:05:50.874] [Thread-18/ERROR] [EMI/]: [EMI] 2 recipes loaded with the same id: jei:/c/stripped_woods
[24May2026 18:05:50.874] [Thread-18/ERROR] [EMI/]: [EMI] 2 recipes loaded with the same id: jei:/c/ores/netherite_scrap
[24May2026 18:05:50.874] [Thread-18/ERROR] [EMI/]: [EMI] 2 recipes loaded with the same id: jei:/minecraft/mangrove_wood
[24May2026 18:05:50.874] [Thread-18/ERROR] [EMI/]: [EMI] 2 recipes loaded with the same id: jei:/minecraft/candles
[24May2026 18:05:50.874] [Thread-18/ERROR] [EMI/]: [EMI] 2 recipes loaded with the same id: jei:/c/sandstone/uncolored_slabs
[24May2026 18:05:50.874] [Thread-18/ERROR] [EMI/]: [EMI] 2 recipes loaded with the same id: jei:/minecraft/buttons
[24May2026 18:05:50.874] [Thread-18/ERROR] [EMI/]: [EMI] 2 recipes loaded with the same id: jei:/create/table_cloths
[24May2026 18:05:50.874] [Thread-18/ERROR] [EMI/]: [EMI] 2 recipes loaded with the same id: jei:/minecraft/gold_ores
[24May2026 18:05:50.874] [Thread-18/ERROR] [EMI/]: [EMI] 2 recipes loaded with the same id: jei:/minecraft/bamboo_blocks
[24May2026 18:05:50.874] [Thread-18/ERROR] [EMI/]: [EMI] 2 recipes loaded with the same id: jei:/c/storage_blocks/iron
[24May2026 18:05:50.874] [Thread-18/ERROR] [EMI/]: [EMI] 2 recipes loaded with the same id: jei:/c/storage_blocks/raw_copper
[24May2026 18:05:50.874] [Thread-18/ERROR] [EMI/]: [EMI] 2 recipes loaded with the same id: jei:/c/dyed/light_gray
[24May2026 18:05:50.874] [Thread-18/ERROR] [EMI/]: [EMI] 2 recipes loaded with the same id: jei:/farmersdelight/sweet_berry_cheesecake_from_slices
[24May2026 18:05:50.874] [Thread-18/ERROR] [EMI/]: [EMI] 2 recipes loaded with the same id: jei:/create/milling/wither_rose
[24May2026 18:05:50.874] [Thread-18/ERROR] [EMI/]: [EMI] 2 recipes loaded with the same id: jei:/minecraft/stairs
[24May2026 18:05:50.874] [Thread-18/ERROR] [EMI/]: [EMI] 2 recipes loaded with the same id: jei:/c/ore_bearing_ground/netherrack
[24May2026 18:05:50.874] [Thread-18/ERROR] [EMI/]: [EMI] 2 recipes loaded with the same id: jei:/farmersdelight/safety_net
[24May2026 18:05:50.875] [Thread-18/ERROR] [EMI/]: [EMI] 2 recipes loaded with the same id: jei:/create/milling/cornflower
[24May2026 18:05:50.875] [Thread-18/ERROR] [EMI/]: [EMI] 2 recipes loaded with the same id: jei:/create/milling/terracotta
[24May2026 18:05:50.875] [Thread-18/ERROR] [EMI/]: [EMI] 2 recipes loaded with the same id: jei:/minecraft/logs_that_burn
[24May2026 18:05:50.875] [Thread-18/ERROR] [EMI/]: [EMI] 2 recipes loaded with the same id: jei:/minecraft/polished_andesite
[24May2026 18:05:50.875] [Thread-18/ERROR] [EMI/]: [EMI] 2 recipes loaded with the same id: jei:/create/milling/blue_orchid
[24May2026 18:05:50.875] [Thread-18/ERROR] [EMI/]: [EMI] 2 recipes loaded with the same id: jei:/minecraft/jungle_logs
[24May2026 18:05:50.875] [Thread-18/ERROR] [EMI/]: [EMI] 2 recipes loaded with the same id: jei:/minecraft/sandstone
[24May2026 18:05:50.875] [Thread-18/ERROR] [EMI/]: [EMI] 2 recipes loaded with the same id: jei:/minecraft/birch_wood
[24May2026 18:05:50.875] [Thread-18/ERROR] [EMI/]: [EMI] 2 recipes loaded with the same id: jei:/farmersdelight/pumpkin_from_slices
[24May2026 18:05:50.875] [Thread-18/ERROR] [EMI/]: [EMI] 2 recipes loaded with the same id: jei:/minecraft/stripped_cherry_wood
[24May2026 18:05:50.875] [Thread-18/ERROR] [EMI/]: [EMI] 2 recipes loaded with the same id: jei:/c/storage_blocks/raw_gold
[24May2026 18:05:50.875] [Thread-18/ERROR] [EMI/]: [EMI] 2 recipes loaded with the same id: jei:/c/ores_in_ground/netherrack
[24May2026 18:05:50.875] [Thread-18/ERROR] [EMI/]: [EMI] 2 recipes loaded with the same id: jei:/c/storage_blocks/emerald
[24May2026 18:05:50.875] [Thread-18/ERROR] [EMI/]: [EMI] 2 recipes loaded with the same id: jei:/c/chests/wooden
[24May2026 18:05:50.875] [Thread-18/ERROR] [EMI/]: [EMI] 2 recipes loaded with the same id: jei:/minecraft/coal_ores
[24May2026 18:05:50.875] [Thread-18/ERROR] [EMI/]: [EMI] 2 recipes loaded with the same id: jei:/c/cobblestones/mossy
[24May2026 18:05:50.875] [Thread-18/ERROR] [EMI/]: [EMI] 2 recipes loaded with the same id: jei:/minecraft/stripped_crimson_hyphae
[24May2026 18:05:50.875] [Thread-18/ERROR] [EMI/]: [EMI] 2 recipes loaded with the same id: jei:/minecraft/diamond_ores
[24May2026 18:05:50.875] [Thread-18/ERROR] [EMI/]: [EMI] 2 recipes loaded with the same id: jei:/c/sands
[24May2026 18:05:50.875] [Thread-18/ERROR] [EMI/]: [EMI] 2 recipes loaded with the same id: jei:/create/milling/poppy
[24May2026 18:05:50.875] [Thread-18/ERROR] [EMI/]: [EMI] 2 recipes loaded with the same id: jei:/farmersdelight/integration/create/milling/wild_beetroots
[24May2026 18:05:50.876] [Thread-18/ERROR] [EMI/]: [EMI] 2 recipes loaded with the same id: jei:/c/ores/iron
[24May2026 18:05:50.876] [Thread-18/ERROR] [EMI/]: [EMI] 2 recipes loaded with the same id: jei:/c/barrels
[24May2026 18:05:50.876] [Thread-18/ERROR] [EMI/]: [EMI] 2 recipes loaded with the same id: jei:/create/tracks
[24May2026 18:05:50.876] [Thread-18/ERROR] [EMI/]: [EMI] 2 recipes loaded with the same id: jei:/create/milling/calcite
[24May2026 18:05:50.876] [Thread-18/ERROR] [EMI/]: [EMI] 2 recipes loaded with the same id: jei:/c/pumpkins/jack_o_lanterns
[24May2026 18:05:50.876] [Thread-18/ERROR] [EMI/]: [EMI] 2 recipes loaded with the same id: jei:/minecraft/emerald_block
[24May2026 18:05:50.876] [Thread-18/ERROR] [EMI/]: [EMI] 2 recipes loaded with the same id: jei:/minecraft/stripped_dark_oak_wood
[24May2026 18:05:50.876] [Thread-18/ERROR] [EMI/]: [EMI] 2 recipes loaded with the same id: jei:/minecraft/slime_block
[24May2026 18:05:50.876] [Thread-18/ERROR] [EMI/]: [EMI] 2 recipes loaded with the same id: jei:/c/dyed/orange
[24May2026 18:05:50.876] [Thread-18/ERROR] [EMI/]: [EMI] 2 recipes loaded with the same id: jei:/create/milling/fern
[24May2026 18:05:50.876] [Thread-18/ERROR] [EMI/]: [EMI] 2 recipes loaded with the same id: jei:/farmersdelight/potato_crate
[24May2026 18:05:50.876] [Thread-18/ERROR] [EMI/]: [EMI] 2 recipes loaded with the same id: jei:/create/milling/ink_sac
[24May2026 18:05:50.876] [Thread-18/ERROR] [EMI/]: [EMI] 2 recipes loaded with the same id: jei:/create/milling/short_grass
[24May2026 18:05:50.876] [Thread-18/ERROR] [EMI/]: [EMI] 2 recipes loaded with the same id: jei:/farmersdelight/integration/create/milling/wild_carrots
[24May2026 18:05:50.876] [Thread-18/ERROR] [EMI/]: [EMI] 2 recipes loaded with the same id: jei:/minecraft/dripstone_block
[24May2026 18:05:50.876] [Thread-18/ERROR] [EMI/]: [EMI] 2 recipes loaded with the same id: jei:/create/postboxes
[24May2026 18:05:50.876] [Thread-18/ERROR] [EMI/]: [EMI] 2 recipes loaded with the same id: jei:/c/dyed/pink
[24May2026 18:05:50.876] [Thread-18/ERROR] [EMI/]: [EMI] 2 recipes loaded with the same id: jei:/c/gravels
[24May2026 18:05:50.876] [Thread-18/ERROR] [EMI/]: [EMI] 2 recipes loaded with the same id: jei:/create/crafting/materials/brass_block_from_compacting
[24May2026 18:05:50.876] [Thread-18/ERROR] [EMI/]: [EMI] 2 recipes loaded with the same id: jei:/create/toolboxes
[24May2026 18:05:50.876] [Thread-18/ERROR] [EMI/]: [EMI] 2 recipes loaded with the same id: jei:/minecraft/acacia_logs
[24May2026 18:05:50.876] [Thread-18/ERROR] [EMI/]: [EMI] 2 recipes loaded with the same id: jei:/create/milling/lily_of_the_valley
[24May2026 18:05:50.877] [Thread-18/ERROR] [EMI/]: [EMI] 2 recipes loaded with the same id: jei:/c/glass_panes
[24May2026 18:05:50.877] [Thread-18/ERROR] [EMI/]: [EMI] 2 recipes loaded with the same id: jei:/create/milling/saddle
[24May2026 18:05:50.877] [Thread-18/ERROR] [EMI/]: [EMI] 2 recipes loaded with the same id: jei:/create/milling/peony
[24May2026 18:05:50.877] [Thread-18/ERROR] [EMI/]: [EMI] 2 recipes loaded with the same id: jei:/minecraft/oxidized_cut_copper
[24May2026 18:05:50.877] [Thread-18/ERROR] [EMI/]: [EMI] 2 recipes loaded with the same id: jei:/create/milling/sugar_cane
[24May2026 18:05:50.877] [Thread-18/ERROR] [EMI/]: [EMI] 2 recipes loaded with the same id: jei:/create/milling/coal
[24May2026 18:05:50.877] [Thread-18/ERROR] [EMI/]: [EMI] 2 recipes loaded with the same id: jei:/c/dyed/yellow
[24May2026 18:05:50.877] [Thread-18/ERROR] [EMI/]: [EMI] 2 recipes loaded with the same id: jei:/minecraft/jungle_wood
[24May2026 18:05:50.877] [Thread-18/ERROR] [EMI/]: [EMI] 2 recipes loaded with the same id: jei:/minecraft/gold_ingot_from_nuggets
[24May2026 18:05:50.877] [Thread-18/ERROR] [EMI/]: [EMI] 2 recipes loaded with the same id: jei:/minecraft/gold_block
[24May2026 18:05:50.877] [Thread-18/ERROR] [EMI/]: [EMI] 2 recipes loaded with the same id: jei:/sereneseasons/summer_crops
[24May2026 18:05:50.877] [Thread-18/ERROR] [EMI/]: [EMI] 2 recipes loaded with the same id: jei:/c/barrels/wooden
[24May2026 18:05:50.877] [Thread-18/ERROR] [EMI/]: [EMI] 2 recipes loaded with the same id: jei:/c/stones
[24May2026 18:05:50.877] [Thread-18/ERROR] [EMI/]: [EMI] 2 recipes loaded with the same id: jei:/minecraft/cherry_logs
[24May2026 18:05:50.877] [Thread-18/ERROR] [EMI/]: [EMI] 2 recipes loaded with the same id: jei:/minecraft/iron_ingot_from_nuggets
[24May2026 18:05:50.877] [Thread-18/ERROR] [EMI/]: [EMI] 2 recipes loaded with the same id: jei:/c/ores/zinc
[24May2026 18:05:50.877] [Thread-18/ERROR] [EMI/]: [EMI] 2 recipes loaded with the same id: jei:/minecraft/warped_stems
[24May2026 18:05:50.877] [Thread-18/ERROR] [EMI/]: [EMI] 2 recipes loaded with the same id: jei:/minecraft/polished_diorite
[24May2026 18:05:50.877] [Thread-18/ERROR] [EMI/]: [EMI] 2 recipes loaded with the same id: jei:/c/storage_blocks/andesite_alloy
[24May2026 18:05:50.877] [Thread-18/ERROR] [EMI/]: [EMI] 2 recipes loaded with the same id: jei:/c/chains
[24May2026 18:05:50.877] [Thread-18/ERROR] [EMI/]: [EMI] 2 recipes loaded with the same id: jei:/c/ores/coal
[24May2026 18:05:50.877] [Thread-18/ERROR] [EMI/]: [EMI] 2 recipes loaded with the same id: jei:/c/glass_blocks/cheap
[24May2026 18:05:50.877] [Thread-18/ERROR] [EMI/]: [EMI] 2 recipes loaded with the same id: jei:/minecraft/stripped_oak_wood
[24May2026 18:05:50.877] [Thread-18/ERROR] [EMI/]: [EMI] 2 recipes loaded with the same id: jei:/minecraft/warped_hyphae
[24May2026 18:05:50.877] [Thread-18/ERROR] [EMI/]: [EMI] 2 recipes loaded with the same id: jei:/minecraft/leather
[24May2026 18:05:50.877] [Thread-18/ERROR] [EMI/]: [EMI] 2 recipes loaded with the same id: jei:/minecraft/glowstone
[24May2026 18:05:50.877] [Thread-18/ERROR] [EMI/]: [EMI] 2 recipes loaded with the same id: jei:/create/milling/tall_grass
[24May2026 18:05:50.877] [Thread-18/ERROR] [EMI/]: [EMI] 2 recipes loaded with the same id: jei:/create/milling/beetroot
[24May2026 18:05:50.877] [Thread-18/ERROR] [EMI/]: [EMI] 2 recipes loaded with the same id: jei:/create/milling/clay
[24May2026 18:05:50.877] [Thread-18/ERROR] [EMI/]: [EMI] 2 recipes loaded with the same id: jei:/create/crafting/materials/zinc_ingot_from_compacting
[24May2026 18:05:50.877] [Thread-18/ERROR] [EMI/]: [EMI] 2 recipes loaded with the same id: jei:/c/sandstone/stairs
[24May2026 18:05:50.877] [Thread-18/ERROR] [EMI/]: [EMI] 2 recipes loaded with the same id: jei:/minecraft/magma_block
[24May2026 18:05:50.877] [Thread-18/ERROR] [EMI/]: [EMI] 2 recipes loaded with the same id: jei:/farmersdelight/tomato_crate
[24May2026 18:05:50.877] [Thread-18/ERROR] [EMI/]: [EMI] 2 recipes loaded with the same id: jei:/c/storage_blocks/cabbage
[24May2026 18:05:50.877] [Thread-18/ERROR] [EMI/]: [EMI] 2 recipes loaded with the same id: jei:/minecraft/stripped_mangrove_wood
[24May2026 18:05:50.878] [Thread-18/ERROR] [EMI/]: [EMI] 2 recipes loaded with the same id: jei:/c/sands/red
[24May2026 18:05:50.878] [Thread-18/ERROR] [EMI/]: [EMI] 2 recipes loaded with the same id: jei:/minecraft/saplings
[24May2026 18:05:50.878] [Thread-18/ERROR] [EMI/]: [EMI] 2 recipes loaded with the same id: jei:/c/ores/copper
[24May2026 18:05:50.878] [Thread-18/ERROR] [EMI/]: [EMI] 2 recipes loaded with the same id: jei:/minecraft/cherry_wood
[24May2026 18:05:50.878] [Thread-18/ERROR] [EMI/]: [EMI] 2 recipes loaded with the same id: jei:/minecraft/weathered_cut_copper
[24May2026 18:05:50.878] [Thread-18/ERROR] [EMI/]: [EMI] 2 recipes loaded with the same id: jei:/c/fences/wooden
[24May2026 18:05:50.878] [Thread-18/ERROR] [EMI/]: [EMI] 2 recipes loaded with the same id: jei:/farmersdelight/integration/create/milling/wild_tomatoes
[24May2026 18:05:50.878] [Thread-18/ERROR] [EMI/]: [EMI] 2 recipes loaded with the same id: jei:/minecraft/white_wool_from_string
[24May2026 18:05:50.878] [Thread-18/ERROR] [EMI/]: [EMI] 2 recipes loaded with the same id: jei:/c/storage_blocks/cardboard
[24May2026 18:05:50.878] [Thread-18/ERROR] [EMI/]: [EMI] 2 recipes loaded with the same id: jei:/c/ores/lapis
[24May2026 18:05:50.878] [Thread-18/ERROR] [EMI/]: [EMI] 2 recipes loaded with the same id: jei:/farmersdelight/canvas
[24May2026 18:05:50.878] [Thread-18/ERROR] [EMI/]: [EMI] 2 recipes loaded with the same id: jei:/minecraft/raw_copper_block
[24May2026 18:05:50.878] [Thread-18/ERROR] [EMI/]: [EMI] 2 recipes loaded with the same id: jei:/c/clusters
[24May2026 18:05:50.878] [Thread-18/ERROR] [EMI/]: [EMI] 2 recipes loaded with the same id: jei:/c/obsidians/crying
[24May2026 18:05:50.878] [Thread-18/ERROR] [EMI/]: [EMI] 2 recipes loaded with the same id: jei:/create/milling/red_tulip
[24May2026 18:05:50.878] [Thread-18/ERROR] [EMI/]: [EMI] 2 recipes loaded with the same id: jei:/minecraft/stripped_spruce_wood
[24May2026 18:05:50.878] [Thread-18/ERROR] [EMI/]: [EMI] 2 recipes loaded with the same id: jei:/c/sandstone/uncolored_stairs
[24May2026 18:05:50.879] [Thread-18/ERROR] [EMI/]: [EMI] 2 recipes loaded with the same id: jei:/c/budding_blocks
[24May2026 18:05:50.879] [Thread-18/ERROR] [EMI/]: [EMI] 2 recipes loaded with the same id: jei:/c/fence_gates/wooden
[24May2026 18:05:50.879] [Thread-18/ERROR] [EMI/]: [EMI] 2 recipes loaded with the same id: jei:/create/milling/lapis_lazuli
[24May2026 18:05:50.879] [Thread-18/ERROR] [EMI/]: [EMI] 2 recipes loaded with the same id: jei:/create/milling/andesite
[24May2026 18:05:50.879] [Thread-18/ERROR] [EMI/]: [EMI] 2 recipes loaded with the same id: jei:/create/crafting/materials/raw_zinc_block
[24May2026 18:05:50.879] [Thread-18/ERROR] [EMI/]: [EMI] 2 recipes loaded with the same id: jei:/farmersdelight/rice_bale
[24May2026 18:05:50.879] [Thread-18/ERROR] [EMI/]: [EMI] 2 recipes loaded with the same id: jei:/c/ore_rates/singular
[24May2026 18:05:50.879] [Thread-18/ERROR] [EMI/]: [EMI] 2 recipes loaded with the same id: jei:/minecraft/acacia_wood
[24May2026 18:05:50.879] [Thread-18/ERROR] [EMI/]: [EMI] 2 recipes loaded with the same id: jei:/c/storage_blocks/dried_kelp
[24May2026 18:05:50.879] [Thread-18/ERROR] [EMI/]: [EMI] 2 recipes loaded with the same id: jei:/c/dyed/black
[24May2026 18:05:50.879] [Thread-18/ERROR] [EMI/]: [EMI] 2 recipes loaded with the same id: jei:/minecraft/netherite_block
[24May2026 18:05:50.879] [Thread-18/ERROR] [EMI/]: [EMI] 2 recipes loaded with the same id: jei:/minecraft/honey_block
[24May2026 18:05:50.879] [Thread-18/ERROR] [EMI/]: [EMI] 2 recipes loaded with the same id: jei:/minecraft/cut_copper
[24May2026 18:05:50.879] [Thread-18/ERROR] [EMI/]: [EMI] 2 recipes loaded with the same id: jei:/minecraft/crimson_hyphae
[24May2026 18:05:50.879] [Thread-18/ERROR] [EMI/]: [EMI] 2 recipes loaded with the same id: jei:/c/ore_rates/sparse
[24May2026 18:05:50.879] [Thread-18/ERROR] [EMI/]: [EMI] 2 recipes loaded with the same id: jei:/farmersdelight/beetroot_crate
[24May2026 18:05:50.879] [Thread-18/ERROR] [EMI/]: [EMI] 2 recipes loaded with the same id: jei:/create/seats
[24May2026 18:05:50.880] [Thread-18/ERROR] [EMI/]: [EMI] 2 recipes loaded with the same id: jei:/minecraft/iron_block
[24May2026 18:05:50.880] [Thread-18/ERROR] [EMI/]: [EMI] 2 recipes loaded with the same id: jei:/create/milling/charcoal
[24May2026 18:05:50.880] [Thread-18/ERROR] [EMI/]: [EMI] 2 recipes loaded with the same id: jei:/minecraft/clay
[24May2026 18:05:50.880] [Thread-18/ERROR] [EMI/]: [EMI] 2 recipes loaded with the same id: jei:/minecraft/iron_trapdoor
[24May2026 18:05:50.880] [Thread-18/ERROR] [EMI/]: [EMI] 2 recipes loaded with the same id: jei:/c/sands/colorless
[24May2026 18:05:50.880] [Thread-18/ERROR] [EMI/]: [EMI] 2 recipes loaded with the same id: jei:/minecraft/mangrove_logs
[24May2026 18:05:50.880] [Thread-18/ERROR] [EMI/]: [EMI] 2 recipes loaded with the same id: jei:/minecraft/slabs
[24May2026 18:05:50.880] [Thread-18/ERROR] [EMI/]: [EMI] 2 recipes loaded with the same id: jei:/create/milling/oxeye_daisy
[24May2026 18:05:50.880] [Thread-18/ERROR] [EMI/]: [EMI] 2 recipes loaded with the same id: jei:/c/chests/ender
[24May2026 18:05:50.880] [Thread-18/ERROR] [EMI/]: [EMI] 2 recipes loaded with the same id: jei:/c/dyed/purple
[24May2026 18:05:50.880] [Thread-18/ERROR] [EMI/]: [EMI] 2 recipes loaded with the same id: jei:/minecraft/banners
[24May2026 18:05:50.880] [Thread-18/ERROR] [EMI/]: [EMI] 2 recipes loaded with the same id: jei:/c/sandstone/slabs
[24May2026 18:05:50.880] [Thread-18/ERROR] [EMI/]: [EMI] 2 recipes loaded with the same id: jei:/minecraft/bone_block
[24May2026 18:05:50.880] [Thread-18/ERROR] [EMI/]: [EMI] 2 recipes loaded with the same id: jei:/minecraft/oak_wood
[24May2026 18:05:50.880] [Thread-18/ERROR] [EMI/]: [EMI] 2 recipes loaded with the same id: jei:/c/dyed/cyan
[24May2026 18:05:50.880] [Thread-18/ERROR] [EMI/]: [EMI] 2 recipes loaded with the same id: jei:/sereneseasons/spring_crops
[24May2026 18:05:50.880] [Thread-18/ERROR] [EMI/]: [EMI] 2 recipes loaded with the same id: jei:/minecraft/stone_buttons
[24May2026 18:05:50.880] [Thread-18/ERROR] [EMI/]: [EMI] 2 recipes loaded with the same id: jei:/c/dyed
[24May2026 18:05:50.880] [Thread-18/ERROR] [EMI/]: [EMI] 2 recipes loaded with the same id: jei:/create/potions
[24May2026 18:05:50.880] [Thread-18/ERROR] [EMI/]: [EMI] 2 recipes loaded with the same id: jei:/c/pumpkins/normal
[24May2026 18:05:50.880] [Thread-18/ERROR] [EMI/]: [EMI] 2 recipes loaded with the same id: jei:/minecraft/smelts_to_glass
[24May2026 18:05:50.881] [Thread-18/ERROR] [EMI/]: [EMI] 2 recipes loaded with the same id: jei:/minecraft/deepslate_bricks
[24May2026 18:05:50.881] [Thread-18/ERROR] [EMI/]: [EMI] 2 recipes loaded with the same id: jei:/minecraft/nether_bricks
[24May2026 18:05:50.881] [Thread-18/ERROR] [EMI/]: [EMI] 2 recipes loaded with the same id: jei:/c/storage_blocks/beetroot
[24May2026 18:05:50.881] [Thread-18/ERROR] [EMI/]: [EMI] 2 recipes loaded with the same id: jei:/minecraft/trapdoors
[24May2026 18:05:50.881] [Thread-18/ERROR] [EMI/]: [EMI] 2 recipes loaded with the same id: jei:/minecraft/tuff_bricks
[24May2026 18:05:50.881] [Thread-18/ERROR] [EMI/]: [EMI] 2 recipes loaded with the same id: jei:/farmersdelight/wild_crops
[24May2026 18:05:50.881] [Thread-18/ERROR] [EMI/]: [EMI] 3 recipes loaded with the same id: jei:/minecraft/anvil
[24May2026 18:05:50.881] [Thread-18/ERROR] [EMI/]: [EMI] 2 recipes loaded with the same id: jei:/create/milling/sandstone
[24May2026 18:05:50.881] [Thread-18/ERROR] [EMI/]: [EMI] 2 recipes loaded with the same id: jei:/farmersdelight/carrot_crate
[24May2026 18:05:50.881] [Thread-18/ERROR] [EMI/]: [EMI] 2 recipes loaded with the same id: jei:/minecraft/wooden_stairs
[24May2026 18:05:50.881] [Thread-18/ERROR] [EMI/]: [EMI] 2 recipes loaded with the same id: jei:/minecraft/polished_blackstone
[24May2026 18:05:50.881] [Thread-18/ERROR] [EMI/]: [EMI] 4 recipes loaded with the same id: jei:/minecraft/stone_bricks
[24May2026 18:05:50.881] [Thread-18/ERROR] [EMI/]: [EMI] 2 recipes loaded with the same id: jei:/c/sandstone/red_slabs
[24May2026 18:05:50.881] [Thread-18/ERROR] [EMI/]: [EMI] 2 recipes loaded with the same id: jei:/minecraft/crafting_table
[24May2026 18:05:50.881] [Thread-18/ERROR] [EMI/]: [EMI] 2 recipes loaded with the same id: jei:/minecraft/planks
[24May2026 18:05:50.881] [Thread-18/ERROR] [EMI/]: [EMI] 2 recipes loaded with the same id: jei:/minecraft/leaves
[24May2026 18:05:50.881] [Thread-18/ERROR] [EMI/]: [EMI] 2 recipes loaded with the same id: jei:/farmersdelight/integration/create/milling/wild_potatoes
[24May2026 18:05:50.881] [Thread-18/ERROR] [EMI/]: [EMI] 2 recipes loaded with the same id: jei:/create/milling/allium
[24May2026 18:05:50.881] [Thread-18/ERROR] [EMI/]: [EMI] 2 recipes loaded with the same id: jei:/minecraft/stripped_birch_wood
[24May2026 18:05:50.881] [Thread-18/ERROR] [EMI/]: [EMI] 2 recipes loaded with the same id: jei:/c/dyed/green
[24May2026 18:05:50.881] [Thread-18/ERROR] [EMI/]: [EMI] 2 recipes loaded with the same id: jei:/minecraft/doors
[24May2026 18:05:50.881] [Thread-18/ERROR] [EMI/]: [EMI] 2 recipes loaded with the same id: jei:/sereneseasons/winter_crops
[24May2026 18:05:50.881] [Thread-18/ERROR] [EMI/]: [EMI] 8 recipes loaded with the same id: emi_loot:/block_drops/minecraft/blocks/empty
[24May2026 18:05:50.881] [Thread-18/ERROR] [EMI/]: [EMI] 2 recipes loaded with the same id: jei:/minecraft/copper_ores
[24May2026 18:05:50.881] [Thread-18/ERROR] [EMI/]: [EMI] 2 recipes loaded with the same id: jei:/c/storage_blocks/redstone
[24May2026 18:05:50.882] [Thread-18/ERROR] [EMI/]: [EMI] 2 recipes loaded with the same id: jei:/c/storage_blocks/lapis
[24May2026 18:05:50.882] [Thread-18/ERROR] [EMI/]: [EMI] 2 recipes loaded with the same id: jei:/minecraft/spruce_wood
[24May2026 18:05:50.882] [Thread-18/ERROR] [EMI/]: [EMI] 2 recipes loaded with the same id: jei:/minecraft/dark_oak_logs
[24May2026 18:05:50.882] [Thread-18/ERROR] [EMI/]: [EMI] 2 recipes loaded with the same id: jei:/minecraft/sand
[24May2026 18:05:50.882] [Thread-18/ERROR] [EMI/]: [EMI] 2 recipes loaded with the same id: jei:/create/milling/wheat
[24May2026 18:05:50.882] [Thread-18/ERROR] [EMI/]: [EMI] 2 recipes loaded with the same id: jei:/minecraft/emerald_ores
[24May2026 18:05:50.882] [Thread-18/ERROR] [EMI/]: [EMI] 2 recipes loaded with the same id: jei:/create/milling/orange_tulip
[24May2026 18:05:50.882] [Thread-18/ERROR] [EMI/]: [EMI] 2 recipes loaded with the same id: jei:/minecraft/raw_gold_block
[24May2026 18:05:50.898] [Thread-18/ERROR] [EMI/]: [EMI] 2 recipes loaded with the same id: jei:/minecraft/cut_red_sandstone
[24May2026 18:05:50.898] [Thread-18/ERROR] [EMI/]: [EMI] 2 recipes loaded with the same id: jei:/c/concretes
[24May2026 18:05:50.898] [Thread-18/ERROR] [EMI/]: [EMI] 2 recipes loaded with the same id: jei:/minecraft/coal_block
[24May2026 18:05:50.898] [Thread-18/ERROR] [EMI/]: [EMI] 2 recipes loaded with the same id: jei:/minecraft/wart_blocks
[24May2026 18:05:50.898] [Thread-18/ERROR] [EMI/]: [EMI] 2 recipes loaded with the same id: jei:/c/glass_blocks/tinted
[24May2026 18:05:50.898] [Thread-18/ERROR] [EMI/]: [EMI] 2 recipes loaded with the same id: jei:/c/cobblestones/infested
[24May2026 18:05:50.898] [Thread-18/ERROR] [EMI/]: [EMI] 2 recipes loaded with the same id: jei:/c/glass_panes/colorless
[24May2026 18:05:50.899] [Thread-18/ERROR] [EMI/]: [EMI] 2 recipes loaded with the same id: jei:/c/sandstone/red_stairs
[24May2026 18:05:50.899] [Thread-18/ERROR] [EMI/]: [EMI] 2 recipes loaded with the same id: jei:/create/milling/pink_tulip
[24May2026 18:05:50.899] [Thread-18/ERROR] [EMI/]: [EMI] 2 recipes loaded with the same id: jei:/c/player_workstations/furnaces
[24May2026 18:05:50.899] [Thread-18/ERROR] [EMI/]: [EMI] 2 recipes loaded with the same id: jei:/c/cobblestones/deepslate
[24May2026 18:05:50.899] [Thread-18/ERROR] [EMI/]: [EMI] 2 recipes loaded with the same id: jei:/c/ore_bearing_ground/stone
[24May2026 18:05:50.899] [Thread-18/ERROR] [EMI/]: [EMI] 2 recipes loaded with the same id: jei:/c/sandstone/blocks
[24May2026 18:05:50.899] [Thread-18/ERROR] [EMI/]: [EMI] 2 recipes loaded with the same id: jei:/minecraft/birch_logs
[24May2026 18:05:50.899] [Thread-18/ERROR] [EMI/]: [EMI] 2 recipes loaded with the same id: jei:/farmersdelight/integration/create/milling/rice_panicle
[24May2026 18:05:50.899] [Thread-18/ERROR] [EMI/]: [EMI] 2 recipes loaded with the same id: jei:/minecraft/polished_blackstone_bricks
[24May2026 18:05:50.899] [Thread-18/ERROR] [EMI/]: [EMI] 2 recipes loaded with the same id: jei:/minecraft/tall_flowers
[24May2026 18:05:50.899] [Thread-18/ERROR] [EMI/]: [EMI] 2 recipes loaded with the same id: jei:/minecraft/stripped_acacia_wood
[24May2026 18:05:50.899] [Thread-18/ERROR] [EMI/]: [EMI] 2 recipes loaded with the same id: jei:/farmersdelight/integration/create/milling/wild_onions
[24May2026 18:05:50.899] [Thread-18/ERROR] [EMI/]: [EMI] 2 recipes loaded with the same id: jei:/minecraft/amethyst_block
[24May2026 18:05:50.899] [Thread-18/ERROR] [EMI/]: [EMI] 2 recipes loaded with the same id: jei:/c/pumpkins
[24May2026 18:05:50.899] [Thread-18/ERROR] [EMI/]: [EMI] 2 recipes loaded with the same id: jei:/c/sandstone/uncolored_blocks
[24May2026 18:05:50.899] [Thread-18/ERROR] [EMI/]: [EMI] 2 recipes loaded with the same id: jei:/c/end_stones
[24May2026 18:05:50.899] [Thread-18/ERROR] [EMI/]: [EMI] 2 recipes loaded with the same id: jei:/c/dyed/brown
[24May2026 18:05:50.899] [Thread-18/ERROR] [EMI/]: [EMI] 2 recipes loaded with the same id: jei:/c/storage_blocks/onion
[24May2026 18:05:50.899] [Thread-18/ERROR] [EMI/]: [EMI] 2 recipes loaded with the same id: jei:/c/storage_blocks/brass
[24May2026 18:05:50.899] [Thread-18/ERROR] [EMI/]: [EMI] 2 recipes loaded with the same id: jei:/sereneseasons/autumn_crops
[24May2026 18:05:50.900] [Thread-18/ERROR] [EMI/]: [EMI] 2 recipes loaded with the same id: jei:/minecraft/wool
[24May2026 18:05:50.900] [Thread-18/ERROR] [EMI/]: [EMI] 2 recipes loaded with the same id: jei:/create/milling/white_tulip
[24May2026 18:05:50.900] [Thread-18/ERROR] [EMI/]: [EMI] 2 recipes loaded with the same id: jei:/create/milling/cactus
[24May2026 18:05:50.900] [Thread-18/ERROR] [EMI/]: [EMI] 2 recipes loaded with the same id: jei:/c/storage_blocks/zinc
[24May2026 18:05:50.900] [Thread-18/ERROR] [EMI/]: [EMI] 2 recipes loaded with the same id: jei:/c/storage_blocks/rice_panicle
[24May2026 18:05:50.900] [Thread-18/ERROR] [EMI/]: [EMI] 2 recipes loaded with the same id: jei:/c/pumpkins/carved
[24May2026 18:05:50.900] [Thread-18/ERROR] [EMI/]: [EMI] 2 recipes loaded with the same id: jei:/minecraft/dirt
[24May2026 18:05:50.900] [Thread-18/ERROR] [EMI/]: [EMI] 2 recipes loaded with the same id: jei:/c/fence_gates
[24May2026 18:05:50.900] [Thread-18/ERROR] [EMI/]: [EMI] 2 recipes loaded with the same id: jei:/minecraft/signs
[24May2026 18:05:50.900] [Thread-18/ERROR] [EMI/]: [EMI] 2 recipes loaded with the same id: jei:/create/crafting/materials/brass_ingot_from_compacting
[24May2026 18:05:50.900] [Thread-18/ERROR] [EMI/]: [EMI] 2 recipes loaded with the same id: jei:/c/ores
[24May2026 18:05:50.900] [Thread-18/ERROR] [EMI/]: [EMI] 2 recipes loaded with the same id: jei:/c/glass_blocks
[24May2026 18:05:50.900] [Thread-18/ERROR] [EMI/]: [EMI] 2 recipes loaded with the same id: jei:/c/storage_blocks/coal
[24May2026 18:05:50.900] [Thread-18/ERROR] [EMI/]: [EMI] 2 recipes loaded with the same id: jei:/minecraft/flowers
[24May2026 18:05:50.900] [Thread-18/ERROR] [EMI/]: [EMI] 2 recipes loaded with the same id: jei:/c/chests/trapped
[24May2026 18:05:50.900] [Thread-18/ERROR] [EMI/]: [EMI] 2 recipes loaded with the same id: jei:/minecraft/lapis_block
[24May2026 18:05:50.900] [Thread-18/ERROR] [EMI/]: [EMI] 2 recipes loaded with the same id: jei:/minecraft/mud_bricks
[24May2026 18:05:50.900] [Thread-18/ERROR] [EMI/]: [EMI] 2 recipes loaded with the same id: jei:/minecraft/completes_find_tree_tutorial
[24May2026 18:05:50.900] [Thread-18/ERROR] [EMI/]: [EMI] 2 recipes loaded with the same id: jei:/minecraft/snow
[24May2026 18:05:50.900] [Thread-18/ERROR] [EMI/]: [EMI] 2 recipes loaded with the same id: jei:/c/villager_job_sites
[24May2026 18:05:50.900] [Thread-18/ERROR] [EMI/]: [EMI] 2 recipes loaded with the same id: jei:/farmersdelight/onion_crate
[24May2026 18:05:50.901] [Thread-18/ERROR] [EMI/]: [EMI] 2 recipes loaded with the same id: jei:/create/milling/cobblestone
[24May2026 18:05:50.901] [Thread-18/ERROR] [EMI/]: [EMI] 2 recipes loaded with the same id: jei:/minecraft/waxed_oxidized_cut_copper
[24May2026 18:05:50.901] [Thread-18/ERROR] [EMI/]: [EMI] 2 recipes loaded with the same id: jei:/minecraft/fences
[24May2026 18:05:50.901] [Thread-18/ERROR] [EMI/]: [EMI] 2 recipes loaded with the same id: jei:/farmersdelight/chocolate_pie_from_slices
[24May2026 18:05:50.901] [Thread-18/ERROR] [EMI/]: [EMI] 2 recipes loaded with the same id: jei:/c/storage_blocks/raw_iron
[24May2026 18:05:50.901] [Thread-18/ERROR] [EMI/]: [EMI] 2 recipes loaded with the same id: jei:/minecraft/stripped_warped_hyphae
[24May2026 18:05:50.901] [Thread-18/ERROR] [EMI/]: [EMI] 2 recipes loaded with the same id: jei:/minecraft/polished_deepslate
[24May2026 18:05:50.901] [Thread-18/ERROR] [EMI/]: [EMI] 2 recipes loaded with the same id: jei:/c/bookshelves
[24May2026 18:05:50.901] [Thread-18/ERROR] [EMI/]: [EMI] 2 recipes loaded with the same id: jei:/farmersdelight/rice_bag
[24May2026 18:05:50.916] [Thread-18/ERROR] [EMI/]: [EMI] 2 recipes loaded with the same id: jei:/c/ores_in_ground/deepslate
[24May2026 18:05:50.916] [Thread-18/ERROR] [EMI/]: [EMI] 2 recipes loaded with the same id: jei:/minecraft/exposed_cut_copper
[24May2026 18:05:50.916] [Thread-18/ERROR] [EMI/]: [EMI] 2 recipes loaded with the same id: jei:/c/ores/diamond
[24May2026 18:05:50.916] [Thread-18/ERROR] [EMI/]: [EMI] 2 recipes loaded with the same id: jei:/c/storage_blocks/netherite
[24May2026 18:05:50.916] [Thread-18/ERROR] [EMI/]: [EMI] 2 recipes loaded with the same id: jei:/c/ores/redstone
[24May2026 18:05:50.916] [Thread-18/ERROR] [EMI/]: [EMI] 2 recipes loaded with the same id: jei:/c/ore_rates/dense
[24May2026 18:05:50.916] [Thread-18/ERROR] [EMI/]: [EMI] 2 recipes loaded with the same id: jei:/minecraft/redstone_ores
[24May2026 18:05:50.916] [Thread-18/ERROR] [EMI/]: [EMI] 2 recipes loaded with the same id: jei:/minecraft/lapis_ores
[24May2026 18:05:50.916] [Thread-18/ERROR] [EMI/]: [EMI] 2 recipes loaded with the same id: jei:/c/cobblestones
[24May2026 18:05:50.916] [Thread-18/ERROR] [EMI/]: [EMI] 2 recipes loaded with the same id: jei:/minecraft/wooden_doors
[24May2026 18:05:50.916] [Thread-18/ERROR] [EMI/]: [EMI] 2 recipes loaded with the same id: jei:/create/crafting/materials/andesite_alloy_block
[24May2026 18:05:50.917] [Thread-18/ERROR] [EMI/]: [EMI] 2 recipes loaded with the same id: jei:/create/milling/dripstone_block
[24May2026 18:05:50.917] [Thread-18/ERROR] [EMI/]: [EMI] 2 recipes loaded with the same id: jei:/create/milling/cocoa_beans
[24May2026 18:05:50.917] [Thread-18/ERROR] [EMI/]: [EMI] 2 recipes loaded with the same id: jei:/farmersdelight/apple_pie_from_slices
[24May2026 18:05:50.917] [Thread-18/ERROR] [EMI/]: [EMI] 2 recipes loaded with the same id: jei:/minecraft/stripped_jungle_wood
[24May2026 18:05:50.917] [Thread-18/ERROR] [EMI/]: [EMI] 2 recipes loaded with the same id: jei:/create/casing
[24May2026 18:05:50.917] [Thread-18/ERROR] [EMI/]: [EMI] 2 recipes loaded with the same id: jei:/minecraft/honeycomb_block
[24May2026 18:05:50.917] [Thread-18/ERROR] [EMI/]: [EMI] 2 recipes loaded with the same id: jei:/minecraft/quartz_bricks
[24May2026 18:05:50.917] [Thread-18/ERROR] [EMI/]: [EMI] 2 recipes loaded with the same id: jei:/minecraft/rails
[24May2026 18:05:50.917] [Thread-18/ERROR] [EMI/]: [EMI] 2 recipes loaded with the same id: jei:/minecraft/copper_block
[24May2026 18:05:50.917] [Thread-18/ERROR] [EMI/]: [EMI] 2 recipes loaded with the same id: jei:/c/storage_blocks/diamond
[24May2026 18:05:50.917] [Thread-18/ERROR] [EMI/]: [EMI] 2 recipes loaded with the same id: jei:/c/sandstone/red_blocks
[24May2026 18:05:50.917] [Thread-18/ERROR] [EMI/]: [EMI] 2 recipes loaded with the same id: jei:/c/netherracks
[24May2026 18:05:50.917] [Thread-18/ERROR] [EMI/]: [EMI] 2 recipes loaded with the same id: jei:/c/fences/nether_brick
[24May2026 18:05:50.917] [Thread-18/ERROR] [EMI/]: [EMI] 2 recipes loaded with the same id: jei:/c/obsidians/normal
[24May2026 18:05:50.917] [Thread-18/ERROR] [EMI/]: [EMI] 2 recipes loaded with the same id: jei:/c/player_workstations/crafting_tables
[24May2026 18:05:50.917] [Thread-18/ERROR] [EMI/]: [EMI] 2 recipes loaded with the same id: jei:/c/cobblestones/normal
[24May2026 18:05:50.917] [Thread-18/ERROR] [EMI/]: [EMI] 2 recipes loaded with the same id: jei:/minecraft/fence_gates
[24May2026 18:05:50.917] [Thread-18/ERROR] [EMI/]: [EMI] 2 recipes loaded with the same id: jei:/c/dyed/blue
[24May2026 18:05:50.917] [Thread-18/ERROR] [EMI/]: [EMI] 2 recipes loaded with the same id: jei:/farmersdelight/integration/create/milling/wild_cabbages
[24May2026 18:05:50.917] [Thread-18/ERROR] [EMI/]: [EMI] 2 recipes loaded with the same id: jei:/minecraft/raw_iron_block
[24May2026 18:05:50.917] [Thread-18/ERROR] [EMI/]: [EMI] 2 recipes loaded with the same id: jei:/c/ores/emerald
[24May2026 18:05:50.917] [Thread-18/ERROR] [EMI/]: [EMI] 2 recipes loaded with the same id: jei:/minecraft/small_flowers
[24May2026 18:05:50.917] [Thread-18/ERROR] [EMI/]: [EMI] 2 recipes loaded with the same id: jei:/minecraft/wooden_slabs
[24May2026 18:05:50.917] [Thread-18/ERROR] [EMI/]: [EMI] 2 recipes loaded with the same id: jei:/create/milling/azure_bluet
[24May2026 18:05:50.917] [Thread-18/ERROR] [EMI/]: [EMI] 2 recipes loaded with the same id: jei:/minecraft/dampens_vibrations
[24May2026 18:05:50.917] [Thread-18/ERROR] [EMI/]: [EMI] 2 recipes loaded with the same id: jei:/minecraft/red_sandstone
[24May2026 18:05:50.917] [Thread-18/ERROR] [EMI/]: [EMI] 2 recipes loaded with the same id: jei:/c/ore_bearing_ground/deepslate
[24May2026 18:05:50.917] [Thread-18/ERROR] [EMI/]: [EMI] 2 recipes loaded with the same id: jei:/c/storage_blocks
[24May2026 18:05:50.917] [Thread-18/ERROR] [EMI/]: [EMI] 2 recipes loaded with the same id: jei:/minecraft/wool_carpets
[24May2026 18:05:50.917] [Thread-18/ERROR] [EMI/]: [EMI] 2 recipes loaded with the same id: jei:/create/milling/sunflower
[24May2026 18:05:50.917] [Thread-18/ERROR] [EMI/]: [EMI] 2 recipes loaded with the same id: jei:/minecraft/piglin_repellents
[24May2026 18:05:50.917] [Thread-18/ERROR] [EMI/]: [EMI] 2 recipes loaded with the same id: jei:/minecraft/crimson_stems
[24May2026 18:05:50.917] [Thread-18/ERROR] [EMI/]: [EMI] 2 recipes loaded with the same id: jei:/minecraft/redstone_block
[24May2026 18:05:50.917] [Thread-18/ERROR] [EMI/]: [EMI] 2 recipes loaded with the same id: jei:/create/milling/lilac
[24May2026 18:05:50.918] [Thread-18/ERROR] [EMI/]: [EMI] 2 recipes loaded with the same id: jei:/create/crafting/materials/zinc_block_from_compacting
[24May2026 18:05:50.918] [Thread-18/ERROR] [EMI/]: [EMI] 2 recipes loaded with the same id: jei:/c/buds
[24May2026 18:05:50.918] [Thread-18/ERROR] [EMI/]: [EMI] 2 recipes loaded with the same id: jei:/minecraft/end_stone_bricks
[24May2026 18:05:50.918] [Thread-18/ERROR] [EMI/]: [EMI] 3 recipes loaded with the same id: jei:/minecraft/terracotta
[24May2026 18:05:50.918] [Thread-18/ERROR] [EMI/]: [EMI] 2 recipes loaded with the same id: jei:/create/milling/dandelion
[24May2026 18:05:50.918] [Thread-18/ERROR] [EMI/]: [EMI] 2 recipes loaded with the same id: jei:/minecraft/purpur_block
[24May2026 18:05:50.918] [Thread-18/ERROR] [EMI/]: [EMI] 2 recipes loaded with the same id: jei:/minecraft/polished_granite
[24May2026 18:05:50.918] [Thread-18/ERROR] [EMI/]: [EMI] 2 recipes loaded with the same id: jei:/minecraft/wooden_fences
[24May2026 18:05:50.918] [Thread-18/ERROR] [EMI/]: [EMI] 2 recipes loaded with the same id: jei:/c/storage_blocks/potato
[24May2026 18:05:50.918] [Thread-18/ERROR] [EMI/]: [EMI] 2 recipes loaded with the same id: jei:/minecraft/iron_ores
[24May2026 18:05:50.918] [Thread-18/ERROR] [EMI/]: [EMI] 2 recipes loaded with the same id: jei:/c/obsidians
[24May2026 18:05:50.918] [Thread-18/ERROR] [EMI/]: [EMI] 2 recipes loaded with the same id: jei:/minecraft/bricks
[24May2026 18:05:50.918] [Thread-18/ERROR] [EMI/]: [EMI] 2 recipes loaded with the same id: jei:/c/stripped_logs
[24May2026 18:05:50.918] [Thread-18/ERROR] [EMI/]: [EMI] 2 recipes loaded with the same id: jei:/c/dyed/red
[24May2026 18:05:50.918] [Thread-18/ERROR] [EMI/]: [EMI] 2 recipes loaded with the same id: jei:/minecraft/quartz_block
[24May2026 18:05:50.918] [Thread-18/ERROR] [EMI/]: [EMI] 2 recipes loaded with the same id: jei:/minecraft/logs
[24May2026 18:05:50.918] [Thread-18/ERROR] [EMI/]: [EMI] 2 recipes loaded with the same id: jei:/c/glass_blocks/colorless
[24May2026 18:05:50.918] [Thread-18/ERROR] [EMI/]: [EMI] 2 recipes loaded with the same id: jei:/create/milling/bone_meal
[24May2026 18:05:50.918] [Thread-18/ERROR] [EMI/]: [EMI] 2 recipes loaded with the same id: jei:/minecraft/polished_tuff
[24May2026 18:05:50.918] [Thread-18/ERROR] [EMI/]: [EMI] 2 recipes loaded with the same id: jei:/minecraft/diamond_block
[24May2026 18:05:50.918] [Thread-18/ERROR] [EMI/]: [EMI] 2 recipes loaded with the same id: jei:/minecraft/walls
[24May2026 18:05:50.918] [Thread-18/ERROR] [EMI/]: [EMI] 2 recipes loaded with the same id: jei:/c/dyed/lime
[24May2026 18:05:50.929] [Thread-18/ERROR] [EMI/]: [EMI] 2 recipes loaded with the same id: jei:/minecraft/polished_basalt
[24May2026 18:05:50.929] [Thread-18/ERROR] [EMI/]: [EMI] 2 recipes loaded with the same id: jei:/create/milling/sea_pickle
[24May2026 18:05:50.929] [Thread-18/ERROR] [EMI/]: [EMI] 2 recipes loaded with the same id: jei:/create/crafting/materials/cardboard_block
[24May2026 18:05:50.929] [Thread-18/ERROR] [EMI/]: [EMI] Recipe create:create.toolbox.color/white not present in recipe manager. Consider prefixing its path with '/' if it is synthetic.
[24May2026 18:05:50.930] [Thread-18/ERROR] [EMI/]: [EMI] Recipe create:create.toolbox.color/orange not present in recipe manager. Consider prefixing its path with '/' if it is synthetic.
[24May2026 18:05:50.930] [Thread-18/ERROR] [EMI/]: [EMI] Recipe create:create.toolbox.color/magenta not present in recipe manager. Consider prefixing its path with '/' if it is synthetic.
[24May2026 18:05:50.930] [Thread-18/ERROR] [EMI/]: [EMI] Recipe create:create.toolbox.color/light_blue not present in recipe manager. Consider prefixing its path with '/' if it is synthetic.
[24May2026 18:05:50.930] [Thread-18/ERROR] [EMI/]: [EMI] Recipe create:create.toolbox.color/yellow not present in recipe manager. Consider prefixing its path with '/' if it is synthetic.
[24May2026 18:05:50.930] [Thread-18/ERROR] [EMI/]: [EMI] Recipe create:create.toolbox.color/lime not present in recipe manager. Consider prefixing its path with '/' if it is synthetic.
[24May2026 18:05:50.930] [Thread-18/ERROR] [EMI/]: [EMI] Recipe create:create.toolbox.color/pink not present in recipe manager. Consider prefixing its path with '/' if it is synthetic.
[24May2026 18:05:50.930] [Thread-18/ERROR] [EMI/]: [EMI] Recipe create:create.toolbox.color/gray not present in recipe manager. Consider prefixing its path with '/' if it is synthetic.
[24May2026 18:05:50.930] [Thread-18/ERROR] [EMI/]: [EMI] Recipe create:create.toolbox.color/light_gray not present in recipe manager. Consider prefixing its path with '/' if it is synthetic.
[24May2026 18:05:50.930] [Thread-18/ERROR] [EMI/]: [EMI] Recipe create:create.toolbox.color/cyan not present in recipe manager. Consider prefixing its path with '/' if it is synthetic.
[24May2026 18:05:50.930] [Thread-18/ERROR] [EMI/]: [EMI] Recipe create:create.toolbox.color/purple not present in recipe manager. Consider prefixing its path with '/' if it is synthetic.
[24May2026 18:05:50.930] [Thread-18/ERROR] [EMI/]: [EMI] Recipe create:create.toolbox.color/blue not present in recipe manager. Consider prefixing its path with '/' if it is synthetic.
[24May2026 18:05:50.930] [Thread-18/ERROR] [EMI/]: [EMI] Recipe create:create.toolbox.color/green not present in recipe manager. Consider prefixing its path with '/' if it is synthetic.
[24May2026 18:05:50.930] [Thread-18/ERROR] [EMI/]: [EMI] Recipe create:create.toolbox.color/red not present in recipe manager. Consider prefixing its path with '/' if it is synthetic.
[24May2026 18:05:50.930] [Thread-18/ERROR] [EMI/]: [EMI] Recipe create:create.toolbox.color/black not present in recipe manager. Consider prefixing its path with '/' if it is synthetic.
[24May2026 18:05:51.026] [Thread-18/INFO] [EMI/]: [EMI] Baked recipes after reload in 175ms
[24May2026 18:05:51.178] [JEI Config Save Delay/DEBUG] [mezz.jei.common.config.file.ConfigSerializer/]: Saving config file: F:\user files\Documents\GitHub\minecraft_limonata\MCreatorWorkspaces\limonata\run\config\jei\jei-debug.ini
[24May2026 18:05:51.179] [JEI Config Save Delay/DEBUG] [mezz.jei.common.config.file.ConfigSerializer/]: Saving config file: F:\user files\Documents\GitHub\minecraft_limonata\MCreatorWorkspaces\limonata\run\config\jei\jei-mod-id-format.ini
[24May2026 18:05:51.180] [JEI Config Save Delay/DEBUG] [mezz.jei.common.config.file.ConfigSerializer/]: Saving config file: F:\user files\Documents\GitHub\minecraft_limonata\MCreatorWorkspaces\limonata\run\config\jei\jei-client.ini
[24May2026 18:05:51.193] [JEI Config Save Delay/DEBUG] [mezz.jei.common.config.file.ConfigSerializer/]: Saving config file: F:\user files\Documents\GitHub\minecraft_limonata\MCreatorWorkspaces\limonata\run\config\jei\jei-colors.ini
[24May2026 18:05:51.239] [Thread-17/INFO] [EMI/]: [EMI] Finishing up
[24May2026 18:05:51.250] [Thread-17/INFO] [EMI/]: [EMI] Reloaded EMI in 1366ms
[24May2026 18:05:51.696] [JEI Config File Watcher/DEBUG] [mezz.jei.common.config.file.FileWatcherThread/]: Detected changes in files:
F:\user files\Documents\GitHub\minecraft_limonata\MCreatorWorkspaces\limonata\run\config\jei\jei-colors.ini
F:\user files\Documents\GitHub\minecraft_limonata\MCreatorWorkspaces\limonata\run\config\jei\jei-debug.ini
F:\user files\Documents\GitHub\minecraft_limonata\MCreatorWorkspaces\limonata\run\config\jei\jei-client.ini
F:\user files\Documents\GitHub\minecraft_limonata\MCreatorWorkspaces\limonata\run\config\jei\jei-mod-id-format.ini
[24May2026 18:06:05.507] [Render thread/WARN] [net.minecraft.client.sounds.SoundEngine/SOUNDS]: Unable to play empty soundEvent: minecraft:entity.salmon.ambient
[24May2026 18:06:31.696] [Render thread/DEBUG] [mixin/]: Mixing accessor.OrderedTextTooltipComponentAccessor from emi.mixins.json into net.minecraft.client.gui.screens.inventory.tooltip.ClientTextTooltip
[24May2026 18:06:31.696] [Render thread/DEBUG] [mixin/]: emi.mixins.json:accessor.OrderedTextTooltipComponentAccessor from mod emi: Class version 65 required is higher than the class version supported by the current version of Mixin (JAVA_17 supports class version 61)
[24May2026 18:09:17.573] [Server thread/INFO] [net.minecraft.server.MinecraftServer/]: [Dev: Set own game mode to Survival Mode]
[24May2026 18:09:17.580] [Render thread/INFO] [net.minecraft.client.gui.components.ChatComponent/]: [System] [CHAT] Set own game mode to Survival Mode
[24May2026 18:09:45.926] [Server thread/INFO] [net.minecraft.server.MinecraftServer/]: [Dev: Set own game mode to Creative Mode]
[24May2026 18:09:45.927] [Render thread/INFO] [net.minecraft.client.gui.components.ChatComponent/]: [System] [CHAT] Set own game mode to Creative Mode
[24May2026 18:09:48.304] [Server thread/INFO] [net.minecraft.client.server.IntegratedServer/]: Saving and pausing game...
[24May2026 18:09:48.322] [Server thread/INFO] [net.minecraft.server.MinecraftServer/]: Saving chunks for level 'ServerLevel[tests]'/minecraft:overworld
[24May2026 18:09:48.333] [Server thread/INFO] [net.minecraft.server.MinecraftServer/]: Saving chunks for level 'ServerLevel[tests]'/minecraft:the_nether
[24May2026 18:09:48.333] [Server thread/INFO] [net.minecraft.server.MinecraftServer/]: Saving chunks for level 'ServerLevel[tests]'/minecraft:the_end
[24May2026 18:09:48.334] [Server thread/DEBUG] [net.neoforged.neoforge.common.CommonHooks/WP]: Gathered mod list to write to world save tests
[24May2026 18:09:48.905] [Render thread/INFO] [EMI/]: [EMI] Disconnecting from server, EMI data cleared
[24May2026 18:09:48.906] [Thread-25/INFO] [EMI/]: [EMI] Clearing data
[24May2026 18:09:48.907] [Render thread/DEBUG] [mezz.jei.neoforge.startup.StartEventObserver/]: JEI StartEventObserver received event: class net.neoforged.neoforge.client.event.ClientPlayerNetworkEvent$LoggingOut
[24May2026 18:09:48.907] [Render thread/DEBUG] [mezz.jei.neoforge.startup.StartEventObserver/]: JEI StartEventObserver transitioning state from JEI_STARTED to LISTENING
[24May2026 18:09:48.907] [Render thread/INFO] [mezz.jei.library.startup.JeiStarter/]: Stopping JEI
[24May2026 18:09:48.907] [Render thread/INFO] [mezz.jei.library.load.PluginCaller/]: Sending Runtime Unavailable...
[24May2026 18:09:48.908] [Render thread/DEBUG] [mezz.jei.library.load.PluginCallerTimerRunnable/]: Sending Runtime Unavailable: jei:minecraft...
[24May2026 18:09:48.908] [Render thread/DEBUG] [mezz.jei.library.load.PluginCallerTimerRunnable/]: Sending Runtime Unavailable: farmersdelight:jei_plugin...
[24May2026 18:09:48.908] [Render thread/DEBUG] [mezz.jei.library.load.PluginCallerTimerRunnable/]: Sending Runtime Unavailable: emi:jemi...
[24May2026 18:09:48.908] [Render thread/DEBUG] [mezz.jei.library.load.PluginCallerTimerRunnable/]: Sending Runtime Unavailable: jade:main...
[24May2026 18:09:48.908] [Render thread/DEBUG] [mezz.jei.library.load.PluginCallerTimerRunnable/]: Sending Runtime Unavailable: jei:neoforge_gui...
[24May2026 18:09:48.908] [Render thread/INFO] [mezz.jei.neoforge.plugins.neoforge.NeoForgeGuiPlugin/]: Stopping JEI GUI
[24May2026 18:09:48.908] [Render thread/DEBUG] [mezz.jei.library.load.PluginCallerTimerRunnable/]: Sending Runtime Unavailable: jei:debug...
[24May2026 18:09:48.908] [Render thread/DEBUG] [mezz.jei.library.load.PluginCallerTimerRunnable/]: Sending Runtime Unavailable: jei:gui...
[24May2026 18:09:48.909] [Render thread/DEBUG] [mezz.jei.library.load.PluginCallerTimerRunnable/]: Sending Runtime Unavailable: block_detective:jei_plugin...
[24May2026 18:09:48.909] [Render thread/DEBUG] [mezz.jei.library.load.PluginCallerTimerRunnable/]: Sending Runtime Unavailable: create:jei_plugin...
[24May2026 18:09:48.909] [Render thread/DEBUG] [mezz.jei.library.load.PluginCallerTimerRunnable/]: Sending Runtime Unavailable: jei:internal...
[24May2026 18:09:48.909] [Render thread/INFO] [mezz.jei.library.load.PluginCaller/]: Sending Runtime Unavailable took 1.294 milliseconds
[24May2026 18:09:48.913] [Render thread/DEBUG] [com.simibubi.create.Create/]: Removed Redstone Network Space for minecraft:overworld
[24May2026 18:09:48.913] [Render thread/DEBUG] [com.simibubi.create.Create/]: Removed Kinetic Network Space for minecraft:overworld
[24May2026 18:09:48.959] [Server thread/INFO] [net.minecraft.server.network.ServerGamePacketListenerImpl/]: Dev lost connection: Disconnected
[24May2026 18:09:48.959] [Server thread/INFO] [net.minecraft.server.MinecraftServer/]: Dev left the game
[24May2026 18:09:48.972] [Server thread/INFO] [net.minecraft.server.network.ServerCommonPacketListenerImpl/]: Stopping singleplayer server as player logged out
[24May2026 18:09:49.007] [Server thread/INFO] [net.minecraft.server.MinecraftServer/]: Stopping server
[24May2026 18:09:49.008] [Server thread/INFO] [net.minecraft.server.MinecraftServer/]: Saving players
[24May2026 18:09:49.008] [Server thread/INFO] [net.minecraft.server.MinecraftServer/]: Saving worlds
[24May2026 18:09:49.057] [Server thread/INFO] [net.minecraft.server.MinecraftServer/]: Saving chunks for level 'ServerLevel[tests]'/minecraft:overworld
[24May2026 18:09:49.089] [Server thread/INFO] [net.minecraft.server.MinecraftServer/]: Saving chunks for level 'ServerLevel[tests]'/minecraft:the_nether
[24May2026 18:09:49.093] [Server thread/INFO] [net.minecraft.server.MinecraftServer/]: Saving chunks for level 'ServerLevel[tests]'/minecraft:the_end
[24May2026 18:09:49.097] [Server thread/DEBUG] [net.neoforged.neoforge.common.CommonHooks/WP]: Gathered mod list to write to world save tests
[24May2026 18:09:49.102] [Server thread/INFO] [net.minecraft.server.MinecraftServer/]: ThreadedAnvilChunkStorage (New World): All chunks are saved
[24May2026 18:09:49.102] [Server thread/INFO] [net.minecraft.server.MinecraftServer/]: ThreadedAnvilChunkStorage (DIM-1): All chunks are saved
[24May2026 18:09:49.102] [Server thread/INFO] [net.minecraft.server.MinecraftServer/]: ThreadedAnvilChunkStorage (DIM1): All chunks are saved
[24May2026 18:09:49.102] [Server thread/INFO] [net.minecraft.server.MinecraftServer/]: ThreadedAnvilChunkStorage: All dimensions are saved
[24May2026 18:09:49.104] [Server thread/DEBUG] [com.simibubi.create.Create/]: Removed Redstone Network Space for minecraft:overworld
[24May2026 18:09:49.104] [Server thread/DEBUG] [com.simibubi.create.Create/]: Removed Kinetic Network Space for minecraft:overworld
[24May2026 18:09:49.118] [Server thread/DEBUG] [com.simibubi.create.Create/]: Removed Redstone Network Space for minecraft:the_nether
[24May2026 18:09:49.118] [Server thread/DEBUG] [com.simibubi.create.Create/]: Removed Kinetic Network Space for minecraft:the_nether
[24May2026 18:09:49.118] [Server thread/DEBUG] [com.simibubi.create.Create/]: Removed Redstone Network Space for minecraft:the_end
[24May2026 18:09:49.118] [Server thread/DEBUG] [com.simibubi.create.Create/]: Removed Kinetic Network Space for minecraft:the_end
[24May2026 18:09:49.119] [Server thread/DEBUG] [net.neoforged.fml.config.ConfigTracker/CONFIG]: Unloading configs type SERVER
[24May2026 18:09:50.581] [Render thread/INFO] [net.minecraft.client.Minecraft/]: Stopping!
