#
# A fatal error has been detected by the Java Runtime Environment:
#
#  EXCEPTION_ACCESS_VIOLATION (0xc0000005) at pc=0x00007ff9d3f32d3a, pid=2328, tid=13000
#
# JRE version: OpenJDK Runtime Environment Temurin-21.0.7+6 (21.0.7+6) (build 21.0.7+6-LTS)
# Java VM: OpenJDK 64-Bit Server VM Temurin-21.0.7+6 (21.0.7+6-LTS, mixed mode, sharing, tiered, compressed oops, compressed class ptrs, g1 gc, windows-amd64)
# Problematic frame:
# C  [jemalloc.dll+0x32d3a]
#
# No core dump will be written. Minidumps are not enabled by default on client versions of Windows
#
# If you would like to submit a bug report, please visit:
#   https://github.com/adoptium/adoptium-support/issues
# The crash happened outside the Java Virtual Machine in native code.
# See problematic frame for where to report the bug.
#

---------------  S U M M A R Y ------------

Command Line: -Dfml.modFolders=mcreator%%C:\Users\neryj\Documents\GitHub\minecraft_limonata\MCreatorWorkspaces\limonata\build\classes\java\main;mcreator%%C:\Users\neryj\Documents\GitHub\minecraft_limonata\MCreatorWorkspaces\limonata\build\resources\main --module-path=C:\\Users\\neryj\\.mcreator\\gradle\\caches\\modules-2\\files-2.1\\net.neoforged\\JarJarFileSystems\\0.4.1\\78f59f89defcd032ed788b151ca6a0d40ace796a\\JarJarFileSystems-0.4.1.jar;C:\\Users\\neryj\\.mcreator\\gradle\\caches\\modules-2\\files-2.1\\cpw.mods\\bootstraplauncher\\2.0.2\\1a2d076cbc33b0520cbacd591224427b2a20047d\\bootstraplauncher-2.0.2.jar;C:\\Users\\neryj\\.mcreator\\gradle\\caches\\modules-2\\files-2.1\\cpw.mods\\securejarhandler\\3.0.8\\c0ef95cecd8699a0449053ac7d9c160748d902cd\\securejarhandler-3.0.8.jar;C:\\Users\\neryj\\.mcreator\\gradle\\caches\\modules-2\\files-2.1\\org.ow2.asm\\asm-commons\\9.7\\e86dda4696d3c185fcc95d8d311904e7ce38a53f\\asm-commons-9.7.jar;C:\\Users\\neryj\\.mcreator\\gradle\\caches\\modules-2\\files-2.1\\org.ow2.asm\\asm-util\\9.7\\c0655519f24d92af2202cb681cd7c1569df6ead6\\asm-util-9.7.jar;C:\\Users\\neryj\\.mcreator\\gradle\\caches\\modules-2\\files-2.1\\org.ow2.asm\\asm-analysis\\9.7\\e4a258b7eb96107106c0599f0061cfc1832fe07a\\asm-analysis-9.7.jar;C:\\Users\\neryj\\.mcreator\\gradle\\caches\\modules-2\\files-2.1\\org.ow2.asm\\asm-tree\\9.7\\e446a17b175bfb733b87c5c2560ccb4e57d69f1a\\asm-tree-9.7.jar;C:\\Users\\neryj\\.mcreator\\gradle\\caches\\modules-2\\files-2.1\\org.ow2.asm\\asm\\9.7\\73d7b3086e14beb604ced229c302feff6449723\\asm-9.7.jar --add-modules=ALL-MODULE-PATH --add-opens=java.base/java.util.jar=cpw.mods.securejarhandler --add-opens=java.base/java.lang.invoke=cpw.mods.securejarhandler --add-exports=java.base/sun.security.util=cpw.mods.securejarhandler --add-exports=jdk.naming.dns/com.sun.jndi.dns=java.naming -Dcom.sun.management.jmxremote.port=1099 -Dcom.sun.management.jmxremote.local.only=true -Dcom.sun.management.jmxremote.ssl=false -Dcom.sun.management.jmxremote.authenticate=false -Dlog4j2.configurationFile=C:\\Users\\neryj\\Documents\\GitHub\\minecraft_limonata\\MCreatorWorkspaces\\limonata\\build\\moddev\\clientLog4j2.xml -Djava.net.preferIPv6Addresses=system -DignoreList=mixinextras-neoforge-0.4.1.jar,client-extra,neoforge- -DlegacyClassPath.file=C:\\Users\\neryj\\Documents\\GitHub\\minecraft_limonata\\MCreatorWorkspaces\\limonata\\build\\moddev\\clientLegacyClasspath.txt -Dneoforge.enableGameTest=true -Dforge.logging.markers=REGISTRIES -Dfile.encoding=UTF-8 -Duser.country=US -Duser.language=en -Duser.variant net.neoforged.devlaunch.Main @C:\\Users\\neryj\\Documents\\GitHub\\minecraft_limonata\\MCreatorWorkspaces\\limonata\\build\\moddev\\clientRunProgramArgs.txt

Host: AMD Ryzen 5 5600 6-Core Processor              , 12 cores, 15G,  Windows 11 , 64 bit Build 26100 (10.0.26100.4768)
Time: Fri Aug 15 21:14:40 2025 W. Europe Daylight Time elapsed time: 4.923387 seconds (0d 0h 0m 4s)

---------------  T H R E A D  ---------------

Current thread (0x00000224ae5ab970):  JavaThread "main"             [_thread_in_native, id=13000, stack(0x000000c1da800000,0x000000c1da900000) (1024K)]

Stack: [0x000000c1da800000,0x000000c1da900000],  sp=0x000000c1da8f97e0,  free space=997k
Native frames: (J=compiled Java code, j=interpreted, Vv=VM code, C=native code)
C  [jemalloc.dll+0x32d3a]

Java frames: (J=compiled Java code, j=interpreted, Vv=VM code)
j  org.lwjgl.system.JNI.invokePP(JJ)J+0 org.lwjgl@3.3.3+5
j  org.lwjgl.system.jemalloc.JEmalloc.<clinit>()V+52 org.lwjgl.jemalloc@3.3.3+5
v  ~StubRoutines::call_stub 0x00000224c046100d
j  org.lwjgl.system.jemalloc.JEmallocAllocator.<clinit>()V+0 org.lwjgl.jemalloc@3.3.3+5
v  ~StubRoutines::call_stub 0x00000224c046100d
J 999  java.lang.Class.forName0(Ljava/lang/String;ZLjava/lang/ClassLoader;Ljava/lang/Class;)Ljava/lang/Class; java.base@21.0.7 (0 bytes) @ 0x00000224c0a4b5df [0x00000224c0a4b540+0x000000000000009f]
j  java.lang.Class.forName(Ljava/lang/String;Ljava/lang/Class;)Ljava/lang/Class;+19 java.base@21.0.7
j  java.lang.Class.forName(Ljava/lang/String;)Ljava/lang/Class;+6 java.base@21.0.7
j  org.lwjgl.system.MemoryManage.getInstance()Lorg/lwjgl/system/MemoryUtil$MemoryAllocator;+68 org.lwjgl@3.3.3+5
j  org.lwjgl.system.MemoryUtil$LazyInit.<clinit>()V+17 org.lwjgl@3.3.3+5
v  ~StubRoutines::call_stub 0x00000224c046100d
j  org.lwjgl.system.MemoryUtil.getAllocator(Z)Lorg/lwjgl/system/MemoryUtil$MemoryAllocator;+10 org.lwjgl@3.3.3+5
j  org.lwjgl.system.MemoryUtil.getAllocator()Lorg/lwjgl/system/MemoryUtil$MemoryAllocator;+1 org.lwjgl@3.3.3+5
j  net.neoforged.fml.earlydisplay.DisplayWindow.initWindow(Ljava/lang/String;)V+838 fml_earlydisplay@4.0.39
j  net.neoforged.fml.earlydisplay.DisplayWindow.start(Ljava/lang/String;Ljava/lang/String;)Ljava/lang/Runnable;+14 fml_earlydisplay@4.0.39
j  net.neoforged.fml.earlydisplay.DisplayWindow.initialize([Ljava/lang/String;)Ljava/lang/Runnable;+410 fml_earlydisplay@4.0.39
j  net.neoforged.fml.loading.ImmediateWindowHandler.load(Ljava/lang/String;[Ljava/lang/String;)V+239 fml_loader@4.0.39
j  net.neoforged.fml.loading.ModDirTransformerDiscoverer.earlyInitialization(Ljava/lang/String;[Ljava/lang/String;)V+2 fml_loader@4.0.39
j  cpw.mods.modlauncher.TransformationServicesHandler.lambda$discoverServices$17(Lcpw/mods/modlauncher/ArgumentHandler$DiscoveryData;Lcpw/mods/modlauncher/serviceapi/ITransformerDiscoveryService;)V+9 cpw.mods.modlauncher@11.0.4
j  cpw.mods.modlauncher.TransformationServicesHandler$$Lambda+0x00000224d2227a00.accept(Ljava/lang/Object;)V+8 cpw.mods.modlauncher@11.0.4
J 2772 c1 java.lang.Iterable.forEach(Ljava/util/function/Consumer;)V java.base@21.0.7 (39 bytes) @ 0x00000224b93d2214 [0x00000224b93d1f20+0x00000000000002f4]
j  cpw.mods.modlauncher.TransformationServicesHandler.discoverServices(Lcpw/mods/modlauncher/ArgumentHandler$DiscoveryData;)V+144 cpw.mods.modlauncher@11.0.4
j  cpw.mods.modlauncher.Launcher.run([Ljava/lang/String;)V+14 cpw.mods.modlauncher@11.0.4
j  cpw.mods.modlauncher.Launcher.main([Ljava/lang/String;)V+123 cpw.mods.modlauncher@11.0.4
j  cpw.mods.modlauncher.BootstrapLaunchConsumer.accept([Ljava/lang/String;)V+1 cpw.mods.modlauncher@11.0.4
j  cpw.mods.modlauncher.BootstrapLaunchConsumer.accept(Ljava/lang/Object;)V+5 cpw.mods.modlauncher@11.0.4
j  cpw.mods.bootstraplauncher.BootstrapLauncher.run(Z[Ljava/lang/String;)V+703 cpw.mods.bootstraplauncher@2.0.2
j  cpw.mods.bootstraplauncher.BootstrapLauncher.main([Ljava/lang/String;)V+2 cpw.mods.bootstraplauncher@2.0.2
j  java.lang.invoke.LambdaForm$DMH+0x00000224d2002400.invokeStatic(Ljava/lang/Object;Ljava/lang/Object;)V+10 java.base@21.0.7
j  java.lang.invoke.LambdaForm$MH+0x00000224d20c6800.invoke(Ljava/lang/Object;Ljava/lang/Object;Ljava/lang/Object;)Ljava/lang/Object;+33 java.base@21.0.7
j  java.lang.invoke.Invokers$Holder.invokeExact_MT(Ljava/lang/Object;Ljava/lang/Object;Ljava/lang/Object;Ljava/lang/Object;)Ljava/lang/Object;+20 java.base@21.0.7
j  jdk.internal.reflect.DirectMethodHandleAccessor.invokeImpl(Ljava/lang/Object;[Ljava/lang/Object;)Ljava/lang/Object;+55 java.base@21.0.7
j  jdk.internal.reflect.DirectMethodHandleAccessor.invoke(Ljava/lang/Object;[Ljava/lang/Object;)Ljava/lang/Object;+23 java.base@21.0.7
j  java.lang.reflect.Method.invoke(Ljava/lang/Object;[Ljava/lang/Object;)Ljava/lang/Object;+102 java.base@21.0.7
j  net.neoforged.devlaunch.Main.main([Ljava/lang/String;)V+183
v  ~StubRoutines::call_stub 0x00000224c046100d

siginfo: EXCEPTION_ACCESS_VIOLATION (0xc0000005), reading address 0x0000000000000028


Registers:
RAX=0x0000000000000000, RBX=0x0000000000000000, RCX=0x0000000000000000, RDX=0x0000000000000000
RSP=0x000000c1da8f97e0, RBP=0x000000c1da8f9910, RSI=0x0000000000000000, RDI=0x00007ff9d3f5cb08
R8 =0x0000000000000000, R9 =0x00007ff9d3f3729e, R10=0x00007ff9d3f00000, R11=0x0000000000000000
R12=0x0000000000000000, R13=0x000002251304a3a0, R14=0x0000000000000000, R15=0x00000224ae5ab970
RIP=0x00007ff9d3f32d3a, EFLAGS=0x0000000000010202

XMM[0]=0x0000000000000000 0xffffffffffffffff
XMM[1]=0x0000000000000000 0x0000000000000000
XMM[2]=0x0000000000000000 0x0000000000000000
XMM[3]=0x0000000000000000 0x0000000000000000
XMM[4]=0x0000000000000000 0x0000000000000000
XMM[5]=0x0000000000000000 0x0000000000000000
XMM[6]=0x001088c07c7801e8 0x185a46d458e60028
XMM[7]=0x0001020304050607 0x08090a0b0c0d0e0f
XMM[8]=0x0000000000000000 0xb644e0efcb990db9
XMM[9]=0x0000000000000000 0xdbccf2783a070b30
XMM[10]=0x0000000000000000 0x000000005e3a18b8
XMM[11]=0x0000000000000000 0x40e7fdf37aef0923
XMM[12]=0x0000000000000000 0x000000003a070b30
XMM[13]=0x0000000000000000 0x000000004f7d9157
XMM[14]=0x0000000000000000 0x55e844793191b5ce
XMM[15]=0x0000000000000000 0x0000000000000000
  MXCSR=0x00001fa0


Register to memory mapping:

RAX=0x0 is null
RBX=0x0 is null
RCX=0x0 is null
RDX=0x0 is null
RSP=0x000000c1da8f97e0 is pointing into the stack for thread: 0x00000224ae5ab970
RBP=0x000000c1da8f9910 is pointing into the stack for thread: 0x00000224ae5ab970
RSI=0x0 is null
RDI=0x00007ff9d3f5cb08 jemalloc.dll
R8 =0x0 is null
R9 =0x00007ff9d3f3729e jemalloc.dll
R10=0x00007ff9d3f00000 jemalloc.dll
R11=0x0 is null
R12=0x0 is null
R13={method} {0x000002251304a3a8} 'invokePP' '(JJ)J' in 'org/lwjgl/system/JNI'
R14=0x0 is null
R15=0x00000224ae5ab970 is a thread

Top of Stack: (sp=0x000000c1da8f97e0)
0x000000c1da8f97e0:   0000000000000000 000000c1da8f9910
0x000000c1da8f97f0:   0000000000000000 000000180000004d
0x000000c1da8f9800:   00007ff9d3f5cb08 00007ff9d3f341ba
0x000000c1da8f9810:   0000022518cc0000 0000000000000000
0x000000c1da8f9820:   000000c1da8f9910 0000000000000000
0x000000c1da8f9830:   000000180000004f 0000000300000016
0x000000c1da8f9840:   0000000000000001 0000005000000000
0x000000c1da8f9850:   0000001600000018 0000000100000004
0x000000c1da8f9860:   0000000000000000 0000001900000051
0x000000c1da8f9870:   0000000100000017 0000000000000001
0x000000c1da8f9880:   0000005200000000 0000001700000019
0x000000c1da8f9890:   0000000100000002 0000000000000000
0x000000c1da8f98a0:   0000001900000053 0000000300000017
0x000000c1da8f98b0:   0000000000000001 0000005400000000
0x000000c1da8f98c0:   0000001700000019 0000000100000004
0x000000c1da8f98d0:   0000000000000000 0000001a00000055
0x000000c1da8f98e0:   0000000100000018 0000000000000001
0x000000c1da8f98f0:   0000005600000000 000000180000001a
0x000000c1da8f9900:   0000000100000002 0000000000000000
0x000000c1da8f9910:   0000001a00000057 0000000300000018
0x000000c1da8f9920:   0000000000000001 0000005800000000
0x000000c1da8f9930:   000000180000001a 0000000100000004
0x000000c1da8f9940:   0000000000000000 0000001b00000059
0x000000c1da8f9950:   0000000100000019 0000000000000001
0x000000c1da8f9960:   0000005a00000000 000000190000001b
0x000000c1da8f9970:   0000000100000002 0000000000000000
0x000000c1da8f9980:   0000001b0000005b 0000000300000019
0x000000c1da8f9990:   0000000000000001 0000005c00000000
0x000000c1da8f99a0:   000000190000001b 0000000100000004
0x000000c1da8f99b0:   0000000000000000 0000001c0000005d
0x000000c1da8f99c0:   000000010000001a 0000000000000001
0x000000c1da8f99d0:   0000005e00000000 0000001a0000001c 

Instructions: (pc=0x00007ff9d3f32d3a)
0x00007ff9d3f32c3a:   00 48 8d 3c 30 48 89 4f 10 48 8d 97 f0 06 00 00
0x00007ff9d3f32c4a:   8b 0d 38 52 03 00 4c 8b c8 89 4f 08 4c 8b c7 48
0x00007ff9d3f32c5a:   8d 4c 24 40 48 89 4c 24 20 e8 d8 f7 ff ff 41 b0
0x00007ff9d3f32c6a:   01 49 8b cf e8 2d e5 ff ff 48 89 87 18 07 00 00
0x00007ff9d3f32c7a:   48 8b c7 4c 8d 9c 24 e0 00 00 00 49 8b 5b 20 49
0x00007ff9d3f32c8a:   8b 6b 28 49 8b 73 30 49 8b e3 41 5f 41 5e 5f c3
0x00007ff9d3f32c9a:   cc cc cc cc cc cc 48 89 5c 24 08 48 89 6c 24 10
0x00007ff9d3f32caa:   48 89 74 24 18 57 48 83 ec 30 33 ed 48 8b fa 8b
0x00007ff9d3f32cba:   dd 48 8b f1 39 5a 08 76 3c 0f 1f 40 00 66 0f 1f
0x00007ff9d3f32cca:   84 00 00 00 00 00 8b c3 44 8b cb 48 ff c0 89 6c
0x00007ff9d3f32cda:   24 20 48 8b ce 48 8d 04 40 4c 8d 04 c7 83 fb 24
0x00007ff9d3f32cea:   73 07 e8 1f eb ff ff eb 05 e8 58 ef ff ff ff c3
0x00007ff9d3f32cfa:   3b 5f 08 72 d1 48 8b 5c 24 40 48 8b 6c 24 48 48
0x00007ff9d3f32d0a:   8b 74 24 50 48 83 c4 30 5f c3 cc cc cc cc cc cc
0x00007ff9d3f32d1a:   cc cc cc cc cc cc 48 89 5c 24 08 48 89 74 24 10
0x00007ff9d3f32d2a:   57 48 83 ec 20 48 8b 1a 48 8b f9 e8 66 ff ff ff
0x00007ff9d3f32d3a:   48 8b 73 28 48 8d 87 48 0a 00 00 33 c9 48 89 4b
0x00007ff9d3f32d4a:   28 48 85 ff 48 8b 9b a0 00 00 00 48 0f 45 c8 45
0x00007ff9d3f32d5a:   33 c0 41 8d 50 0e e8 5b e3 fc ff 48 8b d3 48 8b
0x00007ff9d3f32d6a:   cf e8 10 ec fc ff 48 8b 15 89 ba 02 00 45 33 c9
0x00007ff9d3f32d7a:   90 48 8b cf 90 e8 7c cb fd ff 83 3e 00 75 0e 80
0x00007ff9d3f32d8a:   3d a0 5d 03 00 00 75 05 41 b1 01 eb 03 45 33 c9
0x00007ff9d3f32d9a:   48 8b d6 48 8b cf 48 8b 5c 24 30 48 8b 74 24 38
0x00007ff9d3f32daa:   48 83 c4 20 5f e9 4c cb fd ff cc cc cc cc cc cc
0x00007ff9d3f32dba:   cc cc cc cc cc cc 40 57 48 83 ec 20 80 39 00 48
0x00007ff9d3f32dca:   8d b9 58 03 00 00 74 2b 41 b0 01 48 89 5c 24 30
0x00007ff9d3f32dda:   48 8b d7 e8 3e ff ff ff 8b 47 08 48 8d 4f 18 33
0x00007ff9d3f32dea:   d2 4c 8d 04 40 49 c1 e0 03 e8 f8 34 00 00 48 8b
0x00007ff9d3f32dfa:   5c 24 30 48 83 c4 20 5f c3 cc cc cc cc cc cc cc
0x00007ff9d3f32e0a:   cc cc cc cc cc cc 45 33 c0 48 8b d1 44 38 81 30
0x00007ff9d3f32e1a:   03 00 00 74 0f 4c 89 81 40 03 00 00 4c 89 81 50
0x00007ff9d3f32e2a:   03 00 00 c3 48 81 79 10 00 f0 ff ff 49 8b c0 48 


Stack slot to memory mapping:

stack at sp + 0 slots: 0x0 is null
stack at sp + 1 slots: 0x000000c1da8f9910 is pointing into the stack for thread: 0x00000224ae5ab970
stack at sp + 2 slots: 0x0 is null
stack at sp + 3 slots: 0x000000180000004d is an unknown value
stack at sp + 4 slots: 0x00007ff9d3f5cb08 jemalloc.dll
stack at sp + 5 slots: 0x00007ff9d3f341ba jemalloc.dll
stack at sp + 6 slots: 0x0000022518cc0000 points into unknown readable memory: 0x0000000000000000 | 00 00 00 00 00 00 00 00
stack at sp + 7 slots: 0x0 is null


Compiled method (n/a) 4977  999     n 0       java.lang.Class::forName0 (native)
 total in heap  [0x00000224c0a4b390,0x00000224c0a4b9c0] = 1584
 relocation     [0x00000224c0a4b4f0,0x00000224c0a4b528] = 56
 main code      [0x00000224c0a4b540,0x00000224c0a4b9bd] = 1149
 stub code      [0x00000224c0a4b9bd,0x00000224c0a4b9c0] = 3

[Constant Pool (empty)]

[MachCode]
[Entry Point]
  # {method} {0x00000224d1465818} 'forName0' '(Ljava/lang/String;ZLjava/lang/ClassLoader;Ljava/lang/Class;)Ljava/lang/Class;' in 'java/lang/Class'
  # parm0:    rdx:rdx   = 'java/lang/String'
  # parm1:    r8        = boolean
  # parm2:    r9:r9     = 'java/lang/ClassLoader'
  # parm3:    rdi:rdi   = 'java/lang/Class'
  #           [sp+0x80]  (sp of caller)
  0x00000224c0a4b540: 448b 5208 | 49bb 0000 | 00d1 2402 | 0000 4d03 | d349 3bc2 | 0f84 0600 

  0x00000224c0a4b558: ;   {runtime_call ic_miss_stub}
  0x00000224c0a4b558: 0000 e921 | 32a6 ff90 
[Verified Entry Point]
  0x00000224c0a4b560: 8984 2400 | 80ff ff55 | 488b ec48 | 83ec 7090 | 4181 7f20 | 0100 0000 

  0x00000224c0a4b578: ;   {runtime_call StubRoutines (final stubs)}
  0x00000224c0a4b578: 7405 e8e1 | 97a4 ff48 | 897c 2448 | 4883 ff00 | 488d 4424 | 4848 0f44 | 4424 4848 | 8944 2428 
  0x00000224c0a4b598: 4c89 4c24 | 4049 83f9 | 0048 8d44 | 2440 480f | 4444 2440 | 4889 4424 | 204d 8bc8 | 4889 5424 
  0x00000224c0a4b5b8: 3048 83fa | 004c 8d44 | 2430 4c0f | 4444 2430 

  0x00000224c0a4b5c8: ;   {oop(a 'java/lang/Class'{0x0000000701ac3e20} = 'java/lang/Class')}
  0x00000224c0a4b5c8: 49be 203e | ac01 0700 | 0000 4c89 | 7424 604c | 8d74 2460 | 498b d6c5 

  0x00000224c0a4b5e0: ;   {internal_word}
  0x00000224c0a4b5e0: f877 49ba | dfb5 a4c0 | 2402 0000 | 4d89 97a0 | 0300 0049 | 89a7 9803 

  0x00000224c0a4b5f8: ;   {external_word}
  0x00000224c0a4b5f8: 0000 49ba | 3d5b 4f7f | f97f 0000 | 4180 3a00 | 0f84 4e00 | 0000 5241 

  0x00000224c0a4b610: ;   {metadata({method} {0x00000224d1465818} 'forName0' '(Ljava/lang/String;ZLjava/lang/ClassLoader;Ljava/lang/Class;)Ljava/lang/Class;' in 'java/lang/Class')}
  0x00000224c0a4b610: 5041 5148 | ba10 5846 | d124 0200 | 0049 8bcf | 4883 ec20 | 40f6 c40f | 0f84 1900 | 0000 4883 
  0x00000224c0a4b630: ;   {runtime_call}
  0x00000224c0a4b630: ec08 48b8 | 504b f97e | f97f 0000 | ffd0 4883 | c408 e90c 

  0x00000224c0a4b644: ;   {runtime_call}
  0x00000224c0a4b644: 0000 0048 | b850 4bf9 | 7ef9 7f00 | 00ff d048 | 83c4 2041 | 5941 585a | 498d 8fb8 | 0300 0041 
  0x00000224c0a4b664: c787 4404 | 0000 0400 

  0x00000224c0a4b66c: ;   {runtime_call}
  0x00000224c0a4b66c: 0000 48b8 | d412 fcf9 | f97f 0000 | ffd0 c5f8 | 7741 c787 | 4404 0000 | 0500 0000 | f083 4424 
  0x00000224c0a4b68c: c000 493b | af48 0400 | 000f 870e | 0000 0041 | 83bf 4004 | 0000 000f | 842b 0000 | 00c5 f877 
  0x00000224c0a4b6ac: 4889 45f8 | 498b cf4c | 8be4 4883 | ec20 4883 

  0x00000224c0a4b6bc: ;   {runtime_call}
  0x00000224c0a4b6bc: e4f0 48b8 | 00d1 c47e | f97f 0000 | ffd0 498b | e44d 33e4 | 488b 45f8 | 41c7 8744 | 0400 0008 
  0x00000224c0a4b6dc: 0000 0041 | 83bf c004 | 0000 020f | 84a3 0200 

  0x00000224c0a4b6ec: ;   {external_word}
  0x00000224c0a4b6ec: 0049 ba3d | 5b4f 7ff9 | 7f00 0041 | 803a 000f | 844c 0000 | 0048 8945 

  0x00000224c0a4b704: ;   {metadata({method} {0x00000224d1465818} 'forName0' '(Ljava/lang/String;ZLjava/lang/ClassLoader;Ljava/lang/Class;)Ljava/lang/Class;' in 'java/lang/Class')}
  0x00000224c0a4b704: f848 ba10 | 5846 d124 | 0200 0049 | 8bcf 4883 | ec20 40f6 | c40f 0f84 | 1900 0000 | 4883 ec08 
  0x00000224c0a4b724: ;   {runtime_call}
  0x00000224c0a4b724: 48b8 504b | f97e f97f | 0000 ffd0 | 4883 c408 | e90c 0000 

  0x00000224c0a4b738: ;   {runtime_call}
  0x00000224c0a4b738: 0048 b850 | 4bf9 7ef9 | 7f00 00ff | d048 83c4 | 2048 8b45 | f849 c787 | 9803 0000 | 0000 0000 
  0x00000224c0a4b758: 49c7 87a0 | 0300 0000 | 0000 00c5 | f877 4885 | c00f 84fe | 0100 00a8 | 030f 8508 | 0000 0048 
  0x00000224c0a4b778: 8b00 e9ee | 0100 00a8 | 010f 8509 | 0000 0048 | 8b40 fee9 | dd01 0000 | 488b 40ff | 4180 7f40 
  0x00000224c0a4b798: 000f 84ce | 0100 0048 | 83f8 000f | 84c4 0100 | 0049 8b4f | 2848 83f9 | 000f 8414 | 0000 0048 
  0x00000224c0a4b7b8: 83e9 0849 | 894f 2849 | 034f 3848 | 8901 e9a2 | 0100 0048 | 81ec d000 | 0000 4889 | 0424 4889 
  0x00000224c0a4b7d8: 4c24 0848 | 8954 2410 | 4889 7424 | 1848 897c | 2420 4c89 | 4424 284c | 894c 2430 | 4c89 5424 
  0x00000224c0a4b7f8: 384c 895c | 2440 c5fb | 1144 2450 | c5fb 114c | 2458 c5fb | 1154 2460 | c5fb 115c | 2468 c5fb 
  0x00000224c0a4b818: 1164 2470 | c5fb 116c | 2478 c5fb | 11b4 2480 | 0000 00c5 | fb11 bc24 | 8800 0000 | c57b 1184 
  0x00000224c0a4b838: ;   {no_reloc}
  0x00000224c0a4b838: 2490 0000 | 00c5 7b11 | 8c24 9800 | 0000 c57b | 1194 24a0 | 0000 00c5 | 7b11 9c24 | a800 0000 
  0x00000224c0a4b858: c57b 11a4 | 24b0 0000 | 00c5 7b11 | ac24 b800 | 0000 c57b | 11b4 24c0 | 0000 00c5 | 7b11 bc24 
  0x00000224c0a4b878: c800 0000 | 498b d748 | 8bc8 4883 | ec20 40f6 | c40f 0f84 | 1900 0000 | 4883 ec08 

  0x00000224c0a4b894: ;   {runtime_call}
  0x00000224c0a4b894: 48b8 c014 | b87e f97f | 0000 ffd0 | 4883 c408 | e90c 0000 

  0x00000224c0a4b8a8: ;   {runtime_call}
  0x00000224c0a4b8a8: 0048 b8c0 | 14b8 7ef9 | 7f00 00ff | d048 83c4 | 20c5 7b10 | bc24 c800 | 0000 c57b | 10b4 24c0 
  0x00000224c0a4b8c8: 0000 00c5 | 7b10 ac24 | b800 0000 | c57b 10a4 | 24b0 0000 | 00c5 7b10 | 9c24 a800 | 0000 c57b 
  0x00000224c0a4b8e8: 1094 24a0 | 0000 00c5 | 7b10 8c24 | 9800 0000 | c57b 1084 | 2490 0000 | 00c5 fb10 | bc24 8800 
  0x00000224c0a4b908: 0000 c5fb | 10b4 2480 | 0000 00c5 | fb10 6c24 | 78c5 fb10 | 6424 70c5 | fb10 5c24 | 68c5 fb10 
  0x00000224c0a4b928: 5424 60c5 | fb10 4c24 | 58c5 fb10 | 4424 504c | 8b5c 2440 | 4c8b 5424 | 384c 8b4c | 2430 4c8b 
  0x00000224c0a4b948: 4424 2848 | 8b7c 2420 | 488b 7424 | 1848 8b54 | 2410 488b | 4c24 0848 | 8b04 2448 | 81c4 d000 
  0x00000224c0a4b968: 0000 c5f8 | 7749 8b8f | 2804 0000 | c781 0001 | 0000 0000 | 0000 c949 | 837f 0800 | 0f85 0100 
  0x00000224c0a4b988: ;   {runtime_call StubRoutines (initial stubs)}
  0x00000224c0a4b988: 0000 c3e9 | 7055 a1ff | c5f8 7748 | 8945 f84c | 8be4 4883 | ec20 4883 

  0x00000224c0a4b9a0: ;   {runtime_call}
  0x00000224c0a4b9a0: e4f0 48b8 | 3083 f97e | f97f 0000 | ffd0 498b | e44d 33e4 | 488b 45f8 | e930 fdff | fff4 f4f4 
[/MachCode]


Compiled method (c1) 4986 2772       3       java.lang.Iterable::forEach (39 bytes)
 total in heap  [0x00000224b93d1d10,0x00000224b93d2700] = 2544
 relocation     [0x00000224b93d1e70,0x00000224b93d1f18] = 168
 main code      [0x00000224b93d1f20,0x00000224b93d24c8] = 1448
 stub code      [0x00000224b93d24c8,0x00000224b93d2550] = 136
 metadata       [0x00000224b93d2550,0x00000224b93d2560] = 16
 scopes data    [0x00000224b93d2560,0x00000224b93d25f0] = 144
 scopes pcs     [0x00000224b93d25f0,0x00000224b93d26e0] = 240
 dependencies   [0x00000224b93d26e0,0x00000224b93d26e8] = 8
 nul chk table  [0x00000224b93d26e8,0x00000224b93d2700] = 24

[Constant Pool (empty)]

[MachCode]
[Entry Point]
  # {method} {0x00000224d1057320} 'forEach' '(Ljava/util/function/Consumer;)V' in 'java/lang/Iterable'
  # this:     rdx:rdx   = 'java/lang/Iterable'
  # parm0:    r8:r8     = 'java/util/function/Consumer'
  #           [sp+0x70]  (sp of caller)
  0x00000224b93d1f20: 448b 5208 | 49bb 0000 | 00d1 2402 | 0000 4d03 | d34c 3bd0 

  0x00000224b93d1f34: ;   {runtime_call ic_miss_stub}
  0x00000224b93d1f34: 0f85 46c8 | 0d07 660f | 1f44 0000 
[Verified Entry Point]
  0x00000224b93d1f40: 8984 2400 | 80ff ff55 | 4883 ec60 | 4181 7f20 | 0100 0000 

  0x00000224b93d1f54: ;   {runtime_call StubRoutines (final stubs)}
  0x00000224b93d1f54: 7405 e805 | 2e0c 074c | 8944 2430 

  0x00000224b93d1f60: ;   {metadata(method data for {method} {0x00000224d1057320} 'forEach' '(Ljava/util/function/Consumer;)V' in 'java/lang/Iterable')}
  0x00000224b93d1f60: 48be e0ef | 6c12 2502 | 0000 8bbe | cc00 0000 | 83c7 0289 | becc 0000 | 0081 e7fe | 0700 0085 
  0x00000224b93d1f80: ff0f 846f 

  0x00000224b93d1f84: ;   {metadata(method data for {method} {0x00000224d1057320} 'forEach' '(Ljava/util/function/Consumer;)V' in 'java/lang/Iterable')}
  0x00000224b93d1f84: 0400 0048 | bee0 ef6c | 1225 0200 | 0048 8386 | 1001 0000 

  0x00000224b93d1f98: ;   {metadata(method data for {method} {0x00000224d1056538} 'requireNonNull' '(Ljava/lang/Object;)Ljava/lang/Object;' in 'java/util/Objects')}
  0x00000224b93d1f98: 0148 beb8 | 1401 1225 | 0200 008b | becc 0000 | 0083 c702 | 89be cc00 | 0000 81e7 | feff 1f00 
  0x00000224b93d1fb8: 85ff 0f84 | 5704 0000 

  0x00000224b93d1fc0: ;   {metadata(method data for {method} {0x00000224d1056538} 'requireNonNull' '(Ljava/lang/Object;)Ljava/lang/Object;' in 'java/util/Objects')}
  0x00000224b93d1fc0: 4d85 c048 | beb8 1401 | 1225 0200 | 0048 c7c7 | 2001 0000 | 7407 48c7 | c710 0100 | 0048 8b1c 
  0x00000224b93d1fe0: 3e48 8d5b | 0148 891c | 3e0f 8466 | 0300 0048 

  0x00000224b93d1ff0: ;   {metadata(method data for {method} {0x00000224d1057320} 'forEach' '(Ljava/util/function/Consumer;)V' in 'java/lang/Iterable')}
  0x00000224b93d1ff0: 8bf2 48bf | e0ef 6c12 | 2502 0000 | 8b76 0849 | ba00 0000 | d124 0200 | 0049 03f2 | 483b b730 
  0x00000224b93d2010: 0100 0075 | 0d48 8387 | 3801 0000 | 01e9 6000 | 0000 483b | b740 0100 | 0075 0d48 | 8387 4801 
  0x00000224b93d2030: 0000 01e9 | 4a00 0000 | 4883 bf30 | 0100 0000 | 7517 4889 | b730 0100 | 0048 c787 | 3801 0000 
  0x00000224b93d2050: 0100 0000 | e929 0000 | 0048 83bf | 4001 0000 | 0075 1748 | 89b7 4001 | 0000 48c7 | 8748 0100 
  0x00000224b93d2070: 0001 0000 | 00e9 0800 | 0000 4883 | 8720 0100 | 0001 6666 | 9048 b8d0 | f820 1825 

  0x00000224b93d208c: ;   {virtual_call}
  0x00000224b93d208c: 0200 00e8 

  0x00000224b93d2090: ; ImmutableOopMap {[48]=Oop }
                      ;*invokeinterface iterator {reexecute=0 rethrow=0 return_oop=0}
                      ; - java.lang.Iterable::forEach@6 (line 74)
  0x00000224b93d2090: 7cdd 1a07 

  0x00000224b93d2094: ;   {other}
  0x00000224b93d2094: 0f1f 8400 | 8403 0000 | 4889 4424 | 38e9 bc01 | 0000 6690 | 488b 4424 

  0x00000224b93d20ac: ;   {metadata(method data for {method} {0x00000224d1057320} 'forEach' '(Ljava/util/function/Consumer;)V' in 'java/lang/Iterable')}
  0x00000224b93d20ac: 3848 bae0 | ef6c 1225 | 0200 008b | 4008 49ba | 0000 00d1 | 2402 0000 | 4903 c248 | 3b82 c001 
  0x00000224b93d20cc: 0000 750d | 4883 82c8 | 0100 0001 | e960 0000 | 0048 3b82 | d001 0000 | 750d 4883 | 82d8 0100 
  0x00000224b93d20ec: 0001 e94a | 0000 0048 | 83ba c001 | 0000 0075 | 1748 8982 | c001 0000 | 48c7 82c8 | 0100 0001 
  0x00000224b93d210c: 0000 00e9 | 2900 0000 | 4883 bad0 | 0100 0000 | 7517 4889 | 82d0 0100 | 0048 c782 | d801 0000 
  0x00000224b93d212c: 0100 0000 | e908 0000 | 0048 8382 | b001 0000 | 0148 8b54 | 2438 6666 | 9048 b8f0 | f920 1825 
  0x00000224b93d214c: ;   {virtual_call}
  0x00000224b93d214c: 0200 00e8 

  0x00000224b93d2150: ; ImmutableOopMap {[48]=Oop [56]=Oop }
                      ;*invokeinterface next {reexecute=0 rethrow=0 return_oop=0}
                      ; - java.lang.Iterable::forEach@22 (line 74)
  0x00000224b93d2150: 9cdf 1a07 

  0x00000224b93d2154: ;   {other}
  0x00000224b93d2154: 0f1f 8400 | 4404 0001 | 4c8b 4424 | 3049 3b00 

  0x00000224b93d2164: ;   {metadata(method data for {method} {0x00000224d1057320} 'forEach' '(Ljava/util/function/Consumer;)V' in 'java/lang/Iterable')}
  0x00000224b93d2164: 498b d048 | bee0 ef6c | 1225 0200 | 008b 5208 | 49ba 0000 | 00d1 2402 | 0000 4903 | d248 3b96 
  0x00000224b93d2184: f801 0000 | 750d 4883 | 8600 0200 | 0001 e960 | 0000 0048 | 3b96 0802 | 0000 750d | 4883 8610 
  0x00000224b93d21a4: 0200 0001 | e94a 0000 | 0048 83be | f801 0000 | 0075 1748 | 8996 f801 | 0000 48c7 | 8600 0200 
  0x00000224b93d21c4: 0001 0000 | 00e9 2900 | 0000 4883 | be08 0200 | 0000 7517 | 4889 9608 | 0200 0048 | c786 1002 
  0x00000224b93d21e4: 0000 0100 | 0000 e908 | 0000 0048 | 8386 e801 | 0000 0149 | 8bf0 4c8b | c048 8bd6 | 0f1f 4400 
  0x00000224b93d2204: 0048 b820 | fa20 1825 

  0x00000224b93d220c: ;   {virtual_call}
  0x00000224b93d220c: 0200 00e8 

  0x00000224b93d2210: ; ImmutableOopMap {[48]=Oop [56]=Oop }
                      ;*invokeinterface accept {reexecute=0 rethrow=0 return_oop=0}
                      ; - java.lang.Iterable::forEach@30 (line 75)
  0x00000224b93d2210: fcdb 1a07 

  0x00000224b93d2214: ;   {other}
  0x00000224b93d2214: 0f1f 8400 | 0405 0002 

  0x00000224b93d221c: ;   {metadata(method data for {method} {0x00000224d1057320} 'forEach' '(Ljava/util/function/Consumer;)V' in 'java/lang/Iterable')}
  0x00000224b93d221c: 48ba e0ef | 6c12 2502 | 0000 8bb2 | d000 0000 | 83c6 0289 | b2d0 0000 | 0081 e6fe | 3f00 0085 
  0x00000224b93d223c: f60f 84fa | 0100 004d | 8b97 5004 

  0x00000224b93d2248: ; ImmutableOopMap {[48]=Oop [56]=Oop }
                      ;*goto {reexecute=1 rethrow=0 return_oop=0}
                      ; - (reexecute) java.lang.Iterable::forEach@35 (line 76)
                      ;   {poll}
  0x00000224b93d2248: 0000 4185 

  0x00000224b93d224c: ;   {metadata(method data for {method} {0x00000224d1057320} 'forEach' '(Ljava/util/function/Consumer;)V' in 'java/lang/Iterable')}
  0x00000224b93d224c: 0248 bae0 | ef6c 1225 | 0200 00ff | 8220 0200 | 0048 8b44 | 2438 483b | 0048 8bd0 

  0x00000224b93d2268: ;   {metadata(method data for {method} {0x00000224d1057320} 'forEach' '(Ljava/util/function/Consumer;)V' in 'java/lang/Iterable')}
  0x00000224b93d2268: 48be e0ef | 6c12 2502 | 0000 8b52 | 0849 ba00 | 0000 d124 | 0200 0049 | 03d2 483b | 9668 0100 
  0x00000224b93d2288: 0075 0d48 | 8386 7001 | 0000 01e9 | 6000 0000 | 483b 9678 | 0100 0075 | 0d48 8386 | 8001 0000 
  0x00000224b93d22a8: 01e9 4a00 | 0000 4883 | be68 0100 | 0000 7517 | 4889 9668 | 0100 0048 | c786 7001 | 0000 0100 
  0x00000224b93d22c8: 0000 e929 | 0000 0048 | 83be 7801 | 0000 0075 | 1748 8996 | 7801 0000 | 48c7 8680 | 0100 0001 
  0x00000224b93d22e8: 0000 00e9 | 0800 0000 | 4883 8658 | 0100 0001 | 488b d066 | 9048 b8e0 | fa20 1825 

  0x00000224b93d2304: ;   {virtual_call}
  0x00000224b93d2304: 0200 00e8 

  0x00000224b93d2308: ; ImmutableOopMap {[48]=Oop [56]=Oop }
                      ;*invokeinterface hasNext {reexecute=0 rethrow=0 return_oop=0}
                      ; - java.lang.Iterable::forEach@13 (line 74)
  0x00000224b93d2308: 14dc 1a07 

  0x00000224b93d230c: ;   {other}
  0x00000224b93d230c: 0f1f 8400 | fc05 0004 

  0x00000224b93d2314: ;   {metadata(method data for {method} {0x00000224d1057320} 'forEach' '(Ljava/util/function/Consumer;)V' in 'java/lang/Iterable')}
  0x00000224b93d2314: 85c0 48ba | e0ef 6c12 | 2502 0000 | 48c7 c6a0 | 0100 0075 | 0748 c7c6 | 9001 0000 | 488b 3c32 
  0x00000224b93d2334: 488d 7f01 | 4889 3c32 | 0f85 66fd | ffff 4883 

  0x00000224b93d2344: ;   {poll_return}
  0x00000224b93d2344: c460 5d49 | 3ba7 4804 | 0000 0f87 | 0f01 0000 | c348 8954 | 2448 660f | 1f44 0000 

  0x00000224b93d2360: ;   {no_reloc}
  0x00000224b93d2360: e923 0100 | 0000 0000 | 0000 498b | 87b8 0100 | 0048 8d78 | 3049 3bbf | c801 0000 | 0f87 1001 
  0x00000224b93d2380: 0000 4989 | bfb8 0100 | 0048 c700 | 0100 0000 | 488b ca49 | ba00 0000 | d124 0200 | 0049 2bca 
  0x00000224b93d23a0: 8948 0848 | 33c9 8948 | 0c48 33c9 | 4889 4810 | 4889 4818 | 4889 4820 | 4889 4828 

  0x00000224b93d23bc: ;   {metadata(method data for {method} {0x00000224d1056538} 'requireNonNull' '(Ljava/lang/Object;)Ljava/lang/Object;' in 'java/util/Objects')}
  0x00000224b93d23bc: 488b d048 | beb8 1401 | 1225 0200 | 0048 8386 | 3001 0000 | 0148 8bd0 | 4889 4424 | 4066 0f1f 
  0x00000224b93d23dc: ;   {optimized virtual_call}
  0x00000224b93d23dc: 4400 00e8 

  0x00000224b93d23e0: ; ImmutableOopMap {[48]=Oop [64]=Oop [72]=Oop }
                      ;*invokespecial <init> {reexecute=0 rethrow=0 return_oop=0}
                      ; - java.util.Objects::requireNonNull@8 (line 233)
                      ; - java.lang.Iterable::forEach@1 (line 73)
  0x00000224b93d23e0: 9cc6 0d07 

  0x00000224b93d23e4: ;   {other}
  0x00000224b93d23e4: 0f1f 8400 | d406 0005 | 488b 4424 | 40e9 c600 

  0x00000224b93d23f4: ;   {metadata({method} {0x00000224d1057320} 'forEach' '(Ljava/util/function/Consumer;)V' in 'java/lang/Iterable')}
  0x00000224b93d23f4: 0000 49ba | 1873 05d1 | 2402 0000 | 4c89 5424 | 0848 c704 | 24ff ffff 

  0x00000224b93d240c: ;   {runtime_call counter_overflow Runtime1 stub}
  0x00000224b93d240c: ffe8 6e6b 

  0x00000224b93d2410: ; ImmutableOopMap {rdx=Oop r8=Oop [48]=Oop }
                      ;*synchronization entry
                      ; - java.lang.Iterable::forEach@-1 (line 73)
  0x00000224b93d2410: 1a07 e970 

  0x00000224b93d2414: ;   {metadata({method} {0x00000224d1056538} 'requireNonNull' '(Ljava/lang/Object;)Ljava/lang/Object;' in 'java/util/Objects')}
  0x00000224b93d2414: fbff ff49 | ba30 6505 | d124 0200 | 004c 8954 | 2408 48c7 | 0424 ffff 

  0x00000224b93d242c: ;   {runtime_call counter_overflow Runtime1 stub}
  0x00000224b93d242c: ffff e84d 

  0x00000224b93d2430: ; ImmutableOopMap {rdx=Oop r8=Oop [48]=Oop }
                      ;*synchronization entry
                      ; - java.util.Objects::requireNonNull@-1 (line 232)
                      ; - java.lang.Iterable::forEach@1 (line 73)
  0x00000224b93d2430: 6b1a 07e9 | 88fb ffff 

  0x00000224b93d2438: ;   {runtime_call throw_null_pointer_exception Runtime1 stub}
  0x00000224b93d2438: e8c3 f019 

  0x00000224b93d243c: ; ImmutableOopMap {rax=Oop r8=Oop [48]=Oop [56]=Oop }
                      ;*invokeinterface accept {reexecute=0 rethrow=0 return_oop=0}
                      ; - java.lang.Iterable::forEach@30 (line 75)
                      ;   {metadata({method} {0x00000224d1057320} 'forEach' '(Ljava/util/function/Consumer;)V' in 'java/lang/Iterable')}
  0x00000224b93d243c: 0749 ba18 | 7305 d124 | 0200 004c | 8954 2408 | 48c7 0424 | 2300 0000 

  0x00000224b93d2454: ;   {runtime_call counter_overflow Runtime1 stub}
  0x00000224b93d2454: e827 6b1a 

  0x00000224b93d2458: ; ImmutableOopMap {[48]=Oop [56]=Oop }
                      ;*goto {reexecute=1 rethrow=0 return_oop=0}
                      ; - (reexecute) java.lang.Iterable::forEach@35 (line 76)
  0x00000224b93d2458: 07e9 e5fd 

  0x00000224b93d245c: ;   {runtime_call throw_null_pointer_exception Runtime1 stub}
  0x00000224b93d245c: ffff e89d 

  0x00000224b93d2460: ; ImmutableOopMap {rax=Oop [48]=Oop [56]=Oop }
                      ;*invokeinterface hasNext {reexecute=0 rethrow=0 return_oop=0}
                      ; - java.lang.Iterable::forEach@13 (line 74)
                      ;   {internal_word}
  0x00000224b93d2460: f019 0749 | ba47 233d | b924 0200 | 004d 8997 | 6004 0000 

  0x00000224b93d2474: ;   {runtime_call SafepointBlob}
  0x00000224b93d2474: e987 320e 

  0x00000224b93d2478: ;   {metadata(nullptr)}
  0x00000224b93d2478: 0748 ba00 | 0000 0000 | 0000 00b8 | 000f 050a 

  0x00000224b93d2488: ;   {runtime_call load_klass_patching Runtime1 stub}
  0x00000224b93d2488: e8f3 551a 

  0x00000224b93d248c: ; ImmutableOopMap {[48]=Oop [72]=Oop }
                      ;*new {reexecute=1 rethrow=0 return_oop=0}
                      ; - (reexecute) java.util.Objects::requireNonNull@4 (line 233)
                      ; - java.lang.Iterable::forEach@1 (line 73)
  0x00000224b93d248c: 07e9 cefe | ffff 488b 

  0x00000224b93d2494: ;   {runtime_call fast_new_instance Runtime1 stub}
  0x00000224b93d2494: d2e8 66f9 

  0x00000224b93d2498: ; ImmutableOopMap {[48]=Oop [72]=Oop }
                      ;*new {reexecute=0 rethrow=0 return_oop=0}
                      ; - java.util.Objects::requireNonNull@4 (line 233)
                      ; - java.lang.Iterable::forEach@1 (line 73)
  0x00000224b93d2498: 1907 e91d | ffff ff49 | 8b87 f804 | 0000 49c7 | 87f8 0400 | 0000 0000 | 0049 c787 | 0005 0000 
  0x00000224b93d24b8: 0000 0000 | 4883 c460 

  0x00000224b93d24c0: ;   {runtime_call unwind_exception Runtime1 stub}
  0x00000224b93d24c0: 5de9 badc | 1907 f4f4 
[Stub Code]
  0x00000224b93d24c8: ;   {no_reloc}
  0x00000224b93d24c8: 0f1f 4400 

  0x00000224b93d24cc: ;   {static_stub}
  0x00000224b93d24cc: 0048 bb00 | 0000 0000 

  0x00000224b93d24d4: ;   {runtime_call nmethod}
  0x00000224b93d24d4: 0000 00e9 | fbff ffff 

  0x00000224b93d24dc: ;   {static_stub}
  0x00000224b93d24dc: 9048 bb00 | 0000 0000 

  0x00000224b93d24e4: ;   {runtime_call nmethod}
  0x00000224b93d24e4: 0000 00e9 | fbff ffff 

  0x00000224b93d24ec: ;   {static_stub}
  0x00000224b93d24ec: 9048 bb00 | 0000 0000 

  0x00000224b93d24f4: ;   {runtime_call nmethod}
  0x00000224b93d24f4: 0000 00e9 | fbff ffff 

  0x00000224b93d24fc: ;   {static_stub}
  0x00000224b93d24fc: 9048 bb00 | 0000 0000 

  0x00000224b93d2504: ;   {runtime_call nmethod}
  0x00000224b93d2504: 0000 00e9 | fbff ffff 

  0x00000224b93d250c: ;   {static_stub}
  0x00000224b93d250c: 48bb 0000 | 0000 0000 

  0x00000224b93d2514: ;   {runtime_call nmethod}
  0x00000224b93d2514: 0000 e9fb 

  0x00000224b93d2518: ;   {runtime_call handle_exception_from_callee Runtime1 stub}
  0x00000224b93d2518: ffff ffe8 | 601b 1a07 

  0x00000224b93d2520: ;   {external_word}
  0x00000224b93d2520: 48b9 907f | 257f f97f | 0000 4883 

  0x00000224b93d252c: ;   {runtime_call}
  0x00000224b93d252c: e4f0 48b8 | e044 e87e | f97f 0000 

  0x00000224b93d2538: ;   {section_word}
  0x00000224b93d2538: ffd0 f449 | ba3b 253d | b924 0200 

  0x00000224b93d2544: ;   {runtime_call DeoptimizationBlob}
  0x00000224b93d2544: 0041 52e9 | 5424 0e07 | f4f4 f4f4 
[/MachCode]


---------------  P R O C E S S  ---------------

Threads class SMR info:
_java_thread_list=0x0000022519ef3cf0, length=30, elements={
0x00000224ae5ab970, 0x00000224cfdaed90, 0x00000224cfdb1aa0, 0x00000224cfdb7e00,
0x00000224cfdb9ae0, 0x00000224cfdbb840, 0x00000224cfdbcb60, 0x00000224d0108df0,
0x00000224d010d410, 0x00000224d01d4000, 0x00000224d0330fd0, 0x00000225161268f0,
0x00000224d0bd5160, 0x0000022516028800, 0x0000022516d339c0, 0x0000022516c6b8e0,
0x00000225161845b0, 0x000002251774bea0, 0x0000022516d1c300, 0x0000022516d1e3d0,
0x0000022516d1b5e0, 0x0000022516d1bc70, 0x0000022516d1c990, 0x0000022516d1d6b0,
0x0000022516d1dd40, 0x00000225198e16e0, 0x00000225198e1050, 0x00000225198e09c0,
0x00000225198def80, 0x00000225198e1d70
}

Java Threads: ( => current thread )
=>0x00000224ae5ab970 JavaThread "main"                              [_thread_in_native, id=13000, stack(0x000000c1da800000,0x000000c1da900000) (1024K)]
  0x00000224cfdaed90 JavaThread "Reference Handler"          daemon [_thread_blocked, id=15380, stack(0x000000c1db000000,0x000000c1db100000) (1024K)]
  0x00000224cfdb1aa0 JavaThread "Finalizer"                  daemon [_thread_blocked, id=6428, stack(0x000000c1db100000,0x000000c1db200000) (1024K)]
  0x00000224cfdb7e00 JavaThread "Signal Dispatcher"          daemon [_thread_blocked, id=18052, stack(0x000000c1db200000,0x000000c1db300000) (1024K)]
  0x00000224cfdb9ae0 JavaThread "Attach Listener"            daemon [_thread_blocked, id=19308, stack(0x000000c1db300000,0x000000c1db400000) (1024K)]
  0x00000224cfdbb840 JavaThread "Service Thread"             daemon [_thread_blocked, id=2576, stack(0x000000c1db400000,0x000000c1db500000) (1024K)]
  0x00000224cfdbcb60 JavaThread "Monitor Deflation Thread"   daemon [_thread_blocked, id=14528, stack(0x000000c1db500000,0x000000c1db600000) (1024K)]
  0x00000224d0108df0 JavaThread "C2 CompilerThread0"         daemon [_thread_blocked, id=14672, stack(0x000000c1db600000,0x000000c1db700000) (1024K)]
  0x00000224d010d410 JavaThread "C1 CompilerThread0"         daemon [_thread_blocked, id=4316, stack(0x000000c1db700000,0x000000c1db800000) (1024K)]
  0x00000224d01d4000 JavaThread "Common-Cleaner"             daemon [_thread_blocked, id=7608, stack(0x000000c1db800000,0x000000c1db900000) (1024K)]
  0x00000224d0330fd0 JavaThread "Notification Thread"        daemon [_thread_blocked, id=17804, stack(0x000000c1db900000,0x000000c1dba00000) (1024K)]
  0x00000225161268f0 JavaThread "RMI TCP Accept-0"           daemon [_thread_in_native, id=8280, stack(0x000000c1dbb00000,0x000000c1dbc00000) (1024K)]
  0x00000224d0bd5160 JavaThread "RMI TCP Accept-1099"        daemon [_thread_in_native, id=7900, stack(0x000000c1dbc00000,0x000000c1dbd00000) (1024K)]
  0x0000022516028800 JavaThread "RMI TCP Accept-0"           daemon [_thread_in_native, id=6192, stack(0x000000c1dbd00000,0x000000c1dbe00000) (1024K)]
  0x0000022516d339c0 JavaThread "RMI TCP Connection(1)-127.0.0.1" daemon [_thread_in_native, id=3392, stack(0x000000c1dc700000,0x000000c1dc800000) (1024K)]
  0x0000022516c6b8e0 JavaThread "RMI Scheduler(0)"           daemon [_thread_blocked, id=14056, stack(0x000000c1dc800000,0x000000c1dc900000) (1024K)]
  0x00000225161845b0 JavaThread "RMI TCP Connection(2)-fe80:0:0:0:87e3:c9dd:df81:1634%10" daemon [_thread_in_native, id=15256, stack(0x000000c1dc900000,0x000000c1dca00000) (1024K)]
  0x000002251774bea0 JavaThread "JMX server connection timeout 36" daemon [_thread_blocked, id=16768, stack(0x000000c1dca00000,0x000000c1dcb00000) (1024K)]
  0x0000022516d1c300 JavaThread "ForkJoinPool.commonPool-worker-1" daemon [_thread_blocked, id=5968, stack(0x000000c1dcc00000,0x000000c1dcd00000) (1024K)]
  0x0000022516d1e3d0 JavaThread "ForkJoinPool.commonPool-worker-2" daemon [_thread_blocked, id=19416, stack(0x000000c1dcd00000,0x000000c1dce00000) (1024K)]
  0x0000022516d1b5e0 JavaThread "ForkJoinPool.commonPool-worker-3" daemon [_thread_blocked, id=14556, stack(0x000000c1dce00000,0x000000c1dcf00000) (1024K)]
  0x0000022516d1bc70 JavaThread "ForkJoinPool.commonPool-worker-4" daemon [_thread_blocked, id=1888, stack(0x000000c1dcf00000,0x000000c1dd000000) (1024K)]
  0x0000022516d1c990 JavaThread "ForkJoinPool.commonPool-worker-6" daemon [_thread_blocked, id=12384, stack(0x000000c1dd000000,0x000000c1dd100000) (1024K)]
  0x0000022516d1d6b0 JavaThread "ForkJoinPool.commonPool-worker-5" daemon [_thread_blocked, id=5776, stack(0x000000c1dd100000,0x000000c1dd200000) (1024K)]
  0x0000022516d1dd40 JavaThread "ForkJoinPool.commonPool-worker-8" daemon [_thread_blocked, id=12104, stack(0x000000c1dd200000,0x000000c1dd300000) (1024K)]
  0x00000225198e16e0 JavaThread "ForkJoinPool.commonPool-worker-7" daemon [_thread_blocked, id=16612, stack(0x000000c1dd300000,0x000000c1dd400000) (1024K)]
  0x00000225198e1050 JavaThread "ForkJoinPool.commonPool-worker-9" daemon [_thread_blocked, id=11260, stack(0x000000c1dd400000,0x000000c1dd500000) (1024K)]
  0x00000225198e09c0 JavaThread "ForkJoinPool.commonPool-worker-10" daemon [_thread_blocked, id=1828, stack(0x000000c1dd500000,0x000000c1dd600000) (1024K)]
  0x00000225198def80 JavaThread "ForkJoinPool.commonPool-worker-11" daemon [_thread_blocked, id=13380, stack(0x000000c1dd600000,0x000000c1dd700000) (1024K)]
  0x00000225198e1d70 JavaThread "pool-2-thread-1"            daemon [_thread_blocked, id=17064, stack(0x000000c1dda00000,0x000000c1ddb00000) (1024K)]
Total: 30

Other Threads:
  0x00000224ae579aa0 VMThread "VM Thread"                           [id=2088, stack(0x000000c1daf00000,0x000000c1db000000) (1024K)]
  0x00000224cfd80220 WatcherThread "VM Periodic Task Thread"        [id=2108, stack(0x000000c1dae00000,0x000000c1daf00000) (1024K)]
  0x00000224ae579700 WorkerThread "GC Thread#0"                     [id=5444, stack(0x000000c1da900000,0x000000c1daa00000) (1024K)]
  0x00000224ae579e40 WorkerThread "GC Thread#1"                     [id=9364, stack(0x000000c1dbe00000,0x000000c1dbf00000) (1024K)]
  0x00000224ae57a920 WorkerThread "GC Thread#2"                     [id=18316, stack(0x000000c1dbf00000,0x000000c1dc000000) (1024K)]
  0x00000224d08fe410 WorkerThread "GC Thread#3"                     [id=18972, stack(0x000000c1dc000000,0x000000c1dc100000) (1024K)]
  0x00000224d08fe7b0 WorkerThread "GC Thread#4"                     [id=5144, stack(0x000000c1dc100000,0x000000c1dc200000) (1024K)]
  0x00000224d08fb890 WorkerThread "GC Thread#5"                     [id=17304, stack(0x000000c1dc200000,0x000000c1dc300000) (1024K)]
  0x00000224d08fdcd0 WorkerThread "GC Thread#6"                     [id=17112, stack(0x000000c1dc300000,0x000000c1dc400000) (1024K)]
  0x00000224d08fd1f0 WorkerThread "GC Thread#7"                     [id=17680, stack(0x000000c1dc400000,0x000000c1dc500000) (1024K)]
  0x00000224d08feb50 WorkerThread "GC Thread#8"                     [id=17300, stack(0x000000c1dc500000,0x000000c1dc600000) (1024K)]
  0x00000224d08fb150 WorkerThread "GC Thread#9"                     [id=5212, stack(0x000000c1dcb00000,0x000000c1dcc00000) (1024K)]
  0x00000224b08d5ec0 ConcurrentGCThread "G1 Main Marker"            [id=15568, stack(0x000000c1daa00000,0x000000c1dab00000) (1024K)]
  0x00000224ae57a1e0 WorkerThread "G1 Conc#0"                       [id=3604, stack(0x000000c1dab00000,0x000000c1dac00000) (1024K)]
  0x00000224cfc45110 ConcurrentGCThread "G1 Refine#0"               [id=5188, stack(0x000000c1dac00000,0x000000c1dad00000) (1024K)]
  0x00000224cfc45b20 ConcurrentGCThread "G1 Service"                [id=11244, stack(0x000000c1dad00000,0x000000c1dae00000) (1024K)]
Total: 16

Threads with active compile tasks:
Total: 0

VM state: not at safepoint (normal execution)

VM Mutex/Monitor currently owned by a thread: None

Heap address: 0x0000000701200000, size: 4078 MB, Compressed Oops mode: Zero based, Oop shift amount: 3

CDS archive(s) mapped at: [0x00000224d1000000-0x00000224d1c80000-0x00000224d1c80000), size 13107200, SharedBaseAddress: 0x00000224d1000000, ArchiveRelocationMode: 1.
Compressed class space mapped at: 0x00000224d2000000-0x0000022512000000, reserved size: 1073741824
Narrow klass base: 0x00000224d1000000, Narrow klass shift: 0, Narrow klass range: 0x100000000

GC Precious Log:
 CardTable entry size: 512
 Card Set container configuration: InlinePtr #cards 4 size 8 Array Of Cards #cards 16 size 48 Howl #buckets 8 coarsen threshold 3686 Howl Bitmap #cards 512 size 80 coarsen threshold 460 Card regions per heap region 1 cards per card region 4096
 CPUs: 12 total, 12 available
 Memory: 16307M
 Large Page Support: Disabled
 NUMA Support: Disabled
 Compressed Oops: Enabled (Zero based)
 Heap Region Size: 2M
 Heap Min Capacity: 8M
 Heap Initial Capacity: 256M
 Heap Max Capacity: 4078M
 Pre-touch: Disabled
 Parallel Workers: 10
 Concurrent Workers: 3
 Concurrent Refinement Workers: 10
 Periodic GC: Disabled

Heap:
 garbage-first heap   total 262144K, used 39171K [0x0000000701200000, 0x0000000800000000)
  region size 2048K, 14 young (28672K), 8 survivors (16384K)
 Metaspace       used 18482K, committed 18944K, reserved 1114112K
  class space    used 2070K, committed 2240K, reserved 1048576K

Heap Regions: E=young(eden), S=young(survivor), O=old, HS=humongous(starts), HC=humongous(continues), CS=collection set, F=free, TAMS=top-at-mark-start, PB=parsable bottom
|   0|0x0000000701200000, 0x0000000701400000, 0x0000000701400000|100%|HS|  |TAMS 0x0000000701200000| PB 0x0000000701200000| Complete 
|   1|0x0000000701400000, 0x0000000701600000, 0x0000000701600000|100%|HS|  |TAMS 0x0000000701400000| PB 0x0000000701400000| Complete 
|   2|0x0000000701600000, 0x0000000701800000, 0x0000000701800000|100%|HS|  |TAMS 0x0000000701600000| PB 0x0000000701600000| Complete 
|   3|0x0000000701800000, 0x0000000701a00000, 0x0000000701a00000|100%| O|  |TAMS 0x0000000701800000| PB 0x0000000701800000| Untracked 
|   4|0x0000000701a00000, 0x0000000701c00000, 0x0000000701c00000|100%| O|  |TAMS 0x0000000701a00000| PB 0x0000000701a00000| Untracked 
|   5|0x0000000701c00000, 0x0000000701c00000, 0x0000000701e00000|  0%| F|  |TAMS 0x0000000701c00000| PB 0x0000000701c00000| Untracked 
|   6|0x0000000701e00000, 0x0000000702000000, 0x0000000702000000|100%| O|  |TAMS 0x0000000701e00000| PB 0x0000000701e00000| Untracked 
|   7|0x0000000702000000, 0x00000007020cf808, 0x0000000702200000| 40%| O|  |TAMS 0x0000000702000000| PB 0x0000000702000000| Untracked 
|   8|0x0000000702200000, 0x0000000702400000, 0x0000000702400000|100%|HS|  |TAMS 0x0000000702200000| PB 0x0000000702200000| Complete 
|   9|0x0000000702400000, 0x0000000702400000, 0x0000000702600000|  0%| F|  |TAMS 0x0000000702400000| PB 0x0000000702400000| Untracked 
|  10|0x0000000702600000, 0x0000000702600000, 0x0000000702800000|  0%| F|  |TAMS 0x0000000702600000| PB 0x0000000702600000| Untracked 
|  11|0x0000000702800000, 0x0000000702800000, 0x0000000702a00000|  0%| F|  |TAMS 0x0000000702800000| PB 0x0000000702800000| Untracked 
|  12|0x0000000702a00000, 0x0000000702a00000, 0x0000000702c00000|  0%| F|  |TAMS 0x0000000702a00000| PB 0x0000000702a00000| Untracked 
|  13|0x0000000702c00000, 0x0000000702c00000, 0x0000000702e00000|  0%| F|  |TAMS 0x0000000702c00000| PB 0x0000000702c00000| Untracked 
|  14|0x0000000702e00000, 0x0000000702e00000, 0x0000000703000000|  0%| F|  |TAMS 0x0000000702e00000| PB 0x0000000702e00000| Untracked 
|  15|0x0000000703000000, 0x0000000703000000, 0x0000000703200000|  0%| F|  |TAMS 0x0000000703000000| PB 0x0000000703000000| Untracked 
|  16|0x0000000703200000, 0x0000000703200000, 0x0000000703400000|  0%| F|  |TAMS 0x0000000703200000| PB 0x0000000703200000| Untracked 
|  17|0x0000000703400000, 0x0000000703400000, 0x0000000703600000|  0%| F|  |TAMS 0x0000000703400000| PB 0x0000000703400000| Untracked 
|  18|0x0000000703600000, 0x0000000703600000, 0x0000000703800000|  0%| F|  |TAMS 0x0000000703600000| PB 0x0000000703600000| Untracked 
|  19|0x0000000703800000, 0x0000000703800000, 0x0000000703a00000|  0%| F|  |TAMS 0x0000000703800000| PB 0x0000000703800000| Untracked 
|  20|0x0000000703a00000, 0x0000000703a00000, 0x0000000703c00000|  0%| F|  |TAMS 0x0000000703a00000| PB 0x0000000703a00000| Untracked 
|  21|0x0000000703c00000, 0x0000000703c00000, 0x0000000703e00000|  0%| F|  |TAMS 0x0000000703c00000| PB 0x0000000703c00000| Untracked 
|  22|0x0000000703e00000, 0x0000000703e00000, 0x0000000704000000|  0%| F|  |TAMS 0x0000000703e00000| PB 0x0000000703e00000| Untracked 
|  23|0x0000000704000000, 0x0000000704000000, 0x0000000704200000|  0%| F|  |TAMS 0x0000000704000000| PB 0x0000000704000000| Untracked 
|  24|0x0000000704200000, 0x0000000704200000, 0x0000000704400000|  0%| F|  |TAMS 0x0000000704200000| PB 0x0000000704200000| Untracked 
|  25|0x0000000704400000, 0x0000000704400000, 0x0000000704600000|  0%| F|  |TAMS 0x0000000704400000| PB 0x0000000704400000| Untracked 
|  26|0x0000000704600000, 0x0000000704600000, 0x0000000704800000|  0%| F|  |TAMS 0x0000000704600000| PB 0x0000000704600000| Untracked 
|  27|0x0000000704800000, 0x0000000704800000, 0x0000000704a00000|  0%| F|  |TAMS 0x0000000704800000| PB 0x0000000704800000| Untracked 
|  28|0x0000000704a00000, 0x0000000704a00000, 0x0000000704c00000|  0%| F|  |TAMS 0x0000000704a00000| PB 0x0000000704a00000| Untracked 
|  29|0x0000000704c00000, 0x0000000704c00000, 0x0000000704e00000|  0%| F|  |TAMS 0x0000000704c00000| PB 0x0000000704c00000| Untracked 
|  30|0x0000000704e00000, 0x0000000704e00000, 0x0000000705000000|  0%| F|  |TAMS 0x0000000704e00000| PB 0x0000000704e00000| Untracked 
|  31|0x0000000705000000, 0x0000000705000000, 0x0000000705200000|  0%| F|  |TAMS 0x0000000705000000| PB 0x0000000705000000| Untracked 
|  32|0x0000000705200000, 0x0000000705200000, 0x0000000705400000|  0%| F|  |TAMS 0x0000000705200000| PB 0x0000000705200000| Untracked 
|  33|0x0000000705400000, 0x0000000705400000, 0x0000000705600000|  0%| F|  |TAMS 0x0000000705400000| PB 0x0000000705400000| Untracked 
|  34|0x0000000705600000, 0x0000000705600000, 0x0000000705800000|  0%| F|  |TAMS 0x0000000705600000| PB 0x0000000705600000| Untracked 
|  35|0x0000000705800000, 0x0000000705800000, 0x0000000705a00000|  0%| F|  |TAMS 0x0000000705800000| PB 0x0000000705800000| Untracked 
|  36|0x0000000705a00000, 0x0000000705a00000, 0x0000000705c00000|  0%| F|  |TAMS 0x0000000705a00000| PB 0x0000000705a00000| Untracked 
|  37|0x0000000705c00000, 0x0000000705c00000, 0x0000000705e00000|  0%| F|  |TAMS 0x0000000705c00000| PB 0x0000000705c00000| Untracked 
|  38|0x0000000705e00000, 0x0000000705e00000, 0x0000000706000000|  0%| F|  |TAMS 0x0000000705e00000| PB 0x0000000705e00000| Untracked 
|  39|0x0000000706000000, 0x0000000706000000, 0x0000000706200000|  0%| F|  |TAMS 0x0000000706000000| PB 0x0000000706000000| Untracked 
|  40|0x0000000706200000, 0x0000000706200000, 0x0000000706400000|  0%| F|  |TAMS 0x0000000706200000| PB 0x0000000706200000| Untracked 
|  41|0x0000000706400000, 0x0000000706400000, 0x0000000706600000|  0%| F|  |TAMS 0x0000000706400000| PB 0x0000000706400000| Untracked 
|  42|0x0000000706600000, 0x0000000706600000, 0x0000000706800000|  0%| F|  |TAMS 0x0000000706600000| PB 0x0000000706600000| Untracked 
|  43|0x0000000706800000, 0x0000000706800000, 0x0000000706a00000|  0%| F|  |TAMS 0x0000000706800000| PB 0x0000000706800000| Untracked 
|  44|0x0000000706a00000, 0x0000000706b71560, 0x0000000706c00000| 72%| S|CS|TAMS 0x0000000706a00000| PB 0x0000000706a00000| Complete 
|  45|0x0000000706c00000, 0x0000000706e00000, 0x0000000706e00000|100%| S|CS|TAMS 0x0000000706c00000| PB 0x0000000706c00000| Complete 
|  46|0x0000000706e00000, 0x0000000707000000, 0x0000000707000000|100%| S|CS|TAMS 0x0000000706e00000| PB 0x0000000706e00000| Complete 
|  47|0x0000000707000000, 0x0000000707200000, 0x0000000707200000|100%| S|CS|TAMS 0x0000000707000000| PB 0x0000000707000000| Complete 
|  48|0x0000000707200000, 0x0000000707400000, 0x0000000707400000|100%| S|CS|TAMS 0x0000000707200000| PB 0x0000000707200000| Complete 
|  49|0x0000000707400000, 0x0000000707600000, 0x0000000707600000|100%| S|CS|TAMS 0x0000000707400000| PB 0x0000000707400000| Complete 
|  50|0x0000000707600000, 0x0000000707800000, 0x0000000707800000|100%| S|CS|TAMS 0x0000000707600000| PB 0x0000000707600000| Complete 
|  51|0x0000000707800000, 0x0000000707a00000, 0x0000000707a00000|100%| S|CS|TAMS 0x0000000707800000| PB 0x0000000707800000| Complete 
|  52|0x0000000707a00000, 0x0000000707a00000, 0x0000000707c00000|  0%| F|  |TAMS 0x0000000707a00000| PB 0x0000000707a00000| Untracked 
|  53|0x0000000707c00000, 0x0000000707c00000, 0x0000000707e00000|  0%| F|  |TAMS 0x0000000707c00000| PB 0x0000000707c00000| Untracked 
|  54|0x0000000707e00000, 0x0000000707e00000, 0x0000000708000000|  0%| F|  |TAMS 0x0000000707e00000| PB 0x0000000707e00000| Untracked 
|  55|0x0000000708000000, 0x0000000708000000, 0x0000000708200000|  0%| F|  |TAMS 0x0000000708000000| PB 0x0000000708000000| Untracked 
|  56|0x0000000708200000, 0x0000000708200000, 0x0000000708400000|  0%| F|  |TAMS 0x0000000708200000| PB 0x0000000708200000| Untracked 
|  57|0x0000000708400000, 0x0000000708400000, 0x0000000708600000|  0%| F|  |TAMS 0x0000000708400000| PB 0x0000000708400000| Untracked 
|  58|0x0000000708600000, 0x0000000708600000, 0x0000000708800000|  0%| F|  |TAMS 0x0000000708600000| PB 0x0000000708600000| Untracked 
|  59|0x0000000708800000, 0x0000000708800000, 0x0000000708a00000|  0%| F|  |TAMS 0x0000000708800000| PB 0x0000000708800000| Untracked 
|  60|0x0000000708a00000, 0x0000000708a00000, 0x0000000708c00000|  0%| F|  |TAMS 0x0000000708a00000| PB 0x0000000708a00000| Untracked 
|  61|0x0000000708c00000, 0x0000000708c00000, 0x0000000708e00000|  0%| F|  |TAMS 0x0000000708c00000| PB 0x0000000708c00000| Untracked 
|  62|0x0000000708e00000, 0x0000000708e00000, 0x0000000709000000|  0%| F|  |TAMS 0x0000000708e00000| PB 0x0000000708e00000| Untracked 
|  63|0x0000000709000000, 0x0000000709000000, 0x0000000709200000|  0%| F|  |TAMS 0x0000000709000000| PB 0x0000000709000000| Untracked 
|  64|0x0000000709200000, 0x0000000709200000, 0x0000000709400000|  0%| F|  |TAMS 0x0000000709200000| PB 0x0000000709200000| Untracked 
|  65|0x0000000709400000, 0x0000000709400000, 0x0000000709600000|  0%| F|  |TAMS 0x0000000709400000| PB 0x0000000709400000| Untracked 
|  66|0x0000000709600000, 0x0000000709600000, 0x0000000709800000|  0%| F|  |TAMS 0x0000000709600000| PB 0x0000000709600000| Untracked 
|  67|0x0000000709800000, 0x0000000709800000, 0x0000000709a00000|  0%| F|  |TAMS 0x0000000709800000| PB 0x0000000709800000| Untracked 
|  68|0x0000000709a00000, 0x0000000709a00000, 0x0000000709c00000|  0%| F|  |TAMS 0x0000000709a00000| PB 0x0000000709a00000| Untracked 
|  69|0x0000000709c00000, 0x0000000709c00000, 0x0000000709e00000|  0%| F|  |TAMS 0x0000000709c00000| PB 0x0000000709c00000| Untracked 
|  70|0x0000000709e00000, 0x0000000709e00000, 0x000000070a000000|  0%| F|  |TAMS 0x0000000709e00000| PB 0x0000000709e00000| Untracked 
|  71|0x000000070a000000, 0x000000070a000000, 0x000000070a200000|  0%| F|  |TAMS 0x000000070a000000| PB 0x000000070a000000| Untracked 
|  72|0x000000070a200000, 0x000000070a200000, 0x000000070a400000|  0%| F|  |TAMS 0x000000070a200000| PB 0x000000070a200000| Untracked 
|  73|0x000000070a400000, 0x000000070a400000, 0x000000070a600000|  0%| F|  |TAMS 0x000000070a400000| PB 0x000000070a400000| Untracked 
|  74|0x000000070a600000, 0x000000070a600000, 0x000000070a800000|  0%| F|  |TAMS 0x000000070a600000| PB 0x000000070a600000| Untracked 
|  75|0x000000070a800000, 0x000000070a800000, 0x000000070aa00000|  0%| F|  |TAMS 0x000000070a800000| PB 0x000000070a800000| Untracked 
|  76|0x000000070aa00000, 0x000000070aa00000, 0x000000070ac00000|  0%| F|  |TAMS 0x000000070aa00000| PB 0x000000070aa00000| Untracked 
|  77|0x000000070ac00000, 0x000000070ac00000, 0x000000070ae00000|  0%| F|  |TAMS 0x000000070ac00000| PB 0x000000070ac00000| Untracked 
|  78|0x000000070ae00000, 0x000000070ae00000, 0x000000070b000000|  0%| F|  |TAMS 0x000000070ae00000| PB 0x000000070ae00000| Untracked 
|  79|0x000000070b000000, 0x000000070b000000, 0x000000070b200000|  0%| F|  |TAMS 0x000000070b000000| PB 0x000000070b000000| Untracked 
|  80|0x000000070b200000, 0x000000070b200000, 0x000000070b400000|  0%| F|  |TAMS 0x000000070b200000| PB 0x000000070b200000| Untracked 
|  81|0x000000070b400000, 0x000000070b400000, 0x000000070b600000|  0%| F|  |TAMS 0x000000070b400000| PB 0x000000070b400000| Untracked 
|  82|0x000000070b600000, 0x000000070b600000, 0x000000070b800000|  0%| F|  |TAMS 0x000000070b600000| PB 0x000000070b600000| Untracked 
|  83|0x000000070b800000, 0x000000070b800000, 0x000000070ba00000|  0%| F|  |TAMS 0x000000070b800000| PB 0x000000070b800000| Untracked 
|  84|0x000000070ba00000, 0x000000070ba00000, 0x000000070bc00000|  0%| F|  |TAMS 0x000000070ba00000| PB 0x000000070ba00000| Untracked 
|  85|0x000000070bc00000, 0x000000070bc00000, 0x000000070be00000|  0%| F|  |TAMS 0x000000070bc00000| PB 0x000000070bc00000| Untracked 
|  86|0x000000070be00000, 0x000000070be00000, 0x000000070c000000|  0%| F|  |TAMS 0x000000070be00000| PB 0x000000070be00000| Untracked 
|  87|0x000000070c000000, 0x000000070c000000, 0x000000070c200000|  0%| F|  |TAMS 0x000000070c000000| PB 0x000000070c000000| Untracked 
|  88|0x000000070c200000, 0x000000070c200000, 0x000000070c400000|  0%| F|  |TAMS 0x000000070c200000| PB 0x000000070c200000| Untracked 
|  89|0x000000070c400000, 0x000000070c400000, 0x000000070c600000|  0%| F|  |TAMS 0x000000070c400000| PB 0x000000070c400000| Untracked 
|  90|0x000000070c600000, 0x000000070c600000, 0x000000070c800000|  0%| F|  |TAMS 0x000000070c600000| PB 0x000000070c600000| Untracked 
|  91|0x000000070c800000, 0x000000070c800000, 0x000000070ca00000|  0%| F|  |TAMS 0x000000070c800000| PB 0x000000070c800000| Untracked 
|  92|0x000000070ca00000, 0x000000070ca00000, 0x000000070cc00000|  0%| F|  |TAMS 0x000000070ca00000| PB 0x000000070ca00000| Untracked 
|  93|0x000000070cc00000, 0x000000070cc00000, 0x000000070ce00000|  0%| F|  |TAMS 0x000000070cc00000| PB 0x000000070cc00000| Untracked 
|  94|0x000000070ce00000, 0x000000070ce00000, 0x000000070d000000|  0%| F|  |TAMS 0x000000070ce00000| PB 0x000000070ce00000| Untracked 
|  95|0x000000070d000000, 0x000000070d000000, 0x000000070d200000|  0%| F|  |TAMS 0x000000070d000000| PB 0x000000070d000000| Untracked 
|  96|0x000000070d200000, 0x000000070d200000, 0x000000070d400000|  0%| F|  |TAMS 0x000000070d200000| PB 0x000000070d200000| Untracked 
|  97|0x000000070d400000, 0x000000070d400000, 0x000000070d600000|  0%| F|  |TAMS 0x000000070d400000| PB 0x000000070d400000| Untracked 
|  98|0x000000070d600000, 0x000000070d600000, 0x000000070d800000|  0%| F|  |TAMS 0x000000070d600000| PB 0x000000070d600000| Untracked 
|  99|0x000000070d800000, 0x000000070d800000, 0x000000070da00000|  0%| F|  |TAMS 0x000000070d800000| PB 0x000000070d800000| Untracked 
| 100|0x000000070da00000, 0x000000070da00000, 0x000000070dc00000|  0%| F|  |TAMS 0x000000070da00000| PB 0x000000070da00000| Untracked 
| 101|0x000000070dc00000, 0x000000070dc00000, 0x000000070de00000|  0%| F|  |TAMS 0x000000070dc00000| PB 0x000000070dc00000| Untracked 
| 102|0x000000070de00000, 0x000000070de00000, 0x000000070e000000|  0%| F|  |TAMS 0x000000070de00000| PB 0x000000070de00000| Untracked 
| 103|0x000000070e000000, 0x000000070e000000, 0x000000070e200000|  0%| F|  |TAMS 0x000000070e000000| PB 0x000000070e000000| Untracked 
| 104|0x000000070e200000, 0x000000070e200000, 0x000000070e400000|  0%| F|  |TAMS 0x000000070e200000| PB 0x000000070e200000| Untracked 
| 105|0x000000070e400000, 0x000000070e400000, 0x000000070e600000|  0%| F|  |TAMS 0x000000070e400000| PB 0x000000070e400000| Untracked 
| 106|0x000000070e600000, 0x000000070e600000, 0x000000070e800000|  0%| F|  |TAMS 0x000000070e600000| PB 0x000000070e600000| Untracked 
| 107|0x000000070e800000, 0x000000070e800000, 0x000000070ea00000|  0%| F|  |TAMS 0x000000070e800000| PB 0x000000070e800000| Untracked 
| 108|0x000000070ea00000, 0x000000070ea00000, 0x000000070ec00000|  0%| F|  |TAMS 0x000000070ea00000| PB 0x000000070ea00000| Untracked 
| 109|0x000000070ec00000, 0x000000070ec00000, 0x000000070ee00000|  0%| F|  |TAMS 0x000000070ec00000| PB 0x000000070ec00000| Untracked 
| 110|0x000000070ee00000, 0x000000070ee00000, 0x000000070f000000|  0%| F|  |TAMS 0x000000070ee00000| PB 0x000000070ee00000| Untracked 
| 111|0x000000070f000000, 0x000000070f000000, 0x000000070f200000|  0%| F|  |TAMS 0x000000070f000000| PB 0x000000070f000000| Untracked 
| 112|0x000000070f200000, 0x000000070f200000, 0x000000070f400000|  0%| F|  |TAMS 0x000000070f200000| PB 0x000000070f200000| Untracked 
| 113|0x000000070f400000, 0x000000070f400000, 0x000000070f600000|  0%| F|  |TAMS 0x000000070f400000| PB 0x000000070f400000| Untracked 
| 114|0x000000070f600000, 0x000000070f600000, 0x000000070f800000|  0%| F|  |TAMS 0x000000070f600000| PB 0x000000070f600000| Untracked 
| 115|0x000000070f800000, 0x000000070f800000, 0x000000070fa00000|  0%| F|  |TAMS 0x000000070f800000| PB 0x000000070f800000| Untracked 
| 116|0x000000070fa00000, 0x000000070fa00000, 0x000000070fc00000|  0%| F|  |TAMS 0x000000070fa00000| PB 0x000000070fa00000| Untracked 
| 117|0x000000070fc00000, 0x000000070fc00000, 0x000000070fe00000|  0%| F|  |TAMS 0x000000070fc00000| PB 0x000000070fc00000| Untracked 
| 118|0x000000070fe00000, 0x000000070fe00000, 0x0000000710000000|  0%| F|  |TAMS 0x000000070fe00000| PB 0x000000070fe00000| Untracked 
| 119|0x0000000710000000, 0x0000000710000000, 0x0000000710200000|  0%| F|  |TAMS 0x0000000710000000| PB 0x0000000710000000| Untracked 
| 120|0x0000000710200000, 0x0000000710200000, 0x0000000710400000|  0%| F|  |TAMS 0x0000000710200000| PB 0x0000000710200000| Untracked 
| 121|0x0000000710400000, 0x0000000710400000, 0x0000000710600000|  0%| F|  |TAMS 0x0000000710400000| PB 0x0000000710400000| Untracked 
| 122|0x0000000710600000, 0x00000007106d86d0, 0x0000000710800000| 42%| E|  |TAMS 0x0000000710600000| PB 0x0000000710600000| Complete 
| 123|0x0000000710800000, 0x0000000710a00000, 0x0000000710a00000|100%| E|  |TAMS 0x0000000710800000| PB 0x0000000710800000| Complete 
| 124|0x0000000710a00000, 0x0000000710c00000, 0x0000000710c00000|100%| E|CS|TAMS 0x0000000710a00000| PB 0x0000000710a00000| Complete 
| 125|0x0000000710c00000, 0x0000000710e00000, 0x0000000710e00000|100%| E|CS|TAMS 0x0000000710c00000| PB 0x0000000710c00000| Complete 
| 126|0x0000000710e00000, 0x0000000711000000, 0x0000000711000000|100%| E|CS|TAMS 0x0000000710e00000| PB 0x0000000710e00000| Complete 
| 127|0x0000000711000000, 0x0000000711200000, 0x0000000711200000|100%| E|CS|TAMS 0x0000000711000000| PB 0x0000000711000000| Complete 

Card table byte_map: [0x00000224c8c80000,0x00000224c9480000] _byte_map_base: 0x00000224c5477000

Marking Bits: (CMBitMap*) 0x00000224b08c4890
 Bits: [0x00000224c9480000, 0x00000224cd438000)

Polling page: 0x00000224ae910000

Metaspace:

Usage:
  Non-class:     16.03 MB used.
      Class:      2.02 MB used.
       Both:     18.05 MB used.

Virtual space:
  Non-class space:       64.00 MB reserved,      16.31 MB ( 25%) committed,  1 nodes.
      Class space:        1.00 GB reserved,       2.19 MB ( <1%) committed,  1 nodes.
             Both:        1.06 GB reserved,      18.50 MB (  2%) committed. 

Chunk freelists:
   Non-Class:  15.39 MB
       Class:  13.75 MB
        Both:  29.15 MB

MaxMetaspaceSize: unlimited
CompressedClassSpaceSize: 1.00 GB
Initial GC threshold: 21.00 MB
Current GC threshold: 21.00 MB
CDS: on
 - commit_granule_bytes: 65536.
 - commit_granule_words: 8192.
 - virtual_space_node_default_size: 8388608.
 - enlarge_chunks_in_place: 1.
 - use_allocation_guard: 0.


Internal statistics:

num_allocs_failed_limit: 0.
num_arena_births: 570.
num_arena_deaths: 0.
num_vsnodes_births: 2.
num_vsnodes_deaths: 0.
num_space_committed: 296.
num_space_uncommitted: 0.
num_chunks_returned_to_freelist: 0.
num_chunks_taken_from_freelist: 1078.
num_chunk_merges: 0.
num_chunk_splits: 650.
num_chunks_enlarged: 357.
num_inconsistent_stats: 0.

CodeHeap 'non-profiled nmethods': size=120000Kb used=2268Kb max_used=2268Kb free=117731Kb
 bounds [0x00000224c0a00000, 0x00000224c0c70000, 0x00000224c7f30000]
CodeHeap 'profiled nmethods': size=120000Kb used=7164Kb max_used=7164Kb free=112835Kb
 bounds [0x00000224b8f30000, 0x00000224b9630000, 0x00000224c0460000]
CodeHeap 'non-nmethods': size=5760Kb used=2207Kb max_used=2225Kb free=3552Kb
 bounds [0x00000224c0460000, 0x00000224c06d0000, 0x00000224c0a00000]
 total_blobs=4976 nmethods=3828 adapters=1052
 compilation: enabled
              stopped_count=0, restarted_count=0
 full_count=0

Compilation events (20 events):
Event: 3.514 Thread 0x00000224d0331630 nmethod 3815 0x00000224c0c33810 code [0x00000224c0c339a0, 0x00000224c0c33a40]
Event: 3.514 Thread 0x00000224d010d410 3810       3       java.lang.invoke.LambdaForm::<init> (53 bytes)
Event: 3.514 Thread 0x00000224d010d410 nmethod 3810 0x00000224b9627610 code [0x00000224b96277c0, 0x00000224b9627aa8]
Event: 3.514 Thread 0x00000224d010d410 3811       3       java.lang.invoke.InvokerBytecodeGenerator$ClassData::<init> (20 bytes)
Event: 3.515 Thread 0x00000224d010d410 nmethod 3811 0x00000224b9627b90 code [0x00000224b9627d40, 0x00000224b9627fd8]
Event: 3.536 Thread 0x0000022516399220 nmethod 3812 0x00000224c0c33b10 code [0x00000224c0c33da0, 0x00000224c0c35210]
Event: 3.894 Thread 0x00000224d010d410 3818       3       java.lang.invoke.LambdaFormEditor$TransformKey::ival (25 bytes)
Event: 3.894 Thread 0x00000224d010d410 nmethod 3818 0x00000224b9628090 code [0x00000224b9628220, 0x00000224b9628320]
Event: 3.895 Thread 0x00000224d0108df0 3819       4       java.util.Calendar::internalSet (8 bytes)
Event: 3.895 Thread 0x00000224d010d410 3820       3       java.util.Calendar::get (10 bytes)
Event: 3.895 Thread 0x00000224d010d410 nmethod 3820 0x00000224b9628390 code [0x00000224b9628540, 0x00000224b96287a8]
Event: 3.895 Thread 0x00000224d010d410 3823       3       org.apache.logging.log4j.core.pattern.SimpleLiteralPatternConverter::format (6 bytes)
Event: 3.895 Thread 0x00000224d010d410 nmethod 3823 0x00000224b9628910 code [0x00000224b9628ac0, 0x00000224b9628c90]
Event: 3.895 Thread 0x00000224d010d410 3824       3       sun.nio.cs.UTF_8::updatePositions (23 bytes)
Event: 3.895 Thread 0x00000224d010d410 nmethod 3824 0x00000224b9628d90 code [0x00000224b9628f80, 0x00000224b96293b8]
Event: 3.895 Thread 0x00000224d0108df0 nmethod 3819 0x00000224c0c36110 code [0x00000224c0c362a0, 0x00000224c0c36378]
Event: 3.895 Thread 0x00000224d0108df0 3821       4       java.lang.ref.Reference::refersTo (6 bytes)
Event: 3.896 Thread 0x00000224d0108df0 nmethod 3821 0x00000224c0c36490 code [0x00000224c0c36620, 0x00000224c0c366d0]
Event: 3.896 Thread 0x00000224d0108df0 3822       4       java.lang.ref.Reference::refersToImpl (6 bytes)
Event: 3.896 Thread 0x00000224d0108df0 nmethod 3822 0x00000224c0c36790 code [0x00000224c0c36920, 0x00000224c0c369b8]

GC Heap History (8 events):
Event: 0.947 GC heap before
{Heap before GC invocations=0 (full 0):
 garbage-first heap   total 262144K, used 26624K [0x0000000701200000, 0x0000000800000000)
  region size 2048K, 11 young (22528K), 0 survivors (0K)
 Metaspace       used 7350K, committed 7616K, reserved 1114112K
  class space    used 769K, committed 896K, reserved 1048576K
}
Event: 0.952 GC heap after
{Heap after GC invocations=1 (full 0):
 garbage-first heap   total 262144K, used 12962K [0x0000000701200000, 0x0000000800000000)
  region size 2048K, 2 young (4096K), 2 survivors (4096K)
 Metaspace       used 7350K, committed 7616K, reserved 1114112K
  class space    used 769K, committed 896K, reserved 1048576K
}
Event: 1.689 GC heap before
{Heap before GC invocations=1 (full 0):
 garbage-first heap   total 262144K, used 41634K [0x0000000701200000, 0x0000000800000000)
  region size 2048K, 15 young (30720K), 2 survivors (4096K)
 Metaspace       used 7853K, committed 8192K, reserved 1114112K
  class space    used 788K, committed 960K, reserved 1048576K
}
Event: 1.698 GC heap after
{Heap after GC invocations=2 (full 0):
 garbage-first heap   total 262144K, used 18553K [0x0000000701200000, 0x0000000800000000)
  region size 2048K, 2 young (4096K), 2 survivors (4096K)
 Metaspace       used 7853K, committed 8192K, reserved 1114112K
  class space    used 788K, committed 960K, reserved 1048576K
}
Event: 1.987 GC heap before
{Heap before GC invocations=2 (full 0):
 garbage-first heap   total 262144K, used 69753K [0x0000000701200000, 0x0000000800000000)
  region size 2048K, 26 young (53248K), 2 survivors (4096K)
 Metaspace       used 8621K, committed 8960K, reserved 1114112K
  class space    used 894K, committed 1088K, reserved 1048576K
}
Event: 1.990 GC heap after
{Heap after GC invocations=3 (full 0):
 garbage-first heap   total 262144K, used 22442K [0x0000000701200000, 0x0000000800000000)
  region size 2048K, 4 young (8192K), 4 survivors (8192K)
 Metaspace       used 8621K, committed 8960K, reserved 1114112K
  class space    used 894K, committed 1088K, reserved 1048576K
}
Event: 3.388 GC heap before
{Heap before GC invocations=3 (full 0):
 garbage-first heap   total 262144K, used 169898K [0x0000000701200000, 0x0000000800000000)
  region size 2048K, 76 young (155648K), 4 survivors (8192K)
 Metaspace       used 17341K, committed 17792K, reserved 1114112K
  class space    used 1997K, committed 2176K, reserved 1048576K
}
Event: 3.394 GC heap after
{Heap after GC invocations=4 (full 0):
 garbage-first heap   total 262144K, used 30979K [0x0000000701200000, 0x0000000800000000)
  region size 2048K, 8 young (16384K), 8 survivors (16384K)
 Metaspace       used 17341K, committed 17792K, reserved 1114112K
  class space    used 1997K, committed 2176K, reserved 1048576K
}

Dll operation events (11 events):
Event: 0.009 Loaded shared library C:\Program Files\Pylo\MCreator\jdk\bin\java.dll
Event: 0.064 Loaded shared library C:\Program Files\Pylo\MCreator\jdk\bin\jsvml.dll
Event: 0.220 Loaded shared library C:\Program Files\Pylo\MCreator\jdk\bin\net.dll
Event: 0.223 Loaded shared library C:\Program Files\Pylo\MCreator\jdk\bin\nio.dll
Event: 0.227 Loaded shared library C:\Program Files\Pylo\MCreator\jdk\bin\zip.dll
Event: 0.283 Loaded shared library C:\Program Files\Pylo\MCreator\jdk\bin\jimage.dll
Event: 0.451 Loaded shared library C:\Program Files\Pylo\MCreator\jdk\bin\management.dll
Event: 0.464 Loaded shared library C:\Program Files\Pylo\MCreator\jdk\bin\management_ext.dll
Event: 0.734 Loaded shared library C:\Program Files\Pylo\MCreator\jdk\bin\extnet.dll
Event: 0.900 Loaded shared library C:\Program Files\Pylo\MCreator\jdk\bin\verify.dll
Event: 3.430 Loaded shared library C:\Users\neryj\AppData\Local\Temp\lwjgl_neryj\3.3.3+5\x64\lwjgl.dll

Deoptimization events (20 events):
Event: 3.482 Thread 0x00000224ae5ab970 DEOPT PACKING pc=0x00000224b90f8a25 sp=0x000000c1da8fd530
Event: 3.482 Thread 0x00000224ae5ab970 DEOPT UNPACKING pc=0x00000224c04b4e42 sp=0x000000c1da8fc9c8 mode 0
Event: 3.482 Thread 0x00000224ae5ab970 DEOPT PACKING pc=0x00000224b90f8a25 sp=0x000000c1da8fd530
Event: 3.482 Thread 0x00000224ae5ab970 DEOPT UNPACKING pc=0x00000224c04b4e42 sp=0x000000c1da8fc9c8 mode 0
Event: 3.482 Thread 0x00000224ae5ab970 DEOPT PACKING pc=0x00000224b90f8a25 sp=0x000000c1da8fd530
Event: 3.482 Thread 0x00000224ae5ab970 DEOPT UNPACKING pc=0x00000224c04b4e42 sp=0x000000c1da8fc9c8 mode 0
Event: 3.482 Thread 0x00000224ae5ab970 DEOPT PACKING pc=0x00000224b90f8a25 sp=0x000000c1da8fd530
Event: 3.482 Thread 0x00000224ae5ab970 DEOPT UNPACKING pc=0x00000224c04b4e42 sp=0x000000c1da8fc9c8 mode 0
Event: 3.482 Thread 0x00000224ae5ab970 DEOPT PACKING pc=0x00000224b90f8a25 sp=0x000000c1da8fd530
Event: 3.482 Thread 0x00000224ae5ab970 DEOPT UNPACKING pc=0x00000224c04b4e42 sp=0x000000c1da8fc9c8 mode 0
Event: 3.482 Thread 0x00000224ae5ab970 DEOPT PACKING pc=0x00000224b90f8a25 sp=0x000000c1da8fd530
Event: 3.482 Thread 0x00000224ae5ab970 DEOPT UNPACKING pc=0x00000224c04b4e42 sp=0x000000c1da8fc9c8 mode 0
Event: 3.483 Thread 0x00000224ae5ab970 DEOPT PACKING pc=0x00000224b90f8a25 sp=0x000000c1da8fd530
Event: 3.483 Thread 0x00000224ae5ab970 DEOPT UNPACKING pc=0x00000224c04b4e42 sp=0x000000c1da8fc9c8 mode 0
Event: 3.483 Thread 0x00000224ae5ab970 DEOPT PACKING pc=0x00000224b90f8a25 sp=0x000000c1da8fd530
Event: 3.483 Thread 0x00000224ae5ab970 DEOPT UNPACKING pc=0x00000224c04b4e42 sp=0x000000c1da8fc9c8 mode 0
Event: 3.483 Thread 0x00000224ae5ab970 DEOPT PACKING pc=0x00000224b90f8a25 sp=0x000000c1da8fd530
Event: 3.483 Thread 0x00000224ae5ab970 DEOPT UNPACKING pc=0x00000224c04b4e42 sp=0x000000c1da8fc9c8 mode 0
Event: 3.483 Thread 0x00000224ae5ab970 DEOPT PACKING pc=0x00000224b90f8a25 sp=0x000000c1da8fd530
Event: 3.483 Thread 0x00000224ae5ab970 DEOPT UNPACKING pc=0x00000224c04b4e42 sp=0x000000c1da8fc9c8 mode 0

Classes loaded (20 events):
Event: 3.431 Loading class jdk/internal/loader/NativeLibraries$Unloader
Event: 3.431 Loading class jdk/internal/loader/NativeLibraries$Unloader done
Event: 3.458 Loading class java/nio/BufferOverflowException
Event: 3.458 Loading class java/nio/BufferOverflowException done
Event: 3.458 Loading class java/nio/ShortBuffer
Event: 3.458 Loading class java/nio/ShortBuffer done
Event: 3.459 Loading class java/nio/DirectShortBufferU
Event: 3.460 Loading class java/nio/DirectShortBufferU done
Event: 3.460 Loading class java/nio/DirectCharBufferU
Event: 3.460 Loading class java/nio/DirectCharBufferU done
Event: 3.460 Loading class java/nio/DirectFloatBufferU
Event: 3.460 Loading class java/nio/DirectFloatBufferU done
Event: 3.460 Loading class java/nio/DirectDoubleBufferU
Event: 3.460 Loading class java/nio/DirectDoubleBufferU done
Event: 3.461 Loading class java/util/function/LongPredicate
Event: 3.461 Loading class java/util/function/LongPredicate done
Event: 3.465 Loading class java/nio/InvalidMarkException
Event: 3.465 Loading class java/nio/InvalidMarkException done
Event: 3.465 Loading class java/nio/BufferUnderflowException
Event: 3.465 Loading class java/nio/BufferUnderflowException done

Classes unloaded (0 events):
No events

Classes redefined (0 events):
No events

Internal exceptions (20 events):
Event: 3.359 Thread 0x00000224ae5ab970 Exception <a 'sun/nio/fs/WindowsException'{0x0000000707a817e8}> (0x0000000707a817e8) 
thrown [s\src\hotspot\share\prims\jni.cpp, line 520]
Event: 3.360 Thread 0x00000224ae5ab970 Exception <a 'sun/nio/fs/WindowsException'{0x0000000707a83000}> (0x0000000707a83000) 
thrown [s\src\hotspot\share\prims\jni.cpp, line 520]
Event: 3.363 Thread 0x00000224ae5ab970 Exception <a 'sun/nio/fs/WindowsException'{0x0000000707a9bfe8}> (0x0000000707a9bfe8) 
thrown [s\src\hotspot\share\prims\jni.cpp, line 520]
Event: 3.363 Thread 0x00000224ae5ab970 Exception <a 'sun/nio/fs/WindowsException'{0x0000000707a9cb48}> (0x0000000707a9cb48) 
thrown [s\src\hotspot\share\prims\jni.cpp, line 520]
Event: 3.363 Thread 0x00000224ae5ab970 Implicit null exception at 0x00000224c0b09df0 to 0x00000224c0b0aa44
Event: 3.367 Thread 0x00000224ae5ab970 Exception <a 'java/lang/NoSuchMethodError'{0x0000000707ac7d20}: 'java.lang.Object java.lang.invoke.DirectMethodHandle$Holder.invokeVirtual(java.lang.Object, java.lang.Object, java.lang.Object)'> (0x0000000707ac7d20) 
thrown [s\src\hotspot\share\interpreter\linkResolver.cpp, line 773]
Event: 3.396 Thread 0x00000224ae5ab970 Exception <a 'java/lang/NoSuchMethodError'{0x000000071100bf90}: 'java.lang.Object java.lang.invoke.DirectMethodHandle$Holder.newInvokeSpecial(java.lang.Object, int, java.lang.Object, java.lang.Object)'> (0x000000071100bf90) 
thrown [s\src\hotspot\share\interpreter\linkResolver.cpp, line 773]
Event: 3.410 Thread 0x00000224ae5ab970 Exception <a 'java/lang/NoSuchMethodError'{0x0000000710e2dcb8}: 'void java.lang.System.load(java.lang.String, java.lang.Class)'> (0x0000000710e2dcb8) 
thrown [s\src\hotspot\share\interpreter\linkResolver.cpp, line 773]
Event: 3.411 Thread 0x00000224ae5ab970 Exception <a 'java/lang/NoSuchMethodError'{0x0000000710e40008}: 'void java.lang.System.loadLibrary(java.lang.String, java.lang.Class)'> (0x0000000710e40008) 
thrown [s\src\hotspot\share\interpreter\linkResolver.cpp, line 773]
Event: 3.428 Thread 0x00000224ae5ab970 Exception <a 'sun/nio/fs/WindowsException'{0x0000000710f93600}> (0x0000000710f93600) 
thrown [s\src\hotspot\share\prims\jni.cpp, line 520]
Event: 3.428 Thread 0x00000224ae5ab970 Exception <a 'sun/nio/fs/WindowsException'{0x0000000710f93950}> (0x0000000710f93950) 
thrown [s\src\hotspot\share\prims\jni.cpp, line 520]
Event: 3.455 Thread 0x00000224ae5ab970 Exception <a 'sun/nio/fs/WindowsException'{0x0000000710d0cd78}> (0x0000000710d0cd78) 
thrown [s\src\hotspot\share\prims\jni.cpp, line 520]
Event: 3.455 Thread 0x00000224ae5ab970 Exception <a 'sun/nio/fs/WindowsException'{0x0000000710d0d0d8}> (0x0000000710d0d0d8) 
thrown [s\src\hotspot\share\prims\jni.cpp, line 520]
Event: 3.462 Thread 0x00000224ae5ab970 Exception <a 'java/lang/NoSuchMethodError'{0x0000000710df0bf8}: 'int java.lang.invoke.DirectMethodHandle$Holder.invokeStaticInit(java.lang.Object, java.lang.Object, int, long)'> (0x0000000710df0bf8) 
thrown [s\src\hotspot\share\interpreter\linkResolver.cpp, line 773]
Event: 3.462 Thread 0x00000224ae5ab970 Exception <a 'java/lang/NoSuchMethodError'{0x0000000710df5e60}: 'java.lang.Object java.lang.invoke.DirectMethodHandle$Holder.newInvokeSpecial(java.lang.Object, java.lang.Object, int)'> (0x0000000710df5e60) 
thrown [s\src\hotspot\share\interpreter\linkResolver.cpp, line 773]
Event: 3.464 Thread 0x00000224ae5ab970 Exception <a 'java/lang/NoSuchMethodError'{0x0000000710a836d0}: 'int java.lang.invoke.DirectMethodHandle$Holder.invokeStaticInit(java.lang.Object, java.lang.Object, long, long)'> (0x0000000710a836d0) 
thrown [s\src\hotspot\share\interpreter\linkResolver.cpp, line 773]
Event: 3.464 Thread 0x00000224ae5ab970 Exception <a 'java/lang/NoSuchMethodError'{0x0000000710a88cc0}: 'java.lang.Object java.lang.invoke.DirectMethodHandle$Holder.newInvokeSpecial(java.lang.Object, java.lang.Object, long)'> (0x0000000710a88cc0) 
thrown [s\src\hotspot\share\interpreter\linkResolver.cpp, line 773]
Event: 3.464 Thread 0x00000224ae5ab970 Exception <a 'java/lang/NoSuchMethodError'{0x0000000710a90520}: 'int java.lang.invoke.DirectMethodHandle$Holder.invokeStaticInit(java.lang.Object, java.lang.Object, java.lang.Object, long)'> (0x0000000710a90520) 
thrown [s\src\hotspot\share\interpreter\linkResolver.cpp, line 773]
Event: 3.903 Thread 0x00000224ae5ab970 Exception <a 'sun/nio/fs/WindowsException'{0x000000071091ed80}> (0x000000071091ed80) 
thrown [s\src\hotspot\share\prims\jni.cpp, line 520]
Event: 3.903 Thread 0x00000224ae5ab970 Exception <a 'sun/nio/fs/WindowsException'{0x000000071091f110}> (0x000000071091f110) 
thrown [s\src\hotspot\share\prims\jni.cpp, line 520]

ZGC Phase Switch (0 events):
No events

VM Operations (20 events):
Event: 2.704 Executing VM operation: HandshakeAllThreads (Deoptimize)
Event: 2.704 Executing VM operation: HandshakeAllThreads (Deoptimize) done
Event: 2.728 Executing VM operation: ICBufferFull
Event: 2.728 Executing VM operation: ICBufferFull done
Event: 2.890 Executing VM operation: HandshakeAllThreads (Deoptimize)
Event: 2.890 Executing VM operation: HandshakeAllThreads (Deoptimize) done
Event: 2.923 Executing VM operation: HandshakeAllThreads (Deoptimize)
Event: 2.923 Executing VM operation: HandshakeAllThreads (Deoptimize) done
Event: 3.218 Executing VM operation: HandshakeAllThreads (Deoptimize)
Event: 3.218 Executing VM operation: HandshakeAllThreads (Deoptimize) done
Event: 3.234 Executing VM operation: HandshakeAllThreads (Deoptimize)
Event: 3.234 Executing VM operation: HandshakeAllThreads (Deoptimize) done
Event: 3.275 Executing VM operation: HandshakeAllThreads (Deoptimize)
Event: 3.275 Executing VM operation: HandshakeAllThreads (Deoptimize) done
Event: 3.296 Executing VM operation: ICBufferFull
Event: 3.296 Executing VM operation: ICBufferFull done
Event: 3.388 Executing VM operation: G1CollectForAllocation (G1 Evacuation Pause)
Event: 3.394 Executing VM operation: G1CollectForAllocation (G1 Evacuation Pause) done
Event: 4.409 Executing VM operation: Cleanup
Event: 4.409 Executing VM operation: Cleanup done

Memory protections (0 events):
No events

Nmethod flushes (0 events):
No events

Events (20 events):
Event: 1.821 Thread 0x00000225161268f0 Thread added: 0x00000225161845b0
Event: 1.833 Thread 0x00000225161845b0 Thread added: 0x000002251774bea0
Event: 2.542 Thread 0x00000224ae5ab970 Thread added: 0x0000022516d1c300
Event: 2.543 Thread 0x0000022516d1c300 Thread added: 0x0000022516d1e3d0
Event: 2.543 Thread 0x0000022516d1c300 Thread added: 0x0000022516d1b5e0
Event: 2.543 Thread 0x0000022516d1e3d0 Thread added: 0x0000022516d1bc70
Event: 2.543 Thread 0x0000022516d1e3d0 Thread added: 0x0000022516d1c990
Event: 2.543 Thread 0x0000022516d1b5e0 Thread added: 0x0000022516d1d6b0
Event: 2.543 Thread 0x0000022516d1b5e0 Thread added: 0x0000022516d1dd40
Event: 2.544 Thread 0x0000022516d1bc70 Thread added: 0x00000225198e16e0
Event: 2.544 Thread 0x0000022516d1c300 Thread added: 0x00000225198e1050
Event: 2.544 Thread 0x0000022516d1b5e0 Thread added: 0x00000225198e09c0
Event: 2.544 Thread 0x0000022516d1c990 Thread added: 0x00000225198def80
Event: 3.168 Thread 0x00000224ae5ab970 Thread added: 0x00000225198e1d70
Event: 3.174 Thread 0x00000225198e1d70 Thread exited: 0x00000225198e1d70
Event: 3.183 Thread 0x00000224ae5ab970 Thread added: 0x00000225198e1d70
Event: 3.186 Thread 0x00000225198e1d70 Thread exited: 0x00000225198e1d70
Event: 3.511 Thread 0x00000224ae5ab970 Thread added: 0x00000225198e1d70
Event: 3.894 Thread 0x0000022516399220 Thread exited: 0x0000022516399220
Event: 3.894 Thread 0x00000224d0331630 Thread exited: 0x00000224d0331630


Dynamic libraries:
0x00007ff7b2dd0000 - 0x00007ff7b2dde000 	C:\Program Files\Pylo\MCreator\jdk\bin\java.exe
0x00007ffa2adc0000 - 0x00007ffa2b027000 	C:\WINDOWS\SYSTEM32\ntdll.dll
0x00007ffa29da0000 - 0x00007ffa29e69000 	C:\WINDOWS\System32\KERNEL32.DLL
0x00007ffa28490000 - 0x00007ffa28880000 	C:\WINDOWS\System32\KERNELBASE.dll
0x00007ffa28a00000 - 0x00007ffa28b4b000 	C:\WINDOWS\System32\ucrtbase.dll
0x00007ffa22f40000 - 0x00007ffa22f5e000 	C:\Program Files\Pylo\MCreator\jdk\bin\VCRUNTIME140.dll
0x00007ffa0d690000 - 0x00007ffa0d6a8000 	C:\Program Files\Pylo\MCreator\jdk\bin\jli.dll
0x00007ffa29640000 - 0x00007ffa29805000 	C:\WINDOWS\System32\USER32.dll
0x00007ffa283d0000 - 0x00007ffa283f7000 	C:\WINDOWS\System32\win32u.dll
0x00007ffa0e500000 - 0x00007ffa0e79a000 	C:\WINDOWS\WinSxS\amd64_microsoft.windows.common-controls_6595b64144ccf1df_6.0.26100.4768_none_3e0c112ce331287c\COMCTL32.dll
0x00007ffa29ec0000 - 0x00007ffa29f69000 	C:\WINDOWS\System32\msvcrt.dll
0x00007ffa29f70000 - 0x00007ffa29f9b000 	C:\WINDOWS\System32\GDI32.dll
0x00007ffa27f90000 - 0x00007ffa280c8000 	C:\WINDOWS\System32\gdi32full.dll
0x00007ffa28890000 - 0x00007ffa28933000 	C:\WINDOWS\System32\msvcp_win.dll
0x00007ffa28bf0000 - 0x00007ffa28c1f000 	C:\WINDOWS\System32\IMM32.DLL
0x00007ffa22e70000 - 0x00007ffa22e7c000 	C:\Program Files\Pylo\MCreator\jdk\bin\vcruntime140_1.dll
0x00007ff9db190000 - 0x00007ff9db21d000 	C:\Program Files\Pylo\MCreator\jdk\bin\msvcp140.dll
0x00007ff97e860000 - 0x00007ff97f5f0000 	C:\Program Files\Pylo\MCreator\jdk\bin\server\jvm.dll
0x00007ffa2a110000 - 0x00007ffa2a1c4000 	C:\WINDOWS\System32\ADVAPI32.dll
0x00007ffa2acc0000 - 0x00007ffa2ad66000 	C:\WINDOWS\System32\sechost.dll
0x00007ffa2a350000 - 0x00007ffa2a468000 	C:\WINDOWS\System32\RPCRT4.dll
0x00007ffa2abc0000 - 0x00007ffa2ac34000 	C:\WINDOWS\System32\WS2_32.dll
0x00007ffa1fe50000 - 0x00007ffa1fe5b000 	C:\WINDOWS\SYSTEM32\VERSION.dll
0x00007ffa27bb0000 - 0x00007ffa27c0e000 	C:\WINDOWS\SYSTEM32\POWRPROF.dll
0x00007ffa189c0000 - 0x00007ffa189f5000 	C:\WINDOWS\SYSTEM32\WINMM.dll
0x00007ffa27b90000 - 0x00007ffa27ba4000 	C:\WINDOWS\SYSTEM32\UMPDC.dll
0x00007ffa26c70000 - 0x00007ffa26c8b000 	C:\WINDOWS\SYSTEM32\kernel.appcore.dll
0x00007ffa22e30000 - 0x00007ffa22e3a000 	C:\Program Files\Pylo\MCreator\jdk\bin\jimage.dll
0x00007ffa17bd0000 - 0x00007ffa17e11000 	C:\WINDOWS\SYSTEM32\DBGHELP.DLL
0x00007ffa29810000 - 0x00007ffa29b95000 	C:\WINDOWS\System32\combase.dll
0x00007ffa2a200000 - 0x00007ffa2a2e0000 	C:\WINDOWS\System32\OLEAUT32.dll
0x00007ffa08860000 - 0x00007ffa088a3000 	C:\WINDOWS\SYSTEM32\dbgcore.DLL
0x00007ffa27ef0000 - 0x00007ffa27f89000 	C:\WINDOWS\System32\bcryptPrimitives.dll
0x00007ff9f9fc0000 - 0x00007ff9f9fdf000 	C:\Program Files\Pylo\MCreator\jdk\bin\java.dll
0x00007ffa2a470000 - 0x00007ffa2abbd000 	C:\WINDOWS\System32\SHELL32.dll
0x00007ffa280d0000 - 0x00007ffa28243000 	C:\WINDOWS\System32\wintypes.dll
0x00007ffa25b10000 - 0x00007ffa26370000 	C:\WINDOWS\SYSTEM32\windows.storage.dll
0x00007ffa29ba0000 - 0x00007ffa29c95000 	C:\WINDOWS\System32\SHCORE.dll
0x00007ffa28c60000 - 0x00007ffa28cca000 	C:\WINDOWS\System32\shlwapi.dll
0x00007ffa27de0000 - 0x00007ffa27e09000 	C:\WINDOWS\SYSTEM32\profapi.dll
0x00007ff9b2030000 - 0x00007ff9b2107000 	C:\Program Files\Pylo\MCreator\jdk\bin\jsvml.dll
0x00007ffa218e0000 - 0x00007ffa218f0000 	C:\Program Files\Pylo\MCreator\jdk\bin\net.dll
0x00007ffa20da0000 - 0x00007ffa20ebe000 	C:\WINDOWS\SYSTEM32\WINHTTP.dll
0x00007ffa27200000 - 0x00007ffa2726b000 	C:\WINDOWS\system32\mswsock.dll
0x00007ff9f7630000 - 0x00007ff9f7646000 	C:\Program Files\Pylo\MCreator\jdk\bin\nio.dll
0x00007ff9df420000 - 0x00007ff9df438000 	C:\Program Files\Pylo\MCreator\jdk\bin\zip.dll
0x00007ffa0d680000 - 0x00007ffa0d68a000 	C:\Program Files\Pylo\MCreator\jdk\bin\management.dll
0x00007ffa0d630000 - 0x00007ffa0d63b000 	C:\Program Files\Pylo\MCreator\jdk\bin\management_ext.dll
0x00007ffa28be0000 - 0x00007ffa28be8000 	C:\WINDOWS\System32\PSAPI.DLL
0x00007ff98e260000 - 0x00007ff98e278000 	C:\WINDOWS\system32\napinsp.dll
0x00007ffa26710000 - 0x00007ffa26836000 	C:\WINDOWS\SYSTEM32\DNSAPI.dll
0x00007ffa26680000 - 0x00007ffa266b3000 	C:\WINDOWS\SYSTEM32\IPHLPAPI.DLL
0x00007ffa2ad70000 - 0x00007ffa2ad7a000 	C:\WINDOWS\System32\NSI.dll
0x00007ff98e280000 - 0x00007ff98e292000 	C:\WINDOWS\System32\winrnr.dll
0x00007ff98e2a0000 - 0x00007ff98e2d0000 	C:\WINDOWS\system32\nlansp_c.dll
0x00007ffa21030000 - 0x00007ffa21050000 	C:\WINDOWS\system32\wshbth.dll
0x00007ffa21020000 - 0x00007ffa2102b000 	C:\Windows\System32\rasadhlp.dll
0x00007ffa1f5f0000 - 0x00007ffa1f676000 	C:\WINDOWS\System32\fwpuclnt.dll
0x00007ffa274c0000 - 0x00007ffa274db000 	C:\WINDOWS\SYSTEM32\CRYPTSP.dll
0x00007ffa26bd0000 - 0x00007ffa26c0b000 	C:\WINDOWS\system32\rsaenh.dll
0x00007ffa272a0000 - 0x00007ffa272cb000 	C:\WINDOWS\SYSTEM32\USERENV.dll
0x00007ffa27e10000 - 0x00007ffa27e36000 	C:\WINDOWS\SYSTEM32\bcrypt.dll
0x00007ffa274e0000 - 0x00007ffa274ec000 	C:\WINDOWS\SYSTEM32\CRYPTBASE.dll
0x00007ffa09bc0000 - 0x00007ffa09bc9000 	C:\Program Files\Pylo\MCreator\jdk\bin\extnet.dll
0x00007ffa0a070000 - 0x00007ffa0a080000 	C:\Program Files\Pylo\MCreator\jdk\bin\verify.dll
0x00007ffa0c000000 - 0x00007ffa0c04e000 	C:\WINDOWS\SYSTEM32\pdh.dll
0x00007ffa0af20000 - 0x00007ffa0af32000 	C:\WINDOWS\System32\perfproc.dll
0x00007ffa0a050000 - 0x00007ffa0a061000 	C:\WINDOWS\System32\perfos.dll
0x00007ffa24ba0000 - 0x00007ffa24bb2000 	C:\WINDOWS\SYSTEM32\pfclient.dll
0x00007ffa015d0000 - 0x00007ffa0164b000 	C:\Users\neryj\AppData\Local\Temp\lwjgl_neryj\3.3.3+5\x64\lwjgl.dll
0x00007ff9d57f0000 - 0x00007ff9d5872000 	C:\Users\neryj\AppData\Local\Temp\lwjgl_neryj\3.3.3+5\x64\glfw.dll
0x00007ff9d5360000 - 0x00007ff9d53ab000 	C:\WINDOWS\SYSTEM32\dinput8.dll
0x00007ffa06580000 - 0x00007ffa06592000 	C:\WINDOWS\SYSTEM32\xinput1_4.dll
0x00007ffa27ad0000 - 0x00007ffa27afd000 	C:\WINDOWS\SYSTEM32\DEVOBJ.dll
0x00007ffa27b00000 - 0x00007ffa27b57000 	C:\WINDOWS\SYSTEM32\cfgmgr32.dll
0x00007ffa25460000 - 0x00007ffa25495000 	C:\WINDOWS\SYSTEM32\dwmapi.dll
0x00007ffa14ff0000 - 0x00007ffa151d2000 	C:\WINDOWS\SYSTEM32\inputhost.dll
0x00007ffa24a70000 - 0x00007ffa24b95000 	C:\WINDOWS\SYSTEM32\CoreMessaging.dll
0x00007ffa25180000 - 0x00007ffa2522f000 	C:\WINDOWS\system32\uxtheme.dll
0x00007ffa29fa0000 - 0x00007ffa2a101000 	C:\WINDOWS\System32\MSCTF.dll
0x00007ff9b1d80000 - 0x00007ff9b1e98000 	C:\WINDOWS\SYSTEM32\opengl32.dll
0x00007ff9cf5b0000 - 0x00007ff9cf5dd000 	C:\WINDOWS\SYSTEM32\GLU32.dll
0x00007ffa252a0000 - 0x00007ffa252ed000 	C:\WINDOWS\SYSTEM32\dxcore.dll
0x00007ffa1afd0000 - 0x00007ffa1afea000 	C:\WINDOWS\SYSTEM32\windows.staterepositorycore.dll
0x00007ff97b1e0000 - 0x00007ff97da76000 	C:\WINDOWS\System32\DriverStore\FileRepository\nv_dispi.inf_amd64_2c61c4d89b199ea8\nvoglv64.dll
0x00007ffa28fc0000 - 0x00007ffa29446000 	C:\WINDOWS\System32\SETUPAPI.dll
0x00007ffa28d80000 - 0x00007ffa28f20000 	C:\WINDOWS\System32\ole32.dll
0x00007ffa25010000 - 0x00007ffa25026000 	C:\WINDOWS\SYSTEM32\WTSAPI32.dll
0x00007ffa27530000 - 0x00007ffa27543000 	C:\WINDOWS\SYSTEM32\msasn1.dll
0x00007ffa1fe10000 - 0x00007ffa1fe4b000 	C:\WINDOWS\SYSTEM32\cryptnet.dll
0x00007ffa28250000 - 0x00007ffa283c7000 	C:\WINDOWS\System32\CRYPT32.dll
0x00007ffa275a0000 - 0x00007ffa2760b000 	C:\WINDOWS\SYSTEM32\wldp.dll
0x00007ffa1fb20000 - 0x00007ffa1fc9c000 	C:\WINDOWS\SYSTEM32\drvstore.dll
0x00007ffa28400000 - 0x00007ffa28484000 	C:\WINDOWS\System32\WINTRUST.dll
0x00007ffa26da0000 - 0x00007ffa26dd6000 	C:\WINDOWS\SYSTEM32\ntmarta.dll
0x00007ffa2a1d0000 - 0x00007ffa2a1f0000 	C:\WINDOWS\System32\imagehlp.dll
0x00007ffa1b280000 - 0x00007ffa1ed32000 	C:\WINDOWS\System32\DriverStore\FileRepository\nv_dispi.inf_amd64_2c61c4d89b199ea8\nvgpucomp64.dll
0x00007ffa27720000 - 0x00007ffa2778a000 	C:\WINDOWS\SYSTEM32\WINSTA.dll
0x00007ff9d3f00000 - 0x00007ff9d4170000 	C:\Users\neryj\AppData\Local\Temp\lwjgl_neryj\3.3.3+5\x64\jemalloc.dll

dbghelp: loaded successfully - version: 4.0.5 - missing functions: none
symbol engine: initialized successfully - sym options: 0x614 - pdb path: .;C:\Program Files\Pylo\MCreator\jdk\bin;C:\WINDOWS\SYSTEM32;C:\WINDOWS\WinSxS\amd64_microsoft.windows.common-controls_6595b64144ccf1df_6.0.26100.4768_none_3e0c112ce331287c;C:\Program Files\Pylo\MCreator\jdk\bin\server;C:\Users\neryj\AppData\Local\Temp\lwjgl_neryj\3.3.3+5\x64;C:\WINDOWS\System32\DriverStore\FileRepository\nv_dispi.inf_amd64_2c61c4d89b199ea8

VM Arguments:
jvm_args: -Dfml.modFolders=mcreator%%C:\Users\neryj\Documents\GitHub\minecraft_limonata\MCreatorWorkspaces\limonata\build\classes\java\main;mcreator%%C:\Users\neryj\Documents\GitHub\minecraft_limonata\MCreatorWorkspaces\limonata\build\resources\main --module-path=C:\\Users\\neryj\\.mcreator\\gradle\\caches\\modules-2\\files-2.1\\net.neoforged\\JarJarFileSystems\\0.4.1\\78f59f89defcd032ed788b151ca6a0d40ace796a\\JarJarFileSystems-0.4.1.jar;C:\\Users\\neryj\\.mcreator\\gradle\\caches\\modules-2\\files-2.1\\cpw.mods\\bootstraplauncher\\2.0.2\\1a2d076cbc33b0520cbacd591224427b2a20047d\\bootstraplauncher-2.0.2.jar;C:\\Users\\neryj\\.mcreator\\gradle\\caches\\modules-2\\files-2.1\\cpw.mods\\securejarhandler\\3.0.8\\c0ef95cecd8699a0449053ac7d9c160748d902cd\\securejarhandler-3.0.8.jar;C:\\Users\\neryj\\.mcreator\\gradle\\caches\\modules-2\\files-2.1\\org.ow2.asm\\asm-commons\\9.7\\e86dda4696d3c185fcc95d8d311904e7ce38a53f\\asm-commons-9.7.jar;C:\\Users\\neryj\\.mcreator\\gradle\\caches\\modules-2\\files-2.1\\org.ow2.asm\\asm-util\\9.7\\c0655519f24d92af2202cb681cd7c1569df6ead6\\asm-util-9.7.jar;C:\\Users\\neryj\\.mcreator\\gradle\\caches\\modules-2\\files-2.1\\org.ow2.asm\\asm-analysis\\9.7\\e4a258b7eb96107106c0599f0061cfc1832fe07a\\asm-analysis-9.7.jar;C:\\Users\\neryj\\.mcreator\\gradle\\caches\\modules-2\\files-2.1\\org.ow2.asm\\asm-tree\\9.7\\e446a17b175bfb733b87c5c2560ccb4e57d69f1a\\asm-tree-9.7.jar;C:\\Users\\neryj\\.mcreator\\gradle\\caches\\modules-2\\files-2.1\\org.ow2.asm\\asm\\9.7\\73d7b3086e14beb604ced229c302feff6449723\\asm-9.7.jar --add-modules=ALL-MODULE-PATH --add-opens=java.base/java.util.jar=cpw.mods.securejarhandler --add-opens=java.base/java.lang.invoke=cpw.mods.securejarhandler --add-exports=java.base/sun.security.util=cpw.mods.securejarhandler --add-exports=jdk.naming.dns/com.sun.jndi.dns=java.naming -Dcom.sun.management.jmxremote.port=1099 -Dcom.sun.management.jmxremote.local.only=true -Dcom.sun.management.jmxremote.ssl=false -Dcom.sun.management.jmxremote.authenticate=false -Dlog4j2.configurationFile=C:\\Users\\neryj\\Documents\\GitHub\\minecraft_limonata\\MCreatorWorkspaces\\limonata\\build\\moddev\\clientLog4j2.xml -Djava.net.preferIPv6Addresses=system -DignoreList=mixinextras-neoforge-0.4.1.jar,client-extra,neoforge- -DlegacyClassPath.file=C:\\Users\\neryj\\Documents\\GitHub\\minecraft_limonata\\MCreatorWorkspaces\\limonata\\build\\moddev\\clientLegacyClasspath.txt -Dneoforge.enableGameTest=true -Dforge.logging.markers=REGISTRIES -Dfile.encoding=UTF-8 -Duser.country=US -Duser.language=en -Duser.variant 
java_command: net.neoforged.devlaunch.Main @C:\\Users\\neryj\\Documents\\GitHub\\minecraft_limonata\\MCreatorWorkspaces\\limonata\\build\\moddev\\clientRunProgramArgs.txt
java_class_path (initial): C:\Users\neryj\Documents\GitHub\minecraft_limonata\MCreatorWorkspaces\limonata\build\classes\java\main;C:\Users\neryj\Documents\GitHub\minecraft_limonata\MCreatorWorkspaces\limonata\build\resources\main;C:\Users\neryj\Documents\GitHub\minecraft_limonata\MCreatorWorkspaces\limonata\build\moddev\artifacts\neoforge-21.1.176.jar;C:\Users\neryj\Documents\GitHub\minecraft_limonata\MCreatorWorkspaces\limonata\build\moddev\artifacts\neoforge-21.1.176-client-extra-aka-minecraft-resources.jar;C:\Users\neryj\.mcreator\gradle\caches\modules-2\files-2.1\net.neoforged\DevLaunch\1.0.2\2e0e9a67793d5bfdedee4f9ea00934dbf3f2e22d\DevLaunch-1.0.2.jar;C:\Users\neryj\.mcreator\gradle\caches\modules-2\files-2.1\net.neoforged.fancymodloader\earlydisplay\4.0.39\4388fd457faa6f04f8858d92ead5f33a354693a0\earlydisplay-4.0.39.jar;C:\Users\neryj\.mcreator\gradle\caches\modules-2\files-2.1\net.neoforged.fancymodloader\loader\4.0.39\3721e43a7254e2861a63ab4a4ce716e4150d2640\loader-4.0.39.jar;C:\Users\neryj\.mcreator\gradle\caches\modules-2\files-2.1\net.neoforged.accesstransformers\at-modlauncher\10.0.1\5aba50202aceead086bc09fbc2751c9f05cb4890\at-modlauncher-10.0.1.jar;C:\Users\neryj\.mcreator\gradle\caches\modules-2\files-2.1\net.neoforged\accesstransformers\10.0.1\fd83b5725f76eae9115e9355fa1c456a6a441400\accesstransformers-10.0.1.jar;C:\Users\neryj\.mcreator\gradle\caches\modules-2\files-2.1\net.neoforged\bus\8.0.2\163c9ef7c4bcca6d850c34e95261b606af91fe06\bus-8.0.2.jar;C:\Users\neryj\.mcreator\gradle\caches\modules-2\files-2.1\net.neoforged\coremods\7.0.3\9147e6f638b4272b3bd5fc8f92ad37802512c6c\coremods-7.0.3.jar;C:\Users\neryj\.mcreator\gradle\caches\modules-2\files-2.1\cpw.mods\modlauncher\11.0.4\6619d4812a3c092310d521ebc4c9503727563df7\modlauncher-11.0.4.jar;C:\Users\neryj\.mcreator\gradle\caches\modules-2\files-2.1\net.neoforged\mergetool\2.0.0\52fe1949be64e3303aabaaa21e315f551db9c9f4\mergetool-2.0.0-api.jar;C:\Users\neryj\.mcreator\gradle\caches\modules-2\files-2.1\com.electronwill.night-config\toml\3.8.2\c128842f759692f613ea6c3ef0ef052273bbb38c\toml-3.8.2.jar;C:\Users\neryj\.mcreator\gradle\caches\modules-2\files-2.1\com.electronwill.night-config\core\3.8.2\94eee571e1524129804d08c75f6416a3be380ad4\core-3.8.2.jar;C:\Users\neryj\.mcreator\gradle\caches\modules-2\files-2.1\net.neoforged\JarJarSelector\0.4.1\fb3cc7a58af22ad2880adb98af6d518128c47dae\JarJarSelector-0.4.1.jar;C:\Users\neryj\.mcreator\gradle\caches\modules-2\files-2.1\net.neoforged\JarJarMetadata\0.4.1\f8da03683dc81694556dc3e177c5e3bb77ae6fcb\JarJarMetadata-0.4.1.jar;C:\Users\neryj\.mcreator\gradle\caches\modules-2\files-2.1\org.apache.maven\maven-artifact\3.8.5\4433f50c07debefaed0553bd0068f4f48d449313\maven-artifact-3.8.5.jar;C:\Users\neryj\.mcreator\gradle\caches\modules-2\files-2.1\net.jodah\typetools\0.6.3\a01aaa6ddaea9ec07ec4f209487b7a46a526283a\typetools-0.6.3.jar;C:\Users\neryj\.mcreator\gradle\caches\modules-2\files-2.1\net.minecrell\terminalconsoleappender\1.3.0\b562e9bb61235c9520e26282cdee71f8f802d1fc\terminalconsoleappender-1.3.0.jar;C:\Users\neryj\.mcreator\gradle\caches\modules-2\files-2.1\net.fabricmc\sponge-mixin\0.15.2+mixin.0.8.7\2af2f021d8e02a0220dc27a7a72b4666d66d44ca\sponge-mixin-0.15.2+mixin.0.8.7.jar;C:\Users\neryj\.mcreator\gradle\caches\modules-2\files-2.1\org.openjdk.nashorn\nashorn-core\15.4\f67f5ffaa5f5130cf6fb9b133da00c7df3b532a5\nashorn-core-15.4.jar;C:\Users\neryj\.mcreator\gradle\caches\modules-2\files-2.1\org.apache.commons\commons-lang3\3.14.0\1ed471194b02f2c6cb734a0cd6f6f107c673afae\commons-lang3-3.14.0.jar;C:\Users\neryj\.mcreator\gradle\caches\modules-2\files-2.1\cpw.mods\bootstraplauncher\2.0.2\1a2d076cbc33b0520cbacd591224427b2a20047d\bootstraplauncher-2.0.2.jar;C:\Users\neryj\.mcreator\gradle\caches\modules-2\files-2.1\cpw.mods\securejarhandler\3.0.8\c0ef95cecd8699a0449053ac7d9c160748d902cd\securejarhandler-3.0.8.jar;C:\Users\neryj\.mcreator\gradle\caches\modules-2\files-2.1\org.ow2.asm\asm-commons\9.7\e86dda4696d3c185fcc95d8d311904e7ce38a53f\asm-commons-9.7.jar;C:\Users\neryj\.mcreator\gradle\caches\modules-2\files-2.1\org.ow2.asm\asm-util\9.7\c0655519f24d92af2202cb681cd7c1569df6ead6\asm-util-9.7.jar;C:\Users\neryj\.mcreator\gradle\caches\modules-2\files-2.1\org.ow2.asm\asm-analysis\9.7\e4a258b7eb96107106c0599f0061cfc1832fe07a\asm-analysis-9.7.jar;C:\Users\neryj\.mcreator\gradle\caches\modules-2\files-2.1\org.ow2.asm\asm-tree\9.7\e446a17b175bfb733b87c5c2560ccb4e57d69f1a\asm-tree-9.7.jar;C:\Users\neryj\.mcreator\gradle\caches\modules-2\files-2.1\org.ow2.asm\asm\9.7\73d7b3086e14beb604ced229c302feff6449723\asm-9.7.jar;C:\Users\neryj\.mcreator\gradle\caches\modules-2\files-2.1\net.neoforged\JarJarFileSystems\0.4.1\78f59f89defcd032ed788b151ca6a0d40ace796a\JarJarFileSystems-0.4.1.jar;C:\Users\neryj\.mcreator\gradle\caches\modules-2\files-2.1\net.sf.jopt-simple\jopt-simple\5.0.4\4fdac2fbe92dfad86aa6e9301736f6b4342a3f5c\jopt-simple-5.0.4.jar;C:\Users\neryj\.mcreator\gradle\caches\modules-2\files-2.1\commons-io\commons-io\2.15.1\f11560da189ab563a5c8e351941415430e9304ea\commons-io-2.15.1.jar;C:\Users\neryj\.mcreator\gradle\caches\modules-2\files-2.1\com.mojang\logging\1.2.7\24cb95ffb0e3433fd6e844c04e68009e504ca1c0\logging-1.2.7.jar;C:\Users\neryj\.mcreator\gradle\caches\modules-2\files-2.1\org.apache.logging.log4j\log4j-slf4j2-impl\2.22.1\d7e6693c2606cb7e7335047d7bb96dec52db5665\log4j-slf4j2-impl-2.22.1.jar;C:\Users\neryj\.mcreator\gradle\caches\modules-2\files-2.1\org.apache.logging.log4j\log4j-core\2.22.1\7183a25510a02ad00cc6a95d3b3d2a7d3c5a8dc4\log4j-core-2.22.1.jar;C:\Users\neryj\.mcreator\gradle\caches\modules-2\files-2.1\org.apache.logging.log4j\log4j-api\2.22.1\bea6fede6328fabafd7e68363161a7ea6605abd1\log4j-api-2.22.1.jar;C:\Users\neryj\.mcreator\gradle\caches\modules-2\files-2.1\com.google.guava\guava\32.1.2-jre\5e64ec7e056456bef3a4bc4c6fdaef71e8ab6318\guava-32.1.2-jre.jar;C:\Users\neryj\.mcreator\gradle\caches\modules-2\files-2.1\com.google.code.gson\gson\2.10.1\b3add478d4382b78ea20b1671390a858002feb6c\gson-2.10.1.jar;C:\Users\neryj\.mcreator\gradle\caches\modules-2\files-2.1\org.slf4j\slf4j-api\2.0.9\7cf2726fdcfbc8610f9a71fb3ed639871f315340\slf4j-api-2.0.9.jar;C:\Users\neryj\.mcreator\gradle\caches\modules-2\files-2.1\org.antlr\antlr4-runtime\4.13.1\17125bae1d965624e265ef49552f6465a2bfa307\antlr4-runtime-4.13.1.jar;C:\Users\neryj\.mcreator\gradle\caches\modules-2\files-2.1\net.minecraftforge\srgutils\0.4.15\ca408b131759478f164e010fae0d73997e125fb5\srgutils-0.4.15.jar;C:\Users\neryj\.mcreator\gradle\caches\modules-2\files-2.1\org.codehaus.plexus\plexus-utils\3.3.0\cf43b5391de623b36fe066a21127baef82c64022\plexus-utils-3.3.0.jar;C:\Users\neryj\.mcreator\gradle\caches\modules-2\files-2.1\org.jline\jline-reader\3.20.0\8f15415b022a25b473e8e16c28ae913186ffb9c4\jline-reader-3.20.0.jar;C:\Users\neryj\.mcreator\gradle\caches\modules-2\files-2.1\com.machinezoo.noexception\noexception\1.7.1\b65330c98e38a1f915fa54a6e5eca496505e3f0a\noexception-1.7.1.jar;C:\Users\neryj\.mcreator\gradle\caches\modules-2\files-2.1\com.github.oshi\oshi-core\6.4.10\b1d8ab82d11d92fd639b56d639f8f46f739dd5fa\oshi-core-6.4.10.jar;C:\Users\neryj\.mcreator\gradle\caches\modules-2\files-2.1\com.google.guava\failureaccess\1.0.1\1dcf1de382a0bf95a3d8b0849546c88bac1292c9\failureaccess-1.0.1.jar;C:\Users\neryj\.mcreator\gradle\caches\modules-2\files-2.1\com.ibm.icu\icu4j\73.2\61ad4ef7f9131fcf6d25c34b817f90d6da06c9e9\icu4j-73.2.jar;C:\Users\neryj\.mcreator\gradle\caches\modules-2\files-2.1\com.mojang\authlib\6.0.54\de8bc95660e1b2fe8793fd427a7a10dcec5b3ea7\authlib-6.0.54.jar;C:\Users\neryj\.mcreator\gradle\caches\modules-2\files-2.1\com.mojang\blocklist\1.0.10\5c685c5ffa94c4cd39496c7184c1d122e515ecef\blocklist-1.0.10.jar;C:\Users\neryj\.mcreator\gradle\caches\modules-2\files-2.1\com.mojang\brigadier\1.3.10\d15b53a14cf20fdcaa98f731af5dda654452c010\brigadier-1.3.10.jar;C:\Users\neryj\.mcreator\gradle\caches\modules-2\files-2.1\com.mojang\datafixerupper\8.0.16\67d4de6d7f95d89bcf5862995fb854ebaec02a34\datafixerupper-8.0.16.jar;C:\Users\neryj\.mcreator\gradle\caches\modules-2\files-2.1\com.mojang\patchy\2.2.10\da05971b07cbb379d002cf7eaec6a2048211fefc\patchy-2.2.10.jar;C:\Users\neryj\.mcreator\gradle\caches\modules-2\files-2.1\com.mojang\text2speech\1.17.9\3cad216e3a7f0c19b4b394388bc9ffc446f13b14\text2speech-1.17.9.jar;C:\Users\neryj\.mcreator\gradle\caches\modules-2\files-2.1\commons-codec\commons-codec\1.16.0\4e3eb3d79888d76b54e28b350915b5dc3919c9de\commons-codec-1.16.0.jar;C:\Users\neryj\.mcreator\gradle\caches\modules-2\files-2.1\commons-logging\commons-logging\1.2\4bfc12adfe4842bf07b657f0369c4cb522955686\commons-logging-1.2.jar;C:\Users\neryj\.mcreator\gradle\caches\modules-2\files-2.1\io.netty\netty-buffer\4.1.97.Final\f8f3d8644afa5e6e1a40a3a6aeb9d9aa970ecb4f\netty-buffer-4.1.97.Final.jar;C:\Users\neryj\.mcreator\gradle\caches\modules-2\files-2.1\io.netty\netty-codec\4.1.97.Final\384ba4d75670befbedb45c4d3b497a93639c206d\netty-codec-4.1.97.Final.jar;C:\Users\neryj\.mcreator\gradle\caches\modules-2\files-2.1\io.netty\netty-common\4.1.97.Final\7cceacaf11df8dc63f23d0fb58e9d4640fc88404\netty-common-4.1.97.Final.jar;C:\Users\neryj\.mcreator\gradle\caches\modules-2\files-2.1\io.netty\netty-handler\4.1.97.Final\abb86c6906bf512bf2b797a41cd7d2e8d3cd7c36\netty-handler-4.1.97.Final.jar;C:\Users\neryj\.mcreator\gradle\caches\modules-2\files-2.1\io.netty\netty-resolver\4.1.97.Final\cec8348108dc76c47cf87c669d514be52c922144\netty-resolver-4.1.97.Final.jar;C:\Users\neryj\.mcreator\gradle\caches\modules-2\files-2.1\io.netty\netty-transport-classes-epoll\4.1.97.Final\795da37ded759e862457a82d9d92c4d39ce8ecee\netty-transport-classes-epoll-4.1.97.Final.jar;C:\Users\neryj\.mcreator\gradle\caches\modules-2\files-2.1\io.netty\netty-transport-native-unix-common\4.1.97.Final\d469d84265ab70095b01b40886cabdd433b6e664\netty-transport-native-unix-common-4.1.97.Final.jar;C:\Users\neryj\.mcreator\gradle\caches\modules-2\files-2.1\io.netty\netty-transport\4.1.97.Final\f37380d23c9bb079bc702910833b2fd532c9abd0\netty-transport-4.1.97.Final.jar;C:\Users\neryj\.mcreator\gradle\caches\modules-2\files-2.1\it.unimi.dsi\fastutil\8.5.12\c24946d46824bd528054bface3231d2ecb7e95e8\fastutil-8.5.12.jar;C:\Users\neryj\.mcreator\gradle\caches\modules-2\files-2.1\net.java.dev.jna\jna-platform\5.14.0\28934d48aed814f11e4c584da55c49fa7032b31b\jna-platform-5.14.0.jar;C:\Users\neryj\.mcreator\gradle\caches\modules-2\files-2.1\net.java.dev.jna\jna\5.14.0\67bf3eaea4f0718cb376a181a629e5f88fa1c9dd\jna-5.14.0.jar;C:\Users\neryj\.mcreator\gradle\caches\modules-2\files-2.1\org.apache.commons\commons-compress\1.26.0\659feffdd12280201c8aacb8f7be94f9a883c824\commons-compress-1.26.0.jar;C:\Users\neryj\.mcreator\gradle\caches\modules-2\files-2.1\org.apache.httpcomponents\httpclient\4.5.13\e5f6cae5ca7ecaac1ec2827a9e2d65ae2869cada\httpclient-4.5.13.jar;C:\Users\neryj\.mcreator\gradle\caches\modules-2\files-2.1\org.apache.httpcomponents\httpcore\4.4.16\51cf043c87253c9f58b539c9f7e44c8894223850\httpcore-4.4.16.jar;C:\Users\neryj\.mcreator\gradle\caches\modules-2\files-2.1\org.jcraft\jorbis\0.0.17\8872d22b293e8f5d7d56ff92be966e6dc28ebdc6\jorbis-0.0.17.jar;C:\Users\neryj\.mcreator\gradle\caches\modules-2\files-2.1\org.joml\joml\1.10.5\22566d58af70ad3d72308bab63b8339906deb649\joml-1.10.5.jar;C:\Users\neryj\.mcreator\gradle\caches\modules-2\files-2.1\org.lwjgl\lwjgl-freetype\3.3.3\a0db6c84a8becc8ca05f9dbfa985edc348a824c7\lwjgl-freetype-3.3.3.jar;C:\Users\neryj\.mcreator\gradle\caches\modules-2\files-2.1\org.lwjgl\lwjgl-freetype\3.3.3\81091b006dbb43fab04c8c638e9ac87c51b4096d\lwjgl-freetype-3.3.3-natives-windows.jar;C:\Users\neryj\.mcreator\gradle\caches\modules-2\files-2.1\org.lwjgl\lwjgl-freetype\3.3.3\82028265a0a2ff33523ca75137ada7dc176e5210\lwjgl-freetype-3.3.3-natives-windows-arm64.jar;C:\Users\neryj\.mcreator\gradle\caches\modules-2\files-2.1\org.lwjgl\lwjgl-freetype\3.3.3\15a8c1de7f51d07a92eae7ce1222557073a0c0c3\lwjgl-freetype-3.3.3-natives-windows-x86.jar;C:\Users\neryj\.mcreator\gradle\caches\modules-2\files-2.1\org.lwjgl\lwjgl-glfw\3.3.3\efa1eb78c5ccd840e9f329717109b5e892d72f8e\lwjgl-glfw-3.3.3.jar;C:\Users\neryj\.mcreator\gradle\caches\modules-2\files-2.1\org.lwjgl\lwjgl-glfw\3.3.3\e449e28b4891fc423c54c85fbc5bb0b9efece67a\lwjgl-glfw-3.3.3-natives-windows.jar;C:\Users\neryj\.mcreator\gradle\caches\modules-2\files-2.1\org.lwjgl\lwjgl-glfw\3.3.3\f27018dc74f6289574502b46cce55d52817554e2\lwjgl-glfw-3.3.3-natives-windows-arm64.jar;C:\Users\neryj\.mcreator\gradle\caches\modules-2\files-2.1\org.lwjgl\lwjgl-glfw\3.3.3\32334f3fd5270a59bad9939a93115acb6de36dcf\lwjgl-glfw-3.3.3-natives-windows-x86.jar;C:\Users\neryj\.mcreator\gradle\caches\modules-2\files-2.1\org.lwjgl\lwjgl-jemalloc\3.3.3\b543467b7ff3c6920539a88ee602d34098628be5\lwjgl-jemalloc-3.3.3.jar;C:\Users\neryj\.mcreator\gradle\caches\modules-2\files-2.1\org.lwjgl\lwjgl-jemalloc\3.3.3\426222fc027602a5f21b9c0fe79cde6a4c7a011f\lwjgl-jemalloc-3.3.3-natives-windows.jar;C:\Users\neryj\.mcreator\gradle\caches\modules-2\files-2.1\org.lwjgl\lwjgl-jemalloc\3.3.3\ba1f3fed0ee4be0217eaa41c5bbfb4b9b1383c33\lwjgl-jemalloc-3.3.3-natives-windows-arm64.jar;C:\Users\neryj\.mcreator\gradle\caches\modules-2\files-2.1\org.lwjgl\lwjgl-jemalloc\3.3.3\f6063b6e0f23be483c5c88d84ce51b39dc69126c\lwjgl-jemalloc-3.3.3-natives-windows-x86.jar;C:\Users\neryj\.mcreator\gradle\caches\modules-2\files-2.1\org.lwjgl\lwjgl-openal\3.3.3\daada81ceb5fc0c291fbfdd4433cb8d9423577f2\lwjgl-openal-3.3.3.jar;C:\Users\neryj\.mcreator\gradle\caches\modules-2\files-2.1\org.lwjgl\lwjgl-openal\3.3.3\cf83862ae95d98496b26915024c7e666d8ab1c8f\lwjgl-openal-3.3.3-natives-windows.jar;C:\Users\neryj\.mcreator\gradle\caches\modules-2\files-2.1\org.lwjgl\lwjgl-openal\3.3.3\8e0615235116b9e4160dfe87bec90f5f6378bf72\lwjgl-openal-3.3.3-natives-windows-arm64.jar;C:\Users\neryj\.mcreator\gradle\caches\modules-2\files-2.1\org.lwjgl\lwjgl-openal\3.3.3\87b8d5050e3adb46bb58fe1cb2669a4a48fce10d\lwjgl-openal-3.3.3-natives-windows-x86.jar;C:\Users\neryj\.mcreator\gradle\caches\modules-2\files-2.1\org.lwjgl\lwjgl-opengl\3.3.3\2f6b0147078396a58979125a4c947664e98293a\lwjgl-opengl-3.3.3.jar;C:\Users\neryj\.mcreator\gradle\caches\modules-2\files-2.1\org.lwjgl\lwjgl-opengl\3.3.3\e6c1eec8be8a71951b830a4d69efc01c6531900c\lwjgl-opengl-3.3.3-natives-windows.jar;C:\Users\neryj\.mcreator\gradle\caches\modules-2\files-2.1\org.lwjgl\lwjgl-opengl\3.3.3\65e956d3735a1abdc82eff4baec1b61174697d4b\lwjgl-opengl-3.3.3-natives-windows-arm64.jar;C:\Users\neryj\.mcreator\gradle\caches\modules-2\files-2.1\org.lwjgl\lwjgl-opengl\3.3.3\d32d833dcaa2f355a886eaf21f0408b5f03241d\lwjgl-opengl-3.3.3-natives-windows-x86.jar;C:\Users\neryj\.mcreator\gradle\caches\modules-2\files-2.1\org.lwjgl\lwjgl-stb\3.3.3\25dd6161988d7e65f71d5065c99902402ee32746\lwjgl-stb-3.3.3.jar;C:\Users\neryj\.mcreator\gradle\caches\modules-2\files-2.1\org.lwjgl\lwjgl-stb\3.3.3\1d9facdf6541de114b0f963be33505b7679c78cb\lwjgl-stb-3.3.3-natives-windows.jar;C:\Users\neryj\.mcreator\gradle\caches\modules-2\files-2.1\org.lwjgl\lwjgl-stb\3.3.3\a584ab44de569708871f0a79561f4d8c37487f2c\lwjgl-stb-3.3.3-natives-windows-arm64.jar;C:\Users\neryj\.mcreator\gradle\caches\modules-2\files-2.1\org.lwjgl\lwjgl-stb\3.3.3\b5c874687b9aac1a936501d4ed2c49567fd1b575\lwjgl-stb-3.3.3-natives-windows-x86.jar;C:\Users\neryj\.mcreator\gradle\caches\modules-2\files-2.1\org.lwjgl\lwjgl-tinyfd\3.3.3\82d755ca94b102e9ca77283b9e2dc46d1b15fbe5\lwjgl-tinyfd-3.3.3.jar;C:\Users\neryj\.mcreator\gradle\caches\modules-2\files-2.1\org.lwjgl\lwjgl-tinyfd\3.3.3\a6697981b0449a5087c1d546fc08b4f73e8f98c9\lwjgl-tinyfd-3.3.3-natives-windows.jar;C:\Users\neryj\.mcreator\gradle\caches\modules-2\files-2.1\org.lwjgl\lwjgl-tinyfd\3.3.3\a88c494f3006eb91a7433b12a3a55a9a6c20788b\lwjgl-tinyfd-3.3.3-natives-windows-arm64.jar;C:\Users\neryj\.mcreator\gradle\caches\modules-2\files-2.1\org.lwjgl\lwjgl-tinyfd\3.3.3\c336c84ee88cccb495c6ffa112395509e7378e8a\lwjgl-tinyfd-3.3.3-natives-windows-x86.jar;C:\Users\neryj\.mcreator\gradle\caches\modules-2\files-2.1\org.lwjgl\lwjgl\3.3.3\29589b5f87ed335a6c7e7ee6a5775f81f97ecb84\lwjgl-3.3.3.jar;C:\Users\neryj\.mcreator\gradle\caches\modules-2\files-2.1\org.lwjgl\lwjgl\3.3.3\a5ed18a2b82fc91b81f40d717cb1f64c9dcb0540\lwjgl-3.3.3-natives-windows.jar;C:\Users\neryj\.mcreator\gradle\caches\modules-2\files-2.1\org.lwjgl\lwjgl\3.3.3\e9aca8c5479b520a2a7f0d542a118140e812c5e8\lwjgl-3.3.3-natives-windows-arm64.jar;C:\Users\neryj\.mcreator\gradle\caches\modules-2\files-2.1\org.lwjgl\lwjgl\3.3.3\9e670718e050aeaeea0c2d5b907cffb142f2e58f\lwjgl-3.3.3-natives-windows-x86.jar;C:\Users\neryj\.mcreator\gradle\caches\modules-2\files-2.1\org.lz4\lz4-java\1.8.0\4b986a99445e49ea5fbf5d149c4b63f6ed6c6780\lz4-java-1.8.0.jar;C:\Users\neryj\.mcreator\gradle\caches\modules-2\files-2.1\org.jline\jline-terminal\3.20.0\d0ddcc708ddf527a3454c941b7b9225cc83a15ff\jline-terminal-3.20.0.jar;C:\Users\neryj\.mcreator\gradle\caches\modules-2\files-2.1\com.google.guava\listenablefuture\9999.0-empty-to-avoid-conflict-with-guava\b421526c5f297295adef1c886e5246c39d4ac629\listenablefuture-9999.0-empty-to-avoid-conflict-with-guava.jar;C:\Users\neryj\.mcreator\gradle\caches\modules-2\files-2.1\com.google.code.findbugs\jsr305\3.0.2\25ea2e8b0c338a877313bd4672d3fe056ea78f0d\jsr305-3.0.2.jar;C:\Users\neryj\.mcreator\gradle\caches\modules-2\files-2.1\org.checkerframework\checker-qual\3.33.0\de2b60b62da487644fc11f734e73c8b0b431238f\checker-qual-3.33.0.jar;C:\Users\neryj\.mcreator\gradle\caches\modules-2\files-2.1\com.google.errorprone\error_prone_annotations\2.18.0\89b684257096f548fa39a7df9fdaa409d4d4df91\error_prone_annotations-2.18.0.jar;C:\Users\neryj\.mcreator\gradle\caches\modules-2\files-2.1\com.google.j2objc\j2objc-annotations\2.8\c85270e307e7b822f1086b93689124b89768e273\j2objc-annotations-2.8.jar
Launcher Type: SUN_STANDARD

[Global flags]
     intx CICompilerCount                          = 4                                         {product} {ergonomic}
     uint ConcGCThreads                            = 3                                         {product} {ergonomic}
     uint G1ConcRefinementThreads                  = 10                                        {product} {ergonomic}
   size_t G1HeapRegionSize                         = 2097152                                   {product} {ergonomic}
    uintx GCDrainStackTargetSize                   = 64                                        {product} {ergonomic}
   size_t InitialHeapSize                          = 268435456                                 {product} {ergonomic}
     bool ManagementServer                         = true                                      {product} {command line}
   size_t MarkStackSize                            = 4194304                                   {product} {ergonomic}
   size_t MaxHeapSize                              = 4276092928                                {product} {ergonomic}
   size_t MaxNewSize                               = 2564816896                                {product} {ergonomic}
   size_t MinHeapDeltaBytes                        = 2097152                                   {product} {ergonomic}
   size_t MinHeapSize                              = 8388608                                   {product} {ergonomic}
    uintx NonNMethodCodeHeapSize                   = 5839372                                {pd product} {ergonomic}
    uintx NonProfiledCodeHeapSize                  = 122909434                              {pd product} {ergonomic}
    uintx ProfiledCodeHeapSize                     = 122909434                              {pd product} {ergonomic}
    uintx ReservedCodeCacheSize                    = 251658240                              {pd product} {ergonomic}
     bool SegmentedCodeCache                       = true                                      {product} {ergonomic}
   size_t SoftMaxHeapSize                          = 4276092928                             {manageable} {ergonomic}
     bool UseCompressedOops                        = true                           {product lp64_product} {ergonomic}
     bool UseG1GC                                  = true                                      {product} {ergonomic}
     bool UseLargePagesIndividualAllocation        = false                                  {pd product} {ergonomic}

Logging:
Log output configuration:
 #0: stdout all=warning uptime,level,tags foldmultilines=false
 #1: stderr all=off uptime,level,tags foldmultilines=false

Environment Variables:
JAVA_HOME=C:\Program Files\Pylo\MCreator\jdk
PATH=C:\WINDOWS\system32;C:\WINDOWS;C:\WINDOWS\System32\Wbem;C:\WINDOWS\System32\WindowsPowerShell\v1.0\;C:\WINDOWS\System32\OpenSSH\;C:\Program Files\Microsoft VS Code\bin;C:\Program Files (x86)\NVIDIA Corporation\PhysX\Common;C:\Program Files\dotnet\;C:\Users\neryj\AppData\Local\Microsoft\WindowsApps;C:\Users\neryj\AppData\Local\GitHubDesktop\bin;C:\Users\neryj\.dotnet\tools;C:\Program Files\Pylo\MCreator\jdk\bin
USERNAME=neryj
OS=Windows_NT
PROCESSOR_IDENTIFIER=AMD64 Family 25 Model 33 Stepping 2, AuthenticAMD
TMP=C:\Users\neryj\AppData\Local\Temp
TEMP=C:\Users\neryj\AppData\Local\Temp




Periodic native trim disabled

---------------  S Y S T E M  ---------------

OS:
 Windows 11 , 64 bit Build 26100 (10.0.26100.4768)
OS uptime: 0 days 1:20 hours

CPU: total 12 (initial active 12) (12 cores per cpu, 2 threads per core) family 25 model 33 stepping 2 microcode 0xa201210, cx8, cmov, fxsr, ht, mmx, 3dnowpref, sse, sse2, sse3, ssse3, sse4a, sse4.1, sse4.2, popcnt, lzcnt, tsc, tscinvbit, avx, avx2, aes, erms, clmul, bmi1, bmi2, adx, sha, fma, vzeroupper, clflush, clflushopt, rdtscp, rdpid, fsrm, f16c, pku, cet_ss
Processor Information for the first 12 processors :
  Max Mhz: 3501, Current Mhz: 3501, Mhz Limit: 3501

Memory: 4k page, system-wide physical 16307M (3366M free)
TotalPageFile size 20403M (AvailPageFile size 9M)
current process WorkingSet (physical memory assigned to process): 338M, peak: 338M
current process commit charge ("private bytes"): 504M, peak: 504M

vm_info: OpenJDK 64-Bit Server VM (21.0.7+6-LTS) for windows-amd64 JRE (21.0.7+6-LTS), built on 2025-04-15T00:00:00Z by "admin" with MS VC++ 17.7 (VS2022)

END.
